{"run": "run-d23854dc4f8c4a7d948740f2bda14b46", "temporary_directory": "/workspace/scratch/0190a8c72f8a/aperture-tmp/run-d23854dc4f8c4a7d948740f2bda14b46"}
{
  "syntheticDevice": true,
  "realEngineReportLogic": true,
  "nativeGpu": false,
  "report": {
    "ok": true,
    "frame": 0,
    "renderChangeSet": {
      "previousFrame": null,
      "frame": 0,
      "views": {
        "changed": 1,
        "unchanged": 0,
        "removed": 0
      },
      "meshDraws": {
        "changed": 65,
        "unchanged": 0,
        "removed": 0
      },
      "shadowCasterDraws": {
        "changed": 65,
        "unchanged": 0,
        "removed": 0
      },
      "lights": {
        "changed": 4,
        "unchanged": 0,
        "removed": 0
      },
      "environments": {
        "changed": 0,
        "unchanged": 0,
        "removed": 0
      },
      "proceduralSkies": {
        "changed": 0,
        "unchanged": 0,
        "removed": 0
      },
      "runtimeUniforms": {
        "changed": 0,
        "unchanged": 0,
        "removed": 0
      },
      "shadowRequests": {
        "changed": 1,
        "unchanged": 0,
        "removed": 0
      },
      "bounds": {
        "changed": 130,
        "unchanged": 0,
        "removed": 0
      },
      "total": {
        "changed": 266,
        "unchanged": 0,
        "removed": 0
      },
      "unchangedMeshDrawRenderIds": []
    },
    "renderUpdateSchedule": {
      "previousFrame": null,
      "frame": 0,
      "fullRefresh": true,
      "incremental": false,
      "families": [
        {
          "family": "views",
          "action": "refresh",
          "changed": 1,
          "unchanged": 0,
          "removed": 0,
          "refreshes": 1,
          "reuses": 0,
          "removals": 0,
          "packetWork": 1
        },
        {
          "family": "meshDraws",
          "action": "refresh",
          "changed": 65,
          "unchanged": 0,
          "removed": 0,
          "refreshes": 65,
          "reuses": 0,
          "removals": 0,
          "packetWork": 65
        },
        {
          "family": "shadowCasterDraws",
          "action": "refresh",
          "changed": 65,
          "unchanged": 0,
          "removed": 0,
          "refreshes": 65,
          "reuses": 0,
          "removals": 0,
          "packetWork": 65
        },
        {
          "family": "lights",
          "action": "refresh",
          "changed": 4,
          "unchanged": 0,
          "removed": 0,
          "refreshes": 4,
          "reuses": 0,
          "removals": 0,
          "packetWork": 4
        },
        {
          "family": "environments",
          "action": "skip",
          "changed": 0,
          "unchanged": 0,
          "removed": 0,
          "refreshes": 0,
          "reuses": 0,
          "removals": 0,
          "packetWork": 0
        },
        {
          "family": "proceduralSkies",
          "action": "skip",
          "changed": 0,
          "unchanged": 0,
          "removed": 0,
          "refreshes": 0,
          "reuses": 0,
          "removals": 0,
          "packetWork": 0
        },
        {
          "family": "runtimeUniforms",
          "action": "skip",
          "changed": 0,
          "unchanged": 0,
          "removed": 0,
          "refreshes": 0,
          "reuses": 0,
          "removals": 0,
          "packetWork": 0
        },
        {
          "family": "shadowRequests",
          "action": "refresh",
          "changed": 1,
          "unchanged": 0,
          "removed": 0,
          "refreshes": 1,
          "reuses": 0,
          "removals": 0,
          "packetWork": 1
        },
        {
          "family": "bounds",
          "action": "refresh",
          "changed": 130,
          "unchanged": 0,
          "removed": 0,
          "refreshes": 130,
          "reuses": 0,
          "removals": 0,
          "packetWork": 130
        }
      ],
      "byFamily": {
        "views": {
          "family": "views",
          "action": "refresh",
          "changed": 1,
          "unchanged": 0,
          "removed": 0,
          "refreshes": 1,
          "reuses": 0,
          "removals": 0,
          "packetWork": 1
        },
        "meshDraws": {
          "family": "meshDraws",
          "action": "refresh",
          "changed": 65,
          "unchanged": 0,
          "removed": 0,
          "refreshes": 65,
          "reuses": 0,
          "removals": 0,
          "packetWork": 65
        },
        "shadowCasterDraws": {
          "family": "shadowCasterDraws",
          "action": "refresh",
          "changed": 65,
          "unchanged": 0,
          "removed": 0,
          "refreshes": 65,
          "reuses": 0,
          "removals": 0,
          "packetWork": 65
        },
        "lights": {
          "family": "lights",
          "action": "refresh",
          "changed": 4,
          "unchanged": 0,
          "removed": 0,
          "refreshes": 4,
          "reuses": 0,
          "removals": 0,
          "packetWork": 4
        },
        "environments": {
          "family": "environments",
          "action": "skip",
          "changed": 0,
          "unchanged": 0,
          "removed": 0,
          "refreshes": 0,
          "reuses": 0,
          "removals": 0,
          "packetWork": 0
        },
        "proceduralSkies": {
          "family": "proceduralSkies",
          "action": "skip",
          "changed": 0,
          "unchanged": 0,
          "removed": 0,
          "refreshes": 0,
          "reuses": 0,
          "removals": 0,
          "packetWork": 0
        },
        "runtimeUniforms": {
          "family": "runtimeUniforms",
          "action": "skip",
          "changed": 0,
          "unchanged": 0,
          "removed": 0,
          "refreshes": 0,
          "reuses": 0,
          "removals": 0,
          "packetWork": 0
        },
        "shadowRequests": {
          "family": "shadowRequests",
          "action": "refresh",
          "changed": 1,
          "unchanged": 0,
          "removed": 0,
          "refreshes": 1,
          "reuses": 0,
          "removals": 0,
          "packetWork": 1
        },
        "bounds": {
          "family": "bounds",
          "action": "refresh",
          "changed": 130,
          "unchanged": 0,
          "removed": 0,
          "refreshes": 130,
          "reuses": 0,
          "removals": 0,
          "packetWork": 130
        }
      },
      "total": {
        "families": 9,
        "refreshFamilies": 6,
        "reuseFamilies": 0,
        "removeFamilies": 0,
        "mixedFamilies": 0,
        "skipFamilies": 3,
        "packetRefreshes": 266,
        "packetReuses": 0,
        "packetRemovals": 0,
        "packetWork": 266
      }
    },
    "counts": {
      "views": 1,
      "meshDraws": 65,
      "shadowCasterDraws": 65,
      "spriteDraws": 0,
      "particleEmitters": 0,
      "quadInstances": 0,
      "quadBatches": 0,
      "uiNodes": 0,
      "uiHitRegions": 0,
      "skyboxes": 0,
      "proceduralSkies": 0,
      "runtimeUniforms": 0,
      "fogs": 0,
      "drawPackages": 65,
      "drawCommands": 239,
      "drawCalls": 78,
      "diagnostics": 0
    },
    "diagnostics": [],
    "lightingHealth": {
      "output": {
        "tonemap": "agx",
        "exposure": 1,
        "hdr": true,
        "colorSpace": "srgb"
      },
      "lighting": {
        "ambient": 1,
        "directional": 1,
        "point": 1,
        "spot": 0,
        "area": 1,
        "environment": 0,
        "diffuseIblReady": false,
        "specularIblReady": false,
        "diffuseIblActive": false,
        "specularIblActive": false,
        "environmentPreparationStatus": "not-requested"
      },
      "materials": {
        "visible": 65,
        "highMetallic": 0,
        "highMetallicWithoutIbl": 0,
        "maximumMetallicFactor": 0,
        "unresolved": 0
      },
      "warnings": []
    },
    "diagnosticsSummary": {
      "sectionCount": 6,
      "materialQueue": {
        "itemCount": 65,
        "byPhase": [
          {
            "phase": "opaque",
            "itemCount": 65
          }
        ],
        "byFamily": [
          {
            "family": "standard",
            "itemCount": 65
          }
        ],
        "byPhaseAndFamily": [
          {
            "phase": "opaque",
            "family": "standard",
            "itemCount": 65
          }
        ]
      },
      "routedResourceSet": {
        "itemCount": 65,
        "byFamily": [
          {
            "family": "standard",
            "itemCount": 65
          }
        ],
        "byPipeline": [
          {
            "pipelineKey": "standard|shadowMap|opaque|back|less|none",
            "itemCount": 65
          }
        ],
        "byFamilyAndPipeline": [
          {
            "family": "standard",
            "pipelineKey": "standard|shadowMap|opaque|back|less|none",
            "itemCount": 65
          }
        ]
      },
      "builtInAppResourceAdapters": {
        "valid": true,
        "expectedFamilies": [
          "unlit",
          "matcap",
          "standard",
          "debug-normal"
        ],
        "registeredFamilies": [
          "unlit",
          "matcap",
          "standard",
          "debug-normal"
        ],
        "diagnostics": []
      },
      "renderFrameQueue": {
        "ready": true,
        "readyDrawCount": 65,
        "blockedDrawCount": 0,
        "packageCount": 65,
        "packagePoolSize": 65,
        "packageSlotsReused": 0,
        "packageSlotsCreated": 65,
        "missingPackedTransformCount": 0,
        "draw": {
          "packages": 65,
          "descriptors": 65,
          "drawList": 65,
          "resolved": 65
        },
        "stateSort": {
          "phase": "opaque",
          "policy": "opaque-state-resource-front-to-back-stable",
          "recordCount": 65,
          "stableOrder": {
            "pipeline": 1,
            "materialResource": 65,
            "meshLayout": 1,
            "meshResource": 65,
            "total": 132
          },
          "stateAwareOrder": {
            "pipeline": 1,
            "materialResource": 65,
            "meshLayout": 1,
            "meshResource": 65,
            "total": 132
          },
          "delta": {
            "pipeline": 0,
            "materialResource": 0,
            "meshLayout": 0,
            "meshResource": 0,
            "total": 0
          }
        },
        "diagnostics": {
          "total": 0,
          "byCode": {}
        }
      },
      "renderQueueSortPhases": [
        {
          "phase": "opaque",
          "recordCount": 65,
          "sortPolicy": {
            "name": "opaque-state-resource-front-to-back-stable",
            "depthOrder": "front-to-back",
            "primaryKeys": [
              "queue",
              "viewId",
              "layer",
              "order",
              "pipelineKey",
              "materialResourceKey",
              "meshLayoutKey",
              "meshResourceKey",
              "depth"
            ],
            "tieBreakers": [
              "stableId",
              "renderId",
              "sortOrdinal"
            ],
            "totalOrder": true
          }
        }
      ],
      "directLighting": {
        "ready": true,
        "lightCounts": {
          "total": 4,
          "direct": 3,
          "ambient": 1,
          "directional": 1,
          "point": 1,
          "spot": 0,
          "rectArea": 1,
          "environment": 0,
          "areaShapes": {
            "rect": 1,
            "disk": 0,
            "sphere": 0
          }
        },
        "sections": {
          "lightGpuBuffers": true,
          "lightBindGroupLayout": true,
          "lightBindGroup": true,
          "shaderMetadata": true
        },
        "resources": {
          "lightGpuBufferResourceKey": "light-buffer:main",
          "lightBindGroupLayoutKey": "webgpu-app/standard/lights-shadow/group-3/pipeline:{\"shader\":{\"label\":\"aperture/standard-mesh-shadow-receiver\",\"family\":\"standard\",\"variantKey\":\"direct-lit-metallic-roughness-shadow-map\"},\"targets\":{\"colorFormats\":[\"rgba16float\"],\"depthFormat\":\"depth24plus\",\"stencilFormat\":null},\"layouts\":{\"vertex\":\"POSITION,NORMAL,TEXCOORD_0\",\"bindGroups\":[\"standard/group-0:view-uniform@0\",\"standard/group-1:world-transforms@0\",\"standard/group-2:material@0\",\"standard/lights-shadow/group-3:light-floats@0,light-metadata@1,matrix@2,depth@3,sampler@4\"]},\"primitive\":{\"topology\":\"triangle-list\",\"cullMode\":\"back\",\"frontFace\":\"ccw\",\"stripIndexFormat\":null},\"depthStencil\":{\"format\":\"depth24plus\",\"depthWriteEnabled\":true,\"depthCompare\":\"less\",\"depthBias\":0,\"depthBiasSlopeScale\":0,\"stencilReadMask\":0,\"stencilWriteMask\":0},\"blend\":{\"alphaToCoverageEnabled\":false,\"colorTargets\":[{\"format\":\"rgba16float\",\"blend\":null,\"writeMask\":\"all\"}]},\"multisample\":{\"sampleCount\":4},\"material\":{\"pipelineKey\":\"standard|shadowMap|opaque|back|less|none\",\"variantKey\":\"material:courtyard.slab.material\"},\"batch\":{\"pipelineKey\":\"standard|shadowMap|opaque|back|less|none\",\"materialKey\":\"material:courtyard.slab.material\",\"meshLayoutKey\":\"POSITION,NORMAL,TEXCOORD_0\",\"topology\":\"triangle-list\",\"instanced\":false,\"skinned\":false,\"morphed\":false}}",
          "lightBindGroupResourceKey": "bind-group:webgpu-app/standard/lights-shadow/group-3/pipeline:{\"shader\":{\"label\":\"aperture/standard-mesh-shadow-receiver\",\"family\":\"standard\",\"variantKey\":\"direct-lit-metallic-roughness-shadow-map\"},\"targets\":{\"colorFormats\":[\"rgba16float\"],\"depthFormat\":\"depth24plus\",\"stencilFormat\":null},\"layouts\":{\"vertex\":\"POSITION,NORMAL,TEXCOORD_0\",\"bindGroups\":[\"standard/group-0:view-uniform@0\",\"standard/group-1:world-transforms@0\",\"standard/group-2:material@0\",\"standard/lights-shadow/group-3:light-floats@0,light-metadata@1,matrix@2,depth@3,sampler@4\"]},\"primitive\":{\"topology\":\"triangle-list\",\"cullMode\":\"back\",\"frontFace\":\"ccw\",\"stripIndexFormat\":null},\"depthStencil\":{\"format\":\"depth24plus\",\"depthWriteEnabled\":true,\"depthCompare\":\"less\",\"depthBias\":0,\"depthBiasSlopeScale\":0,\"stencilReadMask\":0,\"stencilWriteMask\":0},\"blend\":{\"alphaToCoverageEnabled\":false,\"colorTargets\":[{\"format\":\"rgba16float\",\"blend\":null,\"writeMask\":\"all\"}]},\"multisample\":{\"sampleCount\":4},\"material\":{\"pipelineKey\":\"standard|shadowMap|opaque|back|less|none\",\"variantKey\":\"material:courtyard.slab.material\"},\"batch\":{\"pipelineKey\":\"standard|shadowMap|opaque|back|less|none\",\"materialKey\":\"material:courtyard.slab.material\",\"meshLayoutKey\":\"POSITION,NORMAL,TEXCOORD_0\",\"topology\":\"triangle-list\",\"instanced\":false,\"skinned\":false,\"morphed\":false}}/0:light-buffer:main/floats/1:light-buffer:main/metadata/2:shadow-matrix-buffer:directional/3:shadow-map:66:light:66:texture/4:shadow-sampler:directional/11:standard-area-light-ltc:matrix/12:standard-area-light-ltc:fresnel/13:standard-area-light-ltc:sampler"
        },
        "shaderMetadata": {
          "valid": true,
          "diagnostics": []
        },
        "diagnostics": []
      }
    },
    "resourceReuse": {
      "pipelineHits": 64,
      "pipelineMisses": 1,
      "meshBuffersCreated": 65,
      "meshBuffersReused": 65,
      "preparedMeshBuffersCreated": 65,
      "preparedMeshBuffersReused": 65,
      "preparedMeshCache": {
        "totalEntries": 65,
        "layouts": [
          {
            "layoutKey": "mesh-upload-layout|vertex:triangle-list-interleaved:count:126:bytes:4032:usage:40|index:uint16:count:240:bytes:480:usage:24",
            "entries": 1
          },
          {
            "layoutKey": "mesh-upload-layout|vertex:triangle-list-interleaved:count:132:bytes:4224:usage:40|index:none",
            "entries": 15
          },
          {
            "layoutKey": "mesh-upload-layout|vertex:triangle-list-interleaved:count:144:bytes:4608:usage:40|index:none",
            "entries": 1
          },
          {
            "layoutKey": "mesh-upload-layout|vertex:triangle-list-interleaved:count:180:bytes:5760:usage:40|index:none",
            "entries": 1
          },
          {
            "layoutKey": "mesh-upload-layout|vertex:triangle-list-interleaved:count:36:bytes:1152:usage:40|index:none",
            "entries": 39
          },
          {
            "layoutKey": "mesh-upload-layout|vertex:triangle-list-interleaved:count:84:bytes:2688:usage:40|index:none",
            "entries": 5
          },
          {
            "layoutKey": "mesh-upload-layout|vertex:triangle-list-interleaved:count:864:bytes:27648:usage:40|index:none",
            "entries": 2
          },
          {
            "layoutKey": "mesh-upload-layout|vertex:triangle-list-interleaved:count:900:bytes:28800:usage:40|index:none",
            "entries": 1
          }
        ]
      },
      "preparedMeshCacheEviction": {
        "checked": 65,
        "retained": 0,
        "evicted": 0,
        "skippedInUse": 65
      },
      "preparedMeshFacade": {
        "totalEntries": 65,
        "entries": [
          {
            "assetKey": "mesh:courtyard.slab.mesh",
            "sourceVersion": 1,
            "label": "courtyard.slab",
            "meshResourceKey": "prepared-mesh:mesh:courtyard.slab.mesh",
            "vertexStreams": 1,
            "submeshes": 1,
            "hasIndexBuffer": false,
            "diagnosticCount": 0
          },
          {
            "assetKey": "mesh:crane.boom.lower.mesh",
            "sourceVersion": 1,
            "label": "crane.boom.lower",
            "meshResourceKey": "prepared-mesh:mesh:crane.boom.lower.mesh",
            "vertexStreams": 1,
            "submeshes": 1,
            "hasIndexBuffer": false,
            "diagnosticCount": 0
          },
          {
            "assetKey": "mesh:crane.boom.upper.mesh",
            "sourceVersion": 1,
            "label": "crane.boom.upper",
            "meshResourceKey": "prepared-mesh:mesh:crane.boom.upper.mesh",
            "vertexStreams": 1,
            "submeshes": 1,
            "hasIndexBuffer": false,
            "diagnosticCount": 0
          },
          {
            "assetKey": "mesh:crane.counterweight.mesh",
            "sourceVersion": 1,
            "label": "crane.counterweight",
            "meshResourceKey": "prepared-mesh:mesh:crane.counterweight.mesh",
            "vertexStreams": 1,
            "submeshes": 1,
            "hasIndexBuffer": false,
            "diagnosticCount": 0
          },
          {
            "assetKey": "mesh:crane.foot.mesh",
            "sourceVersion": 1,
            "label": "crane.foot",
            "meshResourceKey": "prepared-mesh:mesh:crane.foot.mesh",
            "vertexStreams": 1,
            "submeshes": 1,
            "hasIndexBuffer": false,
            "diagnosticCount": 0
          },
          {
            "assetKey": "mesh:crane.hoist.cable.mesh",
            "sourceVersion": 1,
            "label": "crane.hoist.cable",
            "meshResourceKey": "prepared-mesh:mesh:crane.hoist.cable.mesh",
            "vertexStreams": 1,
            "submeshes": 1,
            "hasIndexBuffer": false,
            "diagnosticCount": 0
          },
          {
            "assetKey": "mesh:crane.hook.mesh",
            "sourceVersion": 1,
            "label": "crane.hook",
            "meshResourceKey": "prepared-mesh:mesh:crane.hook.mesh",
            "vertexStreams": 1,
            "submeshes": 1,
            "hasIndexBuffer": false,
            "diagnosticCount": 0
          },
          {
            "assetKey": "mesh:crane.hydraulic-mount.mesh",
            "sourceVersion": 1,
            "label": "crane.hydraulic-mount",
            "meshResourceKey": "prepared-mesh:mesh:crane.hydraulic-mount.mesh",
            "vertexStreams": 1,
            "submeshes": 1,
            "hasIndexBuffer": false,
            "diagnosticCount": 0
          },
          {
            "assetKey": "mesh:crane.hydraulic.body.mesh",
            "sourceVersion": 1,
            "label": "crane.hydraulic.body",
            "meshResourceKey": "prepared-mesh:mesh:crane.hydraulic.body.mesh",
            "vertexStreams": 1,
            "submeshes": 1,
            "hasIndexBuffer": false,
            "diagnosticCount": 0
          },
          {
            "assetKey": "mesh:crane.hydraulic.eye.base.mesh",
            "sourceVersion": 1,
            "label": "crane.hydraulic.eye.base",
            "meshResourceKey": "prepared-mesh:mesh:crane.hydraulic.eye.base.mesh",
            "vertexStreams": 1,
            "submeshes": 1,
            "hasIndexBuffer": false,
            "diagnosticCount": 0
          },
          {
            "assetKey": "mesh:crane.hydraulic.eye.boom.mesh",
            "sourceVersion": 1,
            "label": "crane.hydraulic.eye.boom",
            "meshResourceKey": "prepared-mesh:mesh:crane.hydraulic.eye.boom.mesh",
            "vertexStreams": 1,
            "submeshes": 1,
            "hasIndexBuffer": false,
            "diagnosticCount": 0
          },
          {
            "assetKey": "mesh:crane.hydraulic.rod.mesh",
            "sourceVersion": 1,
            "label": "crane.hydraulic.rod",
            "meshResourceKey": "prepared-mesh:mesh:crane.hydraulic.rod.mesh",
            "vertexStreams": 1,
            "submeshes": 1,
            "hasIndexBuffer": false,
            "diagnosticCount": 0
          },
          {
            "assetKey": "mesh:crane.load.body.mesh",
            "sourceVersion": 1,
            "label": "crane.load.body",
            "meshResourceKey": "prepared-mesh:mesh:crane.load.body.mesh",
            "vertexStreams": 1,
            "submeshes": 1,
            "hasIndexBuffer": false,
            "diagnosticCount": 0
          },
          {
            "assetKey": "mesh:crane.load.strap-back.0.mesh",
            "sourceVersion": 1,
            "label": "crane.load.strap-back.0",
            "meshResourceKey": "prepared-mesh:mesh:crane.load.strap-back.0.mesh",
            "vertexStreams": 1,
            "submeshes": 1,
            "hasIndexBuffer": false,
            "diagnosticCount": 0
          },
          {
            "assetKey": "mesh:crane.load.strap-back.1.mesh",
            "sourceVersion": 1,
            "label": "crane.load.strap-back.1",
            "meshResourceKey": "prepared-mesh:mesh:crane.load.strap-back.1.mesh",
            "vertexStreams": 1,
            "submeshes": 1,
            "hasIndexBuffer": false,
            "diagnosticCount": 0
          },
          {
            "assetKey": "mesh:crane.load.strap-front.0.mesh",
            "sourceVersion": 1,
            "label": "crane.load.strap-front.0",
            "meshResourceKey": "prepared-mesh:mesh:crane.load.strap-front.0.mesh",
            "vertexStreams": 1,
            "submeshes": 1,
            "hasIndexBuffer": false,
            "diagnosticCount": 0
          },
          {
            "assetKey": "mesh:crane.load.strap-front.1.mesh",
            "sourceVersion": 1,
            "label": "crane.load.strap-front.1",
            "meshResourceKey": "prepared-mesh:mesh:crane.load.strap-front.1.mesh",
            "vertexStreams": 1,
            "submeshes": 1,
            "hasIndexBuffer": false,
            "diagnosticCount": 0
          },
          {
            "assetKey": "mesh:crane.load.strap-top.0.mesh",
            "sourceVersion": 1,
            "label": "crane.load.strap-top.0",
            "meshResourceKey": "prepared-mesh:mesh:crane.load.strap-top.0.mesh",
            "vertexStreams": 1,
            "submeshes": 1,
            "hasIndexBuffer": false,
            "diagnosticCount": 0
          },
          {
            "assetKey": "mesh:crane.load.strap-top.1.mesh",
            "sourceVersion": 1,
            "label": "crane.load.strap-top.1",
            "meshResourceKey": "prepared-mesh:mesh:crane.load.strap-top.1.mesh",
            "vertexStreams": 1,
            "submeshes": 1,
            "hasIndexBuffer": false,
            "diagnosticCount": 0
          },
          {
            "assetKey": "mesh:crane.pedestal.mesh",
            "sourceVersion": 1,
            "label": "crane.pedestal",
            "meshResourceKey": "prepared-mesh:mesh:crane.pedestal.mesh",
            "vertexStreams": 1,
            "submeshes": 1,
            "hasIndexBuffer": false,
            "diagnosticCount": 0
          },
          {
            "assetKey": "mesh:crane.pin-cap.elbow.mesh",
            "sourceVersion": 1,
            "label": "crane.pin-cap.elbow",
            "meshResourceKey": "prepared-mesh:mesh:crane.pin-cap.elbow.mesh",
            "vertexStreams": 1,
            "submeshes": 1,
            "hasIndexBuffer": false,
            "diagnosticCount": 0
          },
          {
            "assetKey": "mesh:crane.pin-cap.shoulder.mesh",
            "sourceVersion": 1,
            "label": "crane.pin-cap.shoulder",
            "meshResourceKey": "prepared-mesh:mesh:crane.pin-cap.shoulder.mesh",
            "vertexStreams": 1,
            "submeshes": 1,
            "hasIndexBuffer": false,
            "diagnosticCount": 0
          },
          {
            "assetKey": "mesh:crane.pin-cap.tip.mesh",
            "sourceVersion": 1,
            "label": "crane.pin-cap.tip",
            "meshResourceKey": "prepared-mesh:mesh:crane.pin-cap.tip.mesh",
            "vertexStreams": 1,
            "submeshes": 1,
            "hasIndexBuffer": false,
            "diagnosticCount": 0
          },
          {
            "assetKey": "mesh:crane.pin.elbow.mesh",
            "sourceVersion": 1,
            "label": "crane.pin.elbow",
            "meshResourceKey": "prepared-mesh:mesh:crane.pin.elbow.mesh",
            "vertexStreams": 1,
            "submeshes": 1,
            "hasIndexBuffer": false,
            "diagnosticCount": 0
          },
          {
            "assetKey": "mesh:crane.pin.shoulder.mesh",
            "sourceVersion": 1,
            "label": "crane.pin.shoulder",
            "meshResourceKey": "prepared-mesh:mesh:crane.pin.shoulder.mesh",
            "vertexStreams": 1,
            "submeshes": 1,
            "hasIndexBuffer": false,
            "diagnosticCount": 0
          },
          {
            "assetKey": "mesh:crane.pin.tip.mesh",
            "sourceVersion": 1,
            "label": "crane.pin.tip",
            "meshResourceKey": "prepared-mesh:mesh:crane.pin.tip.mesh",
            "vertexStreams": 1,
            "submeshes": 1,
            "hasIndexBuffer": false,
            "diagnosticCount": 0
          },
          {
            "assetKey": "mesh:crane.sling.0.mesh",
            "sourceVersion": 1,
            "label": "crane.sling.0",
            "meshResourceKey": "prepared-mesh:mesh:crane.sling.0.mesh",
            "vertexStreams": 1,
            "submeshes": 1,
            "hasIndexBuffer": false,
            "diagnosticCount": 0
          },
          {
            "assetKey": "mesh:crane.sling.1.mesh",
            "sourceVersion": 1,
            "label": "crane.sling.1",
            "meshResourceKey": "prepared-mesh:mesh:crane.sling.1.mesh",
            "vertexStreams": 1,
            "submeshes": 1,
            "hasIndexBuffer": false,
            "diagnosticCount": 0
          },
          {
            "assetKey": "mesh:crane.sling.2.mesh",
            "sourceVersion": 1,
            "label": "crane.sling.2",
            "meshResourceKey": "prepared-mesh:mesh:crane.sling.2.mesh",
            "vertexStreams": 1,
            "submeshes": 1,
            "hasIndexBuffer": false,
            "diagnosticCount": 0
          },
          {
            "assetKey": "mesh:crane.sling.3.mesh",
            "sourceVersion": 1,
            "label": "crane.sling.3",
            "meshResourceKey": "prepared-mesh:mesh:crane.sling.3.mesh",
            "vertexStreams": 1,
            "submeshes": 1,
            "hasIndexBuffer": false,
            "diagnosticCount": 0
          },
          {
            "assetKey": "mesh:crane.turntable.mesh",
            "sourceVersion": 1,
            "label": "crane.turntable",
            "meshResourceKey": "prepared-mesh:mesh:crane.turntable.mesh",
            "vertexStreams": 1,
            "submeshes": 1,
            "hasIndexBuffer": false,
            "diagnosticCount": 0
          },
          {
            "assetKey": "mesh:pipe.hollow-elbow.inner.mesh",
            "sourceVersion": 1,
            "label": "pipe.hollow-elbow.inner",
            "meshResourceKey": "prepared-mesh:mesh:pipe.hollow-elbow.inner.mesh",
            "vertexStreams": 1,
            "submeshes": 1,
            "hasIndexBuffer": false,
            "diagnosticCount": 0
          },
          {
            "assetKey": "mesh:pipe.hollow-elbow.outer.mesh",
            "sourceVersion": 1,
            "label": "pipe.hollow-elbow.outer",
            "meshResourceKey": "prepared-mesh:mesh:pipe.hollow-elbow.outer.mesh",
            "vertexStreams": 1,
            "submeshes": 1,
            "hasIndexBuffer": false,
            "diagnosticCount": 0
          },
          {
            "assetKey": "mesh:pipe.hollow-elbow.rims.mesh",
            "sourceVersion": 1,
            "label": "pipe.hollow-elbow.rims",
            "meshResourceKey": "prepared-mesh:mesh:pipe.hollow-elbow.rims.mesh",
            "vertexStreams": 1,
            "submeshes": 1,
            "hasIndexBuffer": false,
            "diagnosticCount": 0
          },
          {
            "assetKey": "mesh:platform.lower.mesh",
            "sourceVersion": 1,
            "label": "platform.lower",
            "meshResourceKey": "prepared-mesh:mesh:platform.lower.mesh",
            "vertexStreams": 1,
            "submeshes": 1,
            "hasIndexBuffer": false,
            "diagnosticCount": 0
          },
          {
            "assetKey": "mesh:platform.middle.mesh",
            "sourceVersion": 1,
            "label": "platform.middle",
            "meshResourceKey": "prepared-mesh:mesh:platform.middle.mesh",
            "vertexStreams": 1,
            "submeshes": 1,
            "hasIndexBuffer": false,
            "diagnosticCount": 0
          },
          {
            "assetKey": "mesh:platform.upper.mesh",
            "sourceVersion": 1,
            "label": "platform.upper",
            "meshResourceKey": "prepared-mesh:mesh:platform.upper.mesh",
            "vertexStreams": 1,
            "submeshes": 1,
            "hasIndexBuffer": false,
            "diagnosticCount": 0
          },
          {
            "assetKey": "mesh:prop.bollard.cap.mesh",
            "sourceVersion": 1,
            "label": "prop.bollard.cap",
            "meshResourceKey": "prepared-mesh:mesh:prop.bollard.cap.mesh",
            "vertexStreams": 1,
            "submeshes": 1,
            "hasIndexBuffer": false,
            "diagnosticCount": 0
          },
          {
            "assetKey": "mesh:prop.bollard.mesh",
            "sourceVersion": 1,
            "label": "prop.bollard",
            "meshResourceKey": "prepared-mesh:mesh:prop.bollard.mesh",
            "vertexStreams": 1,
            "submeshes": 1,
            "hasIndexBuffer": false,
            "diagnosticCount": 0
          },
          {
            "assetKey": "mesh:prop.crate.body.mesh",
            "sourceVersion": 1,
            "label": "prop.crate.body",
            "meshResourceKey": "prepared-mesh:mesh:prop.crate.body.mesh",
            "vertexStreams": 1,
            "submeshes": 1,
            "hasIndexBuffer": false,
            "diagnosticCount": 0
          },
          {
            "assetKey": "mesh:prop.crate.strap-back.0.mesh",
            "sourceVersion": 1,
            "label": "prop.crate.strap-back.0",
            "meshResourceKey": "prepared-mesh:mesh:prop.crate.strap-back.0.mesh",
            "vertexStreams": 1,
            "submeshes": 1,
            "hasIndexBuffer": false,
            "diagnosticCount": 0
          },
          {
            "assetKey": "mesh:prop.crate.strap-back.1.mesh",
            "sourceVersion": 1,
            "label": "prop.crate.strap-back.1",
            "meshResourceKey": "prepared-mesh:mesh:prop.crate.strap-back.1.mesh",
            "vertexStreams": 1,
            "submeshes": 1,
            "hasIndexBuffer": false,
            "diagnosticCount": 0
          },
          {
            "assetKey": "mesh:prop.crate.strap-front.0.mesh",
            "sourceVersion": 1,
            "label": "prop.crate.strap-front.0",
            "meshResourceKey": "prepared-mesh:mesh:prop.crate.strap-front.0.mesh",
            "vertexStreams": 1,
            "submeshes": 1,
            "hasIndexBuffer": false,
            "diagnosticCount": 0
          },
          {
            "assetKey": "mesh:prop.crate.strap-front.1.mesh",
            "sourceVersion": 1,
            "label": "prop.crate.strap-front.1",
            "meshResourceKey": "prepared-mesh:mesh:prop.crate.strap-front.1.mesh",
            "vertexStreams": 1,
            "submeshes": 1,
            "hasIndexBuffer": false,
            "diagnosticCount": 0
          },
          {
            "assetKey": "mesh:prop.crate.strap-top.0.mesh",
            "sourceVersion": 1,
            "label": "prop.crate.strap-top.0",
            "meshResourceKey": "prepared-mesh:mesh:prop.crate.strap-top.0.mesh",
            "vertexStreams": 1,
            "submeshes": 1,
            "hasIndexBuffer": false,
            "diagnosticCount": 0
          },
          {
            "assetKey": "mesh:prop.crate.strap-top.1.mesh",
            "sourceVersion": 1,
            "label": "prop.crate.strap-top.1",
            "meshResourceKey": "prepared-mesh:mesh:prop.crate.strap-top.1.mesh",
            "vertexStreams": 1,
            "submeshes": 1,
            "hasIndexBuffer": false,
            "diagnosticCount": 0
          },
          {
            "assetKey": "mesh:prop.drum.band.0.mesh",
            "sourceVersion": 1,
            "label": "prop.drum.band.0",
            "meshResourceKey": "prepared-mesh:mesh:prop.drum.band.0.mesh",
            "vertexStreams": 1,
            "submeshes": 1,
            "hasIndexBuffer": false,
            "diagnosticCount": 0
          },
          {
            "assetKey": "mesh:prop.drum.band.1.mesh",
            "sourceVersion": 1,
            "label": "prop.drum.band.1",
            "meshResourceKey": "prepared-mesh:mesh:prop.drum.band.1.mesh",
            "vertexStreams": 1,
            "submeshes": 1,
            "hasIndexBuffer": false,
            "diagnosticCount": 0
          },
          {
            "assetKey": "mesh:prop.drum.body.mesh",
            "sourceVersion": 1,
            "label": "prop.drum.body",
            "meshResourceKey": "prepared-mesh:mesh:prop.drum.body.mesh",
            "vertexStreams": 1,
            "submeshes": 1,
            "hasIndexBuffer": false,
            "diagnosticCount": 0
          },
          {
            "assetKey": "mesh:wall.arch.00.mesh",
            "sourceVersion": 1,
            "label": "wall.arch.00",
            "meshResourceKey": "prepared-mesh:mesh:wall.arch.00.mesh",
            "vertexStreams": 1,
            "submeshes": 1,
            "hasIndexBuffer": false,
            "diagnosticCount": 0
          },
          {
            "assetKey": "mesh:wall.arch.01.mesh",
            "sourceVersion": 1,
            "label": "wall.arch.01",
            "meshResourceKey": "prepared-mesh:mesh:wall.arch.01.mesh",
            "vertexStreams": 1,
            "submeshes": 1,
            "hasIndexBuffer": false,
            "diagnosticCount": 0
          },
          {
            "assetKey": "mesh:wall.arch.02.mesh",
            "sourceVersion": 1,
            "label": "wall.arch.02",
            "meshResourceKey": "prepared-mesh:mesh:wall.arch.02.mesh",
            "vertexStreams": 1,
            "submeshes": 1,
            "hasIndexBuffer": false,
            "diagnosticCount": 0
          },
          {
            "assetKey": "mesh:wall.arch.03.mesh",
            "sourceVersion": 1,
            "label": "wall.arch.03",
            "meshResourceKey": "prepared-mesh:mesh:wall.arch.03.mesh",
            "vertexStreams": 1,
            "submeshes": 1,
            "hasIndexBuffer": false,
            "diagnosticCount": 0
          },
          {
            "assetKey": "mesh:wall.arch.04.mesh",
            "sourceVersion": 1,
            "label": "wall.arch.04",
            "meshResourceKey": "prepared-mesh:mesh:wall.arch.04.mesh",
            "vertexStreams": 1,
            "submeshes": 1,
            "hasIndexBuffer": false,
            "diagnosticCount": 0
          },
          {
            "assetKey": "mesh:wall.arch.05.mesh",
            "sourceVersion": 1,
            "label": "wall.arch.05",
            "meshResourceKey": "prepared-mesh:mesh:wall.arch.05.mesh",
            "vertexStreams": 1,
            "submeshes": 1,
            "hasIndexBuffer": false,
            "diagnosticCount": 0
          },
          {
            "assetKey": "mesh:wall.arch.06.mesh",
            "sourceVersion": 1,
            "label": "wall.arch.06",
            "meshResourceKey": "prepared-mesh:mesh:wall.arch.06.mesh",
            "vertexStreams": 1,
            "submeshes": 1,
            "hasIndexBuffer": false,
            "diagnosticCount": 0
          },
          {
            "assetKey": "mesh:wall.arch.07.mesh",
            "sourceVersion": 1,
            "label": "wall.arch.07",
            "meshResourceKey": "prepared-mesh:mesh:wall.arch.07.mesh",
            "vertexStreams": 1,
            "submeshes": 1,
            "hasIndexBuffer": false,
            "diagnosticCount": 0
          },
          {
            "assetKey": "mesh:wall.arch.08.mesh",
            "sourceVersion": 1,
            "label": "wall.arch.08",
            "meshResourceKey": "prepared-mesh:mesh:wall.arch.08.mesh",
            "vertexStreams": 1,
            "submeshes": 1,
            "hasIndexBuffer": false,
            "diagnosticCount": 0
          },
          {
            "assetKey": "mesh:wall.arch.09.mesh",
            "sourceVersion": 1,
            "label": "wall.arch.09",
            "meshResourceKey": "prepared-mesh:mesh:wall.arch.09.mesh",
            "vertexStreams": 1,
            "submeshes": 1,
            "hasIndexBuffer": false,
            "diagnosticCount": 0
          },
          {
            "assetKey": "mesh:wall.arch.10.mesh",
            "sourceVersion": 1,
            "label": "wall.arch.10",
            "meshResourceKey": "prepared-mesh:mesh:wall.arch.10.mesh",
            "vertexStreams": 1,
            "submeshes": 1,
            "hasIndexBuffer": false,
            "diagnosticCount": 0
          },
          {
            "assetKey": "mesh:wall.arch.11.mesh",
            "sourceVersion": 1,
            "label": "wall.arch.11",
            "meshResourceKey": "prepared-mesh:mesh:wall.arch.11.mesh",
            "vertexStreams": 1,
            "submeshes": 1,
            "hasIndexBuffer": false,
            "diagnosticCount": 0
          },
          {
            "assetKey": "mesh:wall.body.continuous.mesh",
            "sourceVersion": 1,
            "label": "wall.body.continuous",
            "meshResourceKey": "prepared-mesh:mesh:wall.body.continuous.mesh",
            "vertexStreams": 1,
            "submeshes": 1,
            "hasIndexBuffer": true,
            "diagnosticCount": 0
          },
          {
            "assetKey": "mesh:wall.cap.mesh",
            "sourceVersion": 1,
            "label": "wall.cap",
            "meshResourceKey": "prepared-mesh:mesh:wall.cap.mesh",
            "vertexStreams": 1,
            "submeshes": 1,
            "hasIndexBuffer": false,
            "diagnosticCount": 0
          },
          {
            "assetKey": "mesh:wall.lamp.backplate.mesh",
            "sourceVersion": 1,
            "label": "wall.lamp.backplate",
            "meshResourceKey": "prepared-mesh:mesh:wall.lamp.backplate.mesh",
            "vertexStreams": 1,
            "submeshes": 1,
            "hasIndexBuffer": false,
            "diagnosticCount": 0
          },
          {
            "assetKey": "mesh:wall.lamp.diffuser.mesh",
            "sourceVersion": 1,
            "label": "wall.lamp.diffuser",
            "meshResourceKey": "prepared-mesh:mesh:wall.lamp.diffuser.mesh",
            "vertexStreams": 1,
            "submeshes": 1,
            "hasIndexBuffer": false,
            "diagnosticCount": 0
          }
        ]
      },
      "materialBuffersCreated": 65,
      "materialBuffersReused": 0,
      "preparedMaterialBuffersCreated": 65,
      "preparedMaterialBuffersReused": 0,
      "preparedMaterialBindGroupsCreated": 65,
      "preparedMaterialBindGroupsReused": 0,
      "preparedMaterialCache": {
        "totalEntries": 65,
        "families": {
          "unlit": {
            "entries": 0
          },
          "matcap": {
            "entries": 0
          },
          "standard": {
            "entries": 65
          },
          "debug-normal": {
            "entries": 0
          }
        }
      },
      "preparedMaterialCacheEviction": {
        "checked": 65,
        "retained": 0,
        "evicted": 0,
        "skippedInUse": 65,
        "families": {
          "unlit": {
            "checked": 0,
            "retained": 0,
            "evicted": 0,
            "skippedInUse": 0
          },
          "matcap": {
            "checked": 0,
            "retained": 0,
            "evicted": 0,
            "skippedInUse": 0
          },
          "standard": {
            "checked": 65,
            "retained": 0,
            "evicted": 0,
            "skippedInUse": 65
          },
          "debug-normal": {
            "checked": 0,
            "retained": 0,
            "evicted": 0,
            "skippedInUse": 0
          }
        }
      },
      "preparedMaterialFacade": {
        "totalEntries": 65,
        "families": {
          "unlit": {
            "entries": 0
          },
          "matcap": {
            "entries": 0
          },
          "standard": {
            "entries": 65
          },
          "debug-normal": {
            "entries": 0
          }
        },
        "entries": [
          {
            "assetKey": "material:courtyard.slab.material",
            "sourceVersion": 1,
            "label": "Standard Material",
            "materialFamily": "standard",
            "materialKind": "standard",
            "pipelineKey": "standard|opaque|back|less|none",
            "materialResourceKey": "prepared-material:material:courtyard.slab.material@v1",
            "bindGroupResourceKey": "prepared-material-bind-group:material:courtyard.slab.material@v1|pipeline:standard|opaque|back|less|none",
            "dependencyCount": 0,
            "textureBindingCount": 0,
            "diagnosticCount": 0
          },
          {
            "assetKey": "material:crane.boom.lower.material",
            "sourceVersion": 1,
            "label": "Standard Material",
            "materialFamily": "standard",
            "materialKind": "standard",
            "pipelineKey": "standard|opaque|back|less|none",
            "materialResourceKey": "prepared-material:material:crane.boom.lower.material@v1",
            "bindGroupResourceKey": "prepared-material-bind-group:material:crane.boom.lower.material@v1|pipeline:standard|opaque|back|less|none",
            "dependencyCount": 0,
            "textureBindingCount": 0,
            "diagnosticCount": 0
          },
          {
            "assetKey": "material:crane.boom.upper.material",
            "sourceVersion": 1,
            "label": "Standard Material",
            "materialFamily": "standard",
            "materialKind": "standard",
            "pipelineKey": "standard|opaque|back|less|none",
            "materialResourceKey": "prepared-material:material:crane.boom.upper.material@v1",
            "bindGroupResourceKey": "prepared-material-bind-group:material:crane.boom.upper.material@v1|pipeline:standard|opaque|back|less|none",
            "dependencyCount": 0,
            "textureBindingCount": 0,
            "diagnosticCount": 0
          },
          {
            "assetKey": "material:crane.counterweight.material",
            "sourceVersion": 1,
            "label": "Standard Material",
            "materialFamily": "standard",
            "materialKind": "standard",
            "pipelineKey": "standard|opaque|back|less|none",
            "materialResourceKey": "prepared-material:material:crane.counterweight.material@v1",
            "bindGroupResourceKey": "prepared-material-bind-group:material:crane.counterweight.material@v1|pipeline:standard|opaque|back|less|none",
            "dependencyCount": 0,
            "textureBindingCount": 0,
            "diagnosticCount": 0
          },
          {
            "assetKey": "material:crane.foot.material",
            "sourceVersion": 1,
            "label": "Standard Material",
            "materialFamily": "standard",
            "materialKind": "standard",
            "pipelineKey": "standard|opaque|back|less|none",
            "materialResourceKey": "prepared-material:material:crane.foot.material@v1",
            "bindGroupResourceKey": "prepared-material-bind-group:material:crane.foot.material@v1|pipeline:standard|opaque|back|less|none",
            "dependencyCount": 0,
            "textureBindingCount": 0,
            "diagnosticCount": 0
          },
          {
            "assetKey": "material:crane.hoist.cable.material",
            "sourceVersion": 1,
            "label": "Standard Material",
            "materialFamily": "standard",
            "materialKind": "standard",
            "pipelineKey": "standard|opaque|back|less|none",
            "materialResourceKey": "prepared-material:material:crane.hoist.cable.material@v1",
            "bindGroupResourceKey": "prepared-material-bind-group:material:crane.hoist.cable.material@v1|pipeline:standard|opaque|back|less|none",
            "dependencyCount": 0,
            "textureBindingCount": 0,
            "diagnosticCount": 0
          },
          {
            "assetKey": "material:crane.hook.material",
            "sourceVersion": 1,
            "label": "Standard Material",
            "materialFamily": "standard",
            "materialKind": "standard",
            "pipelineKey": "standard|opaque|back|less|none",
            "materialResourceKey": "prepared-material:material:crane.hook.material@v1",
            "bindGroupResourceKey": "prepared-material-bind-group:material:crane.hook.material@v1|pipeline:standard|opaque|back|less|none",
            "dependencyCount": 0,
            "textureBindingCount": 0,
            "diagnosticCount": 0
          },
          {
            "assetKey": "material:crane.hydraulic-mount.material",
            "sourceVersion": 1,
            "label": "Standard Material",
            "materialFamily": "standard",
            "materialKind": "standard",
            "pipelineKey": "standard|opaque|back|less|none",
            "materialResourceKey": "prepared-material:material:crane.hydraulic-mount.material@v1",
            "bindGroupResourceKey": "prepared-material-bind-group:material:crane.hydraulic-mount.material@v1|pipeline:standard|opaque|back|less|none",
            "dependencyCount": 0,
            "textureBindingCount": 0,
            "diagnosticCount": 0
          },
          {
            "assetKey": "material:crane.hydraulic.body.material",
            "sourceVersion": 1,
            "label": "Standard Material",
            "materialFamily": "standard",
            "materialKind": "standard",
            "pipelineKey": "standard|opaque|back|less|none",
            "materialResourceKey": "prepared-material:material:crane.hydraulic.body.material@v1",
            "bindGroupResourceKey": "prepared-material-bind-group:material:crane.hydraulic.body.material@v1|pipeline:standard|opaque|back|less|none",
            "dependencyCount": 0,
            "textureBindingCount": 0,
            "diagnosticCount": 0
          },
          {
            "assetKey": "material:crane.hydraulic.eye.base.material",
            "sourceVersion": 1,
            "label": "Standard Material",
            "materialFamily": "standard",
            "materialKind": "standard",
            "pipelineKey": "standard|opaque|back|less|none",
            "materialResourceKey": "prepared-material:material:crane.hydraulic.eye.base.material@v1",
            "bindGroupResourceKey": "prepared-material-bind-group:material:crane.hydraulic.eye.base.material@v1|pipeline:standard|opaque|back|less|none",
            "dependencyCount": 0,
            "textureBindingCount": 0,
            "diagnosticCount": 0
          },
          {
            "assetKey": "material:crane.hydraulic.eye.boom.material",
            "sourceVersion": 1,
            "label": "Standard Material",
            "materialFamily": "standard",
            "materialKind": "standard",
            "pipelineKey": "standard|opaque|back|less|none",
            "materialResourceKey": "prepared-material:material:crane.hydraulic.eye.boom.material@v1",
            "bindGroupResourceKey": "prepared-material-bind-group:material:crane.hydraulic.eye.boom.material@v1|pipeline:standard|opaque|back|less|none",
            "dependencyCount": 0,
            "textureBindingCount": 0,
            "diagnosticCount": 0
          },
          {
            "assetKey": "material:crane.hydraulic.rod.material",
            "sourceVersion": 1,
            "label": "Standard Material",
            "materialFamily": "standard",
            "materialKind": "standard",
            "pipelineKey": "standard|opaque|back|less|none",
            "materialResourceKey": "prepared-material:material:crane.hydraulic.rod.material@v1",
            "bindGroupResourceKey": "prepared-material-bind-group:material:crane.hydraulic.rod.material@v1|pipeline:standard|opaque|back|less|none",
            "dependencyCount": 0,
            "textureBindingCount": 0,
            "diagnosticCount": 0
          },
          {
            "assetKey": "material:crane.load.body.material",
            "sourceVersion": 1,
            "label": "Standard Material",
            "materialFamily": "standard",
            "materialKind": "standard",
            "pipelineKey": "standard|opaque|back|less|none",
            "materialResourceKey": "prepared-material:material:crane.load.body.material@v1",
            "bindGroupResourceKey": "prepared-material-bind-group:material:crane.load.body.material@v1|pipeline:standard|opaque|back|less|none",
            "dependencyCount": 0,
            "textureBindingCount": 0,
            "diagnosticCount": 0
          },
          {
            "assetKey": "material:crane.load.strap-back.0.material",
            "sourceVersion": 1,
            "label": "Standard Material",
            "materialFamily": "standard",
            "materialKind": "standard",
            "pipelineKey": "standard|opaque|back|less|none",
            "materialResourceKey": "prepared-material:material:crane.load.strap-back.0.material@v1",
            "bindGroupResourceKey": "prepared-material-bind-group:material:crane.load.strap-back.0.material@v1|pipeline:standard|opaque|back|less|none",
            "dependencyCount": 0,
            "textureBindingCount": 0,
            "diagnosticCount": 0
          },
          {
            "assetKey": "material:crane.load.strap-back.1.material",
            "sourceVersion": 1,
            "label": "Standard Material",
            "materialFamily": "standard",
            "materialKind": "standard",
            "pipelineKey": "standard|opaque|back|less|none",
            "materialResourceKey": "prepared-material:material:crane.load.strap-back.1.material@v1",
            "bindGroupResourceKey": "prepared-material-bind-group:material:crane.load.strap-back.1.material@v1|pipeline:standard|opaque|back|less|none",
            "dependencyCount": 0,
            "textureBindingCount": 0,
            "diagnosticCount": 0
          },
          {
            "assetKey": "material:crane.load.strap-front.0.material",
            "sourceVersion": 1,
            "label": "Standard Material",
            "materialFamily": "standard",
            "materialKind": "standard",
            "pipelineKey": "standard|opaque|back|less|none",
            "materialResourceKey": "prepared-material:material:crane.load.strap-front.0.material@v1",
            "bindGroupResourceKey": "prepared-material-bind-group:material:crane.load.strap-front.0.material@v1|pipeline:standard|opaque|back|less|none",
            "dependencyCount": 0,
            "textureBindingCount": 0,
            "diagnosticCount": 0
          },
          {
            "assetKey": "material:crane.load.strap-front.1.material",
            "sourceVersion": 1,
            "label": "Standard Material",
            "materialFamily": "standard",
            "materialKind": "standard",
            "pipelineKey": "standard|opaque|back|less|none",
            "materialResourceKey": "prepared-material:material:crane.load.strap-front.1.material@v1",
            "bindGroupResourceKey": "prepared-material-bind-group:material:crane.load.strap-front.1.material@v1|pipeline:standard|opaque|back|less|none",
            "dependencyCount": 0,
            "textureBindingCount": 0,
            "diagnosticCount": 0
          },
          {
            "assetKey": "material:crane.load.strap-top.0.material",
            "sourceVersion": 1,
            "label": "Standard Material",
            "materialFamily": "standard",
            "materialKind": "standard",
            "pipelineKey": "standard|opaque|back|less|none",
            "materialResourceKey": "prepared-material:material:crane.load.strap-top.0.material@v1",
            "bindGroupResourceKey": "prepared-material-bind-group:material:crane.load.strap-top.0.material@v1|pipeline:standard|opaque|back|less|none",
            "dependencyCount": 0,
            "textureBindingCount": 0,
            "diagnosticCount": 0
          },
          {
            "assetKey": "material:crane.load.strap-top.1.material",
            "sourceVersion": 1,
            "label": "Standard Material",
            "materialFamily": "standard",
            "materialKind": "standard",
            "pipelineKey": "standard|opaque|back|less|none",
            "materialResourceKey": "prepared-material:material:crane.load.strap-top.1.material@v1",
            "bindGroupResourceKey": "prepared-material-bind-group:material:crane.load.strap-top.1.material@v1|pipeline:standard|opaque|back|less|none",
            "dependencyCount": 0,
            "textureBindingCount": 0,
            "diagnosticCount": 0
          },
          {
            "assetKey": "material:crane.pedestal.material",
            "sourceVersion": 1,
            "label": "Standard Material",
            "materialFamily": "standard",
            "materialKind": "standard",
            "pipelineKey": "standard|opaque|back|less|none",
            "materialResourceKey": "prepared-material:material:crane.pedestal.material@v1",
            "bindGroupResourceKey": "prepared-material-bind-group:material:crane.pedestal.material@v1|pipeline:standard|opaque|back|less|none",
            "dependencyCount": 0,
            "textureBindingCount": 0,
            "diagnosticCount": 0
          },
          {
            "assetKey": "material:crane.pin-cap.elbow.material",
            "sourceVersion": 1,
            "label": "Standard Material",
            "materialFamily": "standard",
            "materialKind": "standard",
            "pipelineKey": "standard|opaque|back|less|none",
            "materialResourceKey": "prepared-material:material:crane.pin-cap.elbow.material@v1",
            "bindGroupResourceKey": "prepared-material-bind-group:material:crane.pin-cap.elbow.material@v1|pipeline:standard|opaque|back|less|none",
            "dependencyCount": 0,
            "textureBindingCount": 0,
            "diagnosticCount": 0
          },
          {
            "assetKey": "material:crane.pin-cap.shoulder.material",
            "sourceVersion": 1,
            "label": "Standard Material",
            "materialFamily": "standard",
            "materialKind": "standard",
            "pipelineKey": "standard|opaque|back|less|none",
            "materialResourceKey": "prepared-material:material:crane.pin-cap.shoulder.material@v1",
            "bindGroupResourceKey": "prepared-material-bind-group:material:crane.pin-cap.shoulder.material@v1|pipeline:standard|opaque|back|less|none",
            "dependencyCount": 0,
            "textureBindingCount": 0,
            "diagnosticCount": 0
          },
          {
            "assetKey": "material:crane.pin-cap.tip.material",
            "sourceVersion": 1,
            "label": "Standard Material",
            "materialFamily": "standard",
            "materialKind": "standard",
            "pipelineKey": "standard|opaque|back|less|none",
            "materialResourceKey": "prepared-material:material:crane.pin-cap.tip.material@v1",
            "bindGroupResourceKey": "prepared-material-bind-group:material:crane.pin-cap.tip.material@v1|pipeline:standard|opaque|back|less|none",
            "dependencyCount": 0,
            "textureBindingCount": 0,
            "diagnosticCount": 0
          },
          {
            "assetKey": "material:crane.pin.elbow.material",
            "sourceVersion": 1,
            "label": "Standard Material",
            "materialFamily": "standard",
            "materialKind": "standard",
            "pipelineKey": "standard|opaque|back|less|none",
            "materialResourceKey": "prepared-material:material:crane.pin.elbow.material@v1",
            "bindGroupResourceKey": "prepared-material-bind-group:material:crane.pin.elbow.material@v1|pipeline:standard|opaque|back|less|none",
            "dependencyCount": 0,
            "textureBindingCount": 0,
            "diagnosticCount": 0
          },
          {
            "assetKey": "material:crane.pin.shoulder.material",
            "sourceVersion": 1,
            "label": "Standard Material",
            "materialFamily": "standard",
            "materialKind": "standard",
            "pipelineKey": "standard|opaque|back|less|none",
            "materialResourceKey": "prepared-material:material:crane.pin.shoulder.material@v1",
            "bindGroupResourceKey": "prepared-material-bind-group:material:crane.pin.shoulder.material@v1|pipeline:standard|opaque|back|less|none",
            "dependencyCount": 0,
            "textureBindingCount": 0,
            "diagnosticCount": 0
          },
          {
            "assetKey": "material:crane.pin.tip.material",
            "sourceVersion": 1,
            "label": "Standard Material",
            "materialFamily": "standard",
            "materialKind": "standard",
            "pipelineKey": "standard|opaque|back|less|none",
            "materialResourceKey": "prepared-material:material:crane.pin.tip.material@v1",
            "bindGroupResourceKey": "prepared-material-bind-group:material:crane.pin.tip.material@v1|pipeline:standard|opaque|back|less|none",
            "dependencyCount": 0,
            "textureBindingCount": 0,
            "diagnosticCount": 0
          },
          {
            "assetKey": "material:crane.sling.0.material",
            "sourceVersion": 1,
            "label": "Standard Material",
            "materialFamily": "standard",
            "materialKind": "standard",
            "pipelineKey": "standard|opaque|back|less|none",
            "materialResourceKey": "prepared-material:material:crane.sling.0.material@v1",
            "bindGroupResourceKey": "prepared-material-bind-group:material:crane.sling.0.material@v1|pipeline:standard|opaque|back|less|none",
            "dependencyCount": 0,
            "textureBindingCount": 0,
            "diagnosticCount": 0
          },
          {
            "assetKey": "material:crane.sling.1.material",
            "sourceVersion": 1,
            "label": "Standard Material",
            "materialFamily": "standard",
            "materialKind": "standard",
            "pipelineKey": "standard|opaque|back|less|none",
            "materialResourceKey": "prepared-material:material:crane.sling.1.material@v1",
            "bindGroupResourceKey": "prepared-material-bind-group:material:crane.sling.1.material@v1|pipeline:standard|opaque|back|less|none",
            "dependencyCount": 0,
            "textureBindingCount": 0,
            "diagnosticCount": 0
          },
          {
            "assetKey": "material:crane.sling.2.material",
            "sourceVersion": 1,
            "label": "Standard Material",
            "materialFamily": "standard",
            "materialKind": "standard",
            "pipelineKey": "standard|opaque|back|less|none",
            "materialResourceKey": "prepared-material:material:crane.sling.2.material@v1",
            "bindGroupResourceKey": "prepared-material-bind-group:material:crane.sling.2.material@v1|pipeline:standard|opaque|back|less|none",
            "dependencyCount": 0,
            "textureBindingCount": 0,
            "diagnosticCount": 0
          },
          {
            "assetKey": "material:crane.sling.3.material",
            "sourceVersion": 1,
            "label": "Standard Material",
            "materialFamily": "standard",
            "materialKind": "standard",
            "pipelineKey": "standard|opaque|back|less|none",
            "materialResourceKey": "prepared-material:material:crane.sling.3.material@v1",
            "bindGroupResourceKey": "prepared-material-bind-group:material:crane.sling.3.material@v1|pipeline:standard|opaque|back|less|none",
            "dependencyCount": 0,
            "textureBindingCount": 0,
            "diagnosticCount": 0
          },
          {
            "assetKey": "material:crane.turntable.material",
            "sourceVersion": 1,
            "label": "Standard Material",
            "materialFamily": "standard",
            "materialKind": "standard",
            "pipelineKey": "standard|opaque|back|less|none",
            "materialResourceKey": "prepared-material:material:crane.turntable.material@v1",
            "bindGroupResourceKey": "prepared-material-bind-group:material:crane.turntable.material@v1|pipeline:standard|opaque|back|less|none",
            "dependencyCount": 0,
            "textureBindingCount": 0,
            "diagnosticCount": 0
          },
          {
            "assetKey": "material:pipe.hollow-elbow.inner.material",
            "sourceVersion": 1,
            "label": "Standard Material",
            "materialFamily": "standard",
            "materialKind": "standard",
            "pipelineKey": "standard|opaque|back|less|none",
            "materialResourceKey": "prepared-material:material:pipe.hollow-elbow.inner.material@v1",
            "bindGroupResourceKey": "prepared-material-bind-group:material:pipe.hollow-elbow.inner.material@v1|pipeline:standard|opaque|back|less|none",
            "dependencyCount": 0,
            "textureBindingCount": 0,
            "diagnosticCount": 0
          },
          {
            "assetKey": "material:pipe.hollow-elbow.outer.material",
            "sourceVersion": 1,
            "label": "Standard Material",
            "materialFamily": "standard",
            "materialKind": "standard",
            "pipelineKey": "standard|opaque|back|less|none",
            "materialResourceKey": "prepared-material:material:pipe.hollow-elbow.outer.material@v1",
            "bindGroupResourceKey": "prepared-material-bind-group:material:pipe.hollow-elbow.outer.material@v1|pipeline:standard|opaque|back|less|none",
            "dependencyCount": 0,
            "textureBindingCount": 0,
            "diagnosticCount": 0
          },
          {
            "assetKey": "material:pipe.hollow-elbow.rims.material",
            "sourceVersion": 1,
            "label": "Standard Material",
            "materialFamily": "standard",
            "materialKind": "standard",
            "pipelineKey": "standard|opaque|back|less|none",
            "materialResourceKey": "prepared-material:material:pipe.hollow-elbow.rims.material@v1",
            "bindGroupResourceKey": "prepared-material-bind-group:material:pipe.hollow-elbow.rims.material@v1|pipeline:standard|opaque|back|less|none",
            "dependencyCount": 0,
            "textureBindingCount": 0,
            "diagnosticCount": 0
          },
          {
            "assetKey": "material:platform.lower.material",
            "sourceVersion": 1,
            "label": "Standard Material",
            "materialFamily": "standard",
            "materialKind": "standard",
            "pipelineKey": "standard|opaque|back|less|none",
            "materialResourceKey": "prepared-material:material:platform.lower.material@v1",
            "bindGroupResourceKey": "prepared-material-bind-group:material:platform.lower.material@v1|pipeline:standard|opaque|back|less|none",
            "dependencyCount": 0,
            "textureBindingCount": 0,
            "diagnosticCount": 0
          },
          {
            "assetKey": "material:platform.middle.material",
            "sourceVersion": 1,
            "label": "Standard Material",
            "materialFamily": "standard",
            "materialKind": "standard",
            "pipelineKey": "standard|opaque|back|less|none",
            "materialResourceKey": "prepared-material:material:platform.middle.material@v1",
            "bindGroupResourceKey": "prepared-material-bind-group:material:platform.middle.material@v1|pipeline:standard|opaque|back|less|none",
            "dependencyCount": 0,
            "textureBindingCount": 0,
            "diagnosticCount": 0
          },
          {
            "assetKey": "material:platform.upper.material",
            "sourceVersion": 1,
            "label": "Standard Material",
            "materialFamily": "standard",
            "materialKind": "standard",
            "pipelineKey": "standard|opaque|back|less|none",
            "materialResourceKey": "prepared-material:material:platform.upper.material@v1",
            "bindGroupResourceKey": "prepared-material-bind-group:material:platform.upper.material@v1|pipeline:standard|opaque|back|less|none",
            "dependencyCount": 0,
            "textureBindingCount": 0,
            "diagnosticCount": 0
          },
          {
            "assetKey": "material:prop.bollard.cap.material",
            "sourceVersion": 1,
            "label": "Standard Material",
            "materialFamily": "standard",
            "materialKind": "standard",
            "pipelineKey": "standard|opaque|back|less|none",
            "materialResourceKey": "prepared-material:material:prop.bollard.cap.material@v1",
            "bindGroupResourceKey": "prepared-material-bind-group:material:prop.bollard.cap.material@v1|pipeline:standard|opaque|back|less|none",
            "dependencyCount": 0,
            "textureBindingCount": 0,
            "diagnosticCount": 0
          },
          {
            "assetKey": "material:prop.bollard.material",
            "sourceVersion": 1,
            "label": "Standard Material",
            "materialFamily": "standard",
            "materialKind": "standard",
            "pipelineKey": "standard|opaque|back|less|none",
            "materialResourceKey": "prepared-material:material:prop.bollard.material@v1",
            "bindGroupResourceKey": "prepared-material-bind-group:material:prop.bollard.material@v1|pipeline:standard|opaque|back|less|none",
            "dependencyCount": 0,
            "textureBindingCount": 0,
            "diagnosticCount": 0
          },
          {
            "assetKey": "material:prop.crate.body.material",
            "sourceVersion": 1,
            "label": "Standard Material",
            "materialFamily": "standard",
            "materialKind": "standard",
            "pipelineKey": "standard|opaque|back|less|none",
            "materialResourceKey": "prepared-material:material:prop.crate.body.material@v1",
            "bindGroupResourceKey": "prepared-material-bind-group:material:prop.crate.body.material@v1|pipeline:standard|opaque|back|less|none",
            "dependencyCount": 0,
            "textureBindingCount": 0,
            "diagnosticCount": 0
          },
          {
            "assetKey": "material:prop.crate.strap-back.0.material",
            "sourceVersion": 1,
            "label": "Standard Material",
            "materialFamily": "standard",
            "materialKind": "standard",
            "pipelineKey": "standard|opaque|back|less|none",
            "materialResourceKey": "prepared-material:material:prop.crate.strap-back.0.material@v1",
            "bindGroupResourceKey": "prepared-material-bind-group:material:prop.crate.strap-back.0.material@v1|pipeline:standard|opaque|back|less|none",
            "dependencyCount": 0,
            "textureBindingCount": 0,
            "diagnosticCount": 0
          },
          {
            "assetKey": "material:prop.crate.strap-back.1.material",
            "sourceVersion": 1,
            "label": "Standard Material",
            "materialFamily": "standard",
            "materialKind": "standard",
            "pipelineKey": "standard|opaque|back|less|none",
            "materialResourceKey": "prepared-material:material:prop.crate.strap-back.1.material@v1",
            "bindGroupResourceKey": "prepared-material-bind-group:material:prop.crate.strap-back.1.material@v1|pipeline:standard|opaque|back|less|none",
            "dependencyCount": 0,
            "textureBindingCount": 0,
            "diagnosticCount": 0
          },
          {
            "assetKey": "material:prop.crate.strap-front.0.material",
            "sourceVersion": 1,
            "label": "Standard Material",
            "materialFamily": "standard",
            "materialKind": "standard",
            "pipelineKey": "standard|opaque|back|less|none",
            "materialResourceKey": "prepared-material:material:prop.crate.strap-front.0.material@v1",
            "bindGroupResourceKey": "prepared-material-bind-group:material:prop.crate.strap-front.0.material@v1|pipeline:standard|opaque|back|less|none",
            "dependencyCount": 0,
            "textureBindingCount": 0,
            "diagnosticCount": 0
          },
          {
            "assetKey": "material:prop.crate.strap-front.1.material",
            "sourceVersion": 1,
            "label": "Standard Material",
            "materialFamily": "standard",
            "materialKind": "standard",
            "pipelineKey": "standard|opaque|back|less|none",
            "materialResourceKey": "prepared-material:material:prop.crate.strap-front.1.material@v1",
            "bindGroupResourceKey": "prepared-material-bind-group:material:prop.crate.strap-front.1.material@v1|pipeline:standard|opaque|back|less|none",
            "dependencyCount": 0,
            "textureBindingCount": 0,
            "diagnosticCount": 0
          },
          {
            "assetKey": "material:prop.crate.strap-top.0.material",
            "sourceVersion": 1,
            "label": "Standard Material",
            "materialFamily": "standard",
            "materialKind": "standard",
            "pipelineKey": "standard|opaque|back|less|none",
            "materialResourceKey": "prepared-material:material:prop.crate.strap-top.0.material@v1",
            "bindGroupResourceKey": "prepared-material-bind-group:material:prop.crate.strap-top.0.material@v1|pipeline:standard|opaque|back|less|none",
            "dependencyCount": 0,
            "textureBindingCount": 0,
            "diagnosticCount": 0
          },
          {
            "assetKey": "material:prop.crate.strap-top.1.material",
            "sourceVersion": 1,
            "label": "Standard Material",
            "materialFamily": "standard",
            "materialKind": "standard",
            "pipelineKey": "standard|opaque|back|less|none",
            "materialResourceKey": "prepared-material:material:prop.crate.strap-top.1.material@v1",
            "bindGroupResourceKey": "prepared-material-bind-group:material:prop.crate.strap-top.1.material@v1|pipeline:standard|opaque|back|less|none",
            "dependencyCount": 0,
            "textureBindingCount": 0,
            "diagnosticCount": 0
          },
          {
            "assetKey": "material:prop.drum.band.0.material",
            "sourceVersion": 1,
            "label": "Standard Material",
            "materialFamily": "standard",
            "materialKind": "standard",
            "pipelineKey": "standard|opaque|back|less|none",
            "materialResourceKey": "prepared-material:material:prop.drum.band.0.material@v1",
            "bindGroupResourceKey": "prepared-material-bind-group:material:prop.drum.band.0.material@v1|pipeline:standard|opaque|back|less|none",
            "dependencyCount": 0,
            "textureBindingCount": 0,
            "diagnosticCount": 0
          },
          {
            "assetKey": "material:prop.drum.band.1.material",
            "sourceVersion": 1,
            "label": "Standard Material",
            "materialFamily": "standard",
            "materialKind": "standard",
            "pipelineKey": "standard|opaque|back|less|none",
            "materialResourceKey": "prepared-material:material:prop.drum.band.1.material@v1",
            "bindGroupResourceKey": "prepared-material-bind-group:material:prop.drum.band.1.material@v1|pipeline:standard|opaque|back|less|none",
            "dependencyCount": 0,
            "textureBindingCount": 0,
            "diagnosticCount": 0
          },
          {
            "assetKey": "material:prop.drum.body.material",
            "sourceVersion": 1,
            "label": "Standard Material",
            "materialFamily": "standard",
            "materialKind": "standard",
            "pipelineKey": "standard|opaque|back|less|none",
            "materialResourceKey": "prepared-material:material:prop.drum.body.material@v1",
            "bindGroupResourceKey": "prepared-material-bind-group:material:prop.drum.body.material@v1|pipeline:standard|opaque|back|less|none",
            "dependencyCount": 0,
            "textureBindingCount": 0,
            "diagnosticCount": 0
          },
          {
            "assetKey": "material:wall.arch.00.material",
            "sourceVersion": 1,
            "label": "Standard Material",
            "materialFamily": "standard",
            "materialKind": "standard",
            "pipelineKey": "standard|opaque|back|less|none",
            "materialResourceKey": "prepared-material:material:wall.arch.00.material@v1",
            "bindGroupResourceKey": "prepared-material-bind-group:material:wall.arch.00.material@v1|pipeline:standard|opaque|back|less|none",
            "dependencyCount": 0,
            "textureBindingCount": 0,
            "diagnosticCount": 0
          },
          {
            "assetKey": "material:wall.arch.01.material",
            "sourceVersion": 1,
            "label": "Standard Material",
            "materialFamily": "standard",
            "materialKind": "standard",
            "pipelineKey": "standard|opaque|back|less|none",
            "materialResourceKey": "prepared-material:material:wall.arch.01.material@v1",
            "bindGroupResourceKey": "prepared-material-bind-group:material:wall.arch.01.material@v1|pipeline:standard|opaque|back|less|none",
            "dependencyCount": 0,
            "textureBindingCount": 0,
            "diagnosticCount": 0
          },
          {
            "assetKey": "material:wall.arch.02.material",
            "sourceVersion": 1,
            "label": "Standard Material",
            "materialFamily": "standard",
            "materialKind": "standard",
            "pipelineKey": "standard|opaque|back|less|none",
            "materialResourceKey": "prepared-material:material:wall.arch.02.material@v1",
            "bindGroupResourceKey": "prepared-material-bind-group:material:wall.arch.02.material@v1|pipeline:standard|opaque|back|less|none",
            "dependencyCount": 0,
            "textureBindingCount": 0,
            "diagnosticCount": 0
          },
          {
            "assetKey": "material:wall.arch.03.material",
            "sourceVersion": 1,
            "label": "Standard Material",
            "materialFamily": "standard",
            "materialKind": "standard",
            "pipelineKey": "standard|opaque|back|less|none",
            "materialResourceKey": "prepared-material:material:wall.arch.03.material@v1",
            "bindGroupResourceKey": "prepared-material-bind-group:material:wall.arch.03.material@v1|pipeline:standard|opaque|back|less|none",
            "dependencyCount": 0,
            "textureBindingCount": 0,
            "diagnosticCount": 0
          },
          {
            "assetKey": "material:wall.arch.04.material",
            "sourceVersion": 1,
            "label": "Standard Material",
            "materialFamily": "standard",
            "materialKind": "standard",
            "pipelineKey": "standard|opaque|back|less|none",
            "materialResourceKey": "prepared-material:material:wall.arch.04.material@v1",
            "bindGroupResourceKey": "prepared-material-bind-group:material:wall.arch.04.material@v1|pipeline:standard|opaque|back|less|none",
            "dependencyCount": 0,
            "textureBindingCount": 0,
            "diagnosticCount": 0
          },
          {
            "assetKey": "material:wall.arch.05.material",
            "sourceVersion": 1,
            "label": "Standard Material",
            "materialFamily": "standard",
            "materialKind": "standard",
            "pipelineKey": "standard|opaque|back|less|none",
            "materialResourceKey": "prepared-material:material:wall.arch.05.material@v1",
            "bindGroupResourceKey": "prepared-material-bind-group:material:wall.arch.05.material@v1|pipeline:standard|opaque|back|less|none",
            "dependencyCount": 0,
            "textureBindingCount": 0,
            "diagnosticCount": 0
          },
          {
            "assetKey": "material:wall.arch.06.material",
            "sourceVersion": 1,
            "label": "Standard Material",
            "materialFamily": "standard",
            "materialKind": "standard",
            "pipelineKey": "standard|opaque|back|less|none",
            "materialResourceKey": "prepared-material:material:wall.arch.06.material@v1",
            "bindGroupResourceKey": "prepared-material-bind-group:material:wall.arch.06.material@v1|pipeline:standard|opaque|back|less|none",
            "dependencyCount": 0,
            "textureBindingCount": 0,
            "diagnosticCount": 0
          },
          {
            "assetKey": "material:wall.arch.07.material",
            "sourceVersion": 1,
            "label": "Standard Material",
            "materialFamily": "standard",
            "materialKind": "standard",
            "pipelineKey": "standard|opaque|back|less|none",
            "materialResourceKey": "prepared-material:material:wall.arch.07.material@v1",
            "bindGroupResourceKey": "prepared-material-bind-group:material:wall.arch.07.material@v1|pipeline:standard|opaque|back|less|none",
            "dependencyCount": 0,
            "textureBindingCount": 0,
            "diagnosticCount": 0
          },
          {
            "assetKey": "material:wall.arch.08.material",
            "sourceVersion": 1,
            "label": "Standard Material",
            "materialFamily": "standard",
            "materialKind": "standard",
            "pipelineKey": "standard|opaque|back|less|none",
            "materialResourceKey": "prepared-material:material:wall.arch.08.material@v1",
            "bindGroupResourceKey": "prepared-material-bind-group:material:wall.arch.08.material@v1|pipeline:standard|opaque|back|less|none",
            "dependencyCount": 0,
            "textureBindingCount": 0,
            "diagnosticCount": 0
          },
          {
            "assetKey": "material:wall.arch.09.material",
            "sourceVersion": 1,
            "label": "Standard Material",
            "materialFamily": "standard",
            "materialKind": "standard",
            "pipelineKey": "standard|opaque|back|less|none",
            "materialResourceKey": "prepared-material:material:wall.arch.09.material@v1",
            "bindGroupResourceKey": "prepared-material-bind-group:material:wall.arch.09.material@v1|pipeline:standard|opaque|back|less|none",
            "dependencyCount": 0,
            "textureBindingCount": 0,
            "diagnosticCount": 0
          },
          {
            "assetKey": "material:wall.arch.10.material",
            "sourceVersion": 1,
            "label": "Standard Material",
            "materialFamily": "standard",
            "materialKind": "standard",
            "pipelineKey": "standard|opaque|back|less|none",
            "materialResourceKey": "prepared-material:material:wall.arch.10.material@v1",
            "bindGroupResourceKey": "prepared-material-bind-group:material:wall.arch.10.material@v1|pipeline:standard|opaque|back|less|none",
            "dependencyCount": 0,
            "textureBindingCount": 0,
            "diagnosticCount": 0
          },
          {
            "assetKey": "material:wall.arch.11.material",
            "sourceVersion": 1,
            "label": "Standard Material",
            "materialFamily": "standard",
            "materialKind": "standard",
            "pipelineKey": "standard|opaque|back|less|none",
            "materialResourceKey": "prepared-material:material:wall.arch.11.material@v1",
            "bindGroupResourceKey": "prepared-material-bind-group:material:wall.arch.11.material@v1|pipeline:standard|opaque|back|less|none",
            "dependencyCount": 0,
            "textureBindingCount": 0,
            "diagnosticCount": 0
          },
          {
            "assetKey": "material:wall.body.continuous.material",
            "sourceVersion": 1,
            "label": "Standard Material",
            "materialFamily": "standard",
            "materialKind": "standard",
            "pipelineKey": "standard|opaque|back|less|none",
            "materialResourceKey": "prepared-material:material:wall.body.continuous.material@v1",
            "bindGroupResourceKey": "prepared-material-bind-group:material:wall.body.continuous.material@v1|pipeline:standard|opaque|back|less|none",
            "dependencyCount": 0,
            "textureBindingCount": 0,
            "diagnosticCount": 0
          },
          {
            "assetKey": "material:wall.cap.material",
            "sourceVersion": 1,
            "label": "Standard Material",
            "materialFamily": "standard",
            "materialKind": "standard",
            "pipelineKey": "standard|opaque|back|less|none",
            "materialResourceKey": "prepared-material:material:wall.cap.material@v1",
            "bindGroupResourceKey": "prepared-material-bind-group:material:wall.cap.material@v1|pipeline:standard|opaque|back|less|none",
            "dependencyCount": 0,
            "textureBindingCount": 0,
            "diagnosticCount": 0
          },
          {
            "assetKey": "material:wall.lamp.backplate.material",
            "sourceVersion": 1,
            "label": "Standard Material",
            "materialFamily": "standard",
            "materialKind": "standard",
            "pipelineKey": "standard|opaque|back|less|none",
            "materialResourceKey": "prepared-material:material:wall.lamp.backplate.material@v1",
            "bindGroupResourceKey": "prepared-material-bind-group:material:wall.lamp.backplate.material@v1|pipeline:standard|opaque|back|less|none",
            "dependencyCount": 0,
            "textureBindingCount": 0,
            "diagnosticCount": 0
          },
          {
            "assetKey": "material:wall.lamp.diffuser.material",
            "sourceVersion": 1,
            "label": "Standard Material",
            "materialFamily": "standard",
            "materialKind": "standard",
            "pipelineKey": "standard|opaque|back|less|none",
            "materialResourceKey": "prepared-material:material:wall.lamp.diffuser.material@v1",
            "bindGroupResourceKey": "prepared-material-bind-group:material:wall.lamp.diffuser.material@v1|pipeline:standard|opaque|back|less|none",
            "dependencyCount": 0,
            "textureBindingCount": 0,
            "diagnosticCount": 0
          }
        ]
      },
      "textureResourcesCreated": 0,
      "textureResourcesReused": 0,
      "textureSamplerCache": {
        "textureEntries": 2,
        "samplerEntries": 1,
        "totalEntries": 3
      },
      "samplerResourcesCreated": 0,
      "samplerResourcesReused": 0,
      "bindGroupsCreated": 260,
      "bindGroupsReused": 0,
      "queuedBindGroupsCreated": 67,
      "queuedBindGroupsReused": 128,
      "queuedBindGroupCacheSize": 67,
      "lightBuffersCreated": 65,
      "lightBuffersReused": 0,
      "standardFrameResourceCacheHits": 0,
      "standardFrameResourceCacheMisses": 65,
      "standardFrameResourceCacheMissReasons": {
        "no-route-entry": 65
      },
      "localLightClusterBuffersCreated": 0,
      "localLightClusterBuffersReused": 0,
      "localLightClusterBufferWrites": 0,
      "localLightClusterBufferWritesSkipped": 0,
      "autoShadowFramesCreated": 1,
      "autoShadowFramesReused": 0,
      "autoShadowFrameCache": {
        "status": "miss",
        "reason": "no-previous-frame",
        "pipelineKind": "directional",
        "cachedFrame": null,
        "previousFrame": null,
        "currentInputKeyHash": "2f5b3b53",
        "cachedInputKeyHash": null,
        "currentInputKeyLength": 16842,
        "cachedInputKeyLength": null
      },
      "dynamicBufferWrites": 0
    },
    "depthAttachment": {
      "format": "depth24plus",
      "attached": true,
      "width": 1024,
      "height": 1024,
      "opaquePipelineDepthWriteCount": 1
    },
    "renderTargets": [
      {
        "viewId": 65,
        "source": "swapchain",
        "renderTargetKey": null,
        "width": 1024,
        "height": 1024,
        "format": "bgra8unorm",
        "ok": true,
        "drawCalls": 65,
        "msaaSampleCount": 4,
        "graph": {
          "order": [
            "aperture-webgpu-app:shadow:shadow-pass:66:light:66:post-fg",
            "aperture-webgpu-app:swapchain:scene",
            "aperture-webgpu-app:post:0:bloom:0:brightpass",
            "aperture-webgpu-app:post:0:bloom:1:blur-horizontal",
            "aperture-webgpu-app:post:0:bloom:2:blur-vertical",
            "aperture-webgpu-app:post:0:bloom:3:blur-horizontal",
            "aperture-webgpu-app:post:0:bloom:4:blur-vertical",
            "aperture-webgpu-app:post:0:bloom:5:blur-horizontal",
            "aperture-webgpu-app:post:0:bloom:6:blur-vertical",
            "aperture-webgpu-app:post:0:bloom:7:blur-horizontal",
            "aperture-webgpu-app:post:0:bloom:8:blur-vertical",
            "aperture-webgpu-app:post:0:bloom:9:blur-horizontal",
            "aperture-webgpu-app:post:0:bloom:10:blur-vertical",
            "aperture-webgpu-app:post:0:bloom:11:composite",
            "aperture-webgpu-app:post:1:hdr-tonemap"
          ],
          "userPasses": []
        }
      }
    ],
    "postEffects": [
      {
        "effectId": "bloom",
        "label": "Bloom Post Effect",
        "viewId": 65,
        "input": "aperture-webgpu-app:post:scene",
        "output": "offscreen",
        "ok": true,
        "drawCalls": 12,
        "graph": {
          "topology": "unreal-bloom",
          "passCount": 12,
          "resourceCount": 11,
          "brightpassPasses": 1,
          "downsamplePasses": 0,
          "upsamplePasses": 0,
          "horizontalBlurPasses": 5,
          "verticalBlurPasses": 5,
          "compositePasses": 1,
          "levels": [
            {
              "width": 512,
              "height": 512,
              "kernelSize": 6
            },
            {
              "width": 256,
              "height": 256,
              "kernelSize": 10
            },
            {
              "width": 128,
              "height": 128,
              "kernelSize": 14
            },
            {
              "width": 64,
              "height": 64,
              "kernelSize": 18
            },
            {
              "width": 32,
              "height": 32,
              "kernelSize": 22
            }
          ]
        }
      },
      {
        "effectId": "hdr-tonemap",
        "label": "HDR Tonemap Post Effect",
        "viewId": 65,
        "input": "aperture-webgpu-app:post:0:intermediate",
        "output": "swapchain",
        "ok": true,
        "drawCalls": 1
      }
    ],
    "msaa": {
      "requestedSampleCount": 4,
      "sampleCount": 4,
      "enabled": true,
      "clamped": false,
      "supportedSampleCounts": [
        1,
        4
      ],
      "colorTargets": 1,
      "colorTexturesCreated": 1,
      "colorTexturesReused": 0
    },
    "phaseTimings": {
      "ready": true,
      "frame": 0,
      "sampleWindow": 60,
      "totalMilliseconds": 85.76312900000005,
      "phases": [
        {
          "phase": "extract",
          "latestMilliseconds": 0,
          "averageMilliseconds": 0,
          "minimumMilliseconds": 0,
          "maximumMilliseconds": 0,
          "sampleCount": 1
        },
        {
          "phase": "collect",
          "latestMilliseconds": 7.5711860000000115,
          "averageMilliseconds": 7.5711860000000115,
          "minimumMilliseconds": 7.5711860000000115,
          "maximumMilliseconds": 7.5711860000000115,
          "sampleCount": 1
        },
        {
          "phase": "prepare",
          "latestMilliseconds": 55.49697200000003,
          "averageMilliseconds": 55.49697200000003,
          "minimumMilliseconds": 55.49697200000003,
          "maximumMilliseconds": 55.49697200000003,
          "sampleCount": 1
        },
        {
          "phase": "queue",
          "latestMilliseconds": 0.29679699999996956,
          "averageMilliseconds": 0.29679699999996956,
          "minimumMilliseconds": 0.29679699999996956,
          "maximumMilliseconds": 0.29679699999996956,
          "sampleCount": 1
        },
        {
          "phase": "sort",
          "latestMilliseconds": 9.515123000000017,
          "averageMilliseconds": 9.515123000000017,
          "minimumMilliseconds": 9.515123000000017,
          "maximumMilliseconds": 9.515123000000017,
          "sampleCount": 1
        },
        {
          "phase": "submit",
          "latestMilliseconds": 12.883051000000023,
          "averageMilliseconds": 12.883051000000023,
          "minimumMilliseconds": 12.883051000000023,
          "maximumMilliseconds": 12.883051000000023,
          "sampleCount": 1
        }
      ],
      "details": [
        {
          "detail": "prepareMain",
          "latestMilliseconds": 54.20329199999992,
          "averageMilliseconds": 54.20329199999992,
          "minimumMilliseconds": 54.20329199999992,
          "maximumMilliseconds": 54.20329199999992,
          "sampleCount": 1
        },
        {
          "detail": "prepareMainMotionVectors",
          "latestMilliseconds": 0.06438699999989694,
          "averageMilliseconds": 0.06438699999989694,
          "minimumMilliseconds": 0.06438699999989694,
          "maximumMilliseconds": 0.06438699999989694,
          "sampleCount": 1
        },
        {
          "detail": "prepareMainViews",
          "latestMilliseconds": 0.47420499999998356,
          "averageMilliseconds": 0.47420499999998356,
          "minimumMilliseconds": 0.47420499999998356,
          "maximumMilliseconds": 0.47420499999998356,
          "sampleCount": 1
        },
        {
          "detail": "prepareMainTransforms",
          "latestMilliseconds": 0.40369799999996303,
          "averageMilliseconds": 0.40369799999996303,
          "minimumMilliseconds": 0.40369799999996303,
          "maximumMilliseconds": 0.40369799999996303,
          "sampleCount": 1
        },
        {
          "detail": "prepareMainPreviousTransforms",
          "latestMilliseconds": 0.08666099999993548,
          "averageMilliseconds": 0.08666099999993548,
          "minimumMilliseconds": 0.08666099999993548,
          "maximumMilliseconds": 0.08666099999993548,
          "sampleCount": 1
        },
        {
          "detail": "prepareMainInstanceTints",
          "latestMilliseconds": 0.11202900000000682,
          "averageMilliseconds": 0.11202900000000682,
          "minimumMilliseconds": 0.11202900000000682,
          "maximumMilliseconds": 0.11202900000000682,
          "sampleCount": 1
        },
        {
          "detail": "prepareMainAreaLights",
          "latestMilliseconds": 5.289504999999963,
          "averageMilliseconds": 5.289504999999963,
          "minimumMilliseconds": 5.289504999999963,
          "maximumMilliseconds": 5.289504999999963,
          "sampleCount": 1
        },
        {
          "detail": "prepareMainTransmission",
          "latestMilliseconds": 0.19684700000004796,
          "averageMilliseconds": 0.19684700000004796,
          "minimumMilliseconds": 0.19684700000004796,
          "maximumMilliseconds": 0.19684700000004796,
          "sampleCount": 1
        },
        {
          "detail": "prepareMainAutoShadow",
          "latestMilliseconds": 17.860420999999974,
          "averageMilliseconds": 17.860420999999974,
          "minimumMilliseconds": 17.860420999999974,
          "maximumMilliseconds": 17.860420999999974,
          "sampleCount": 1
        },
        {
          "detail": "prepareMainResources",
          "latestMilliseconds": 28.671874000000003,
          "averageMilliseconds": 28.671874000000003,
          "minimumMilliseconds": 28.671874000000003,
          "maximumMilliseconds": 28.671874000000003,
          "sampleCount": 1
        },
        {
          "detail": "prepareOverlays",
          "latestMilliseconds": 0.6730450000000019,
          "averageMilliseconds": 0.6730450000000019,
          "minimumMilliseconds": 0.6730450000000019,
          "maximumMilliseconds": 0.6730450000000019,
          "sampleCount": 1
        },
        {
          "detail": "prepareOverlayFeatures",
          "latestMilliseconds": 0.5544170000000577,
          "averageMilliseconds": 0.5544170000000577,
          "minimumMilliseconds": 0.5544170000000577,
          "maximumMilliseconds": 0.5544170000000577,
          "sampleCount": 1
        },
        {
          "detail": "prepareOverlaySprites",
          "latestMilliseconds": 0.05560400000001664,
          "averageMilliseconds": 0.05560400000001664,
          "minimumMilliseconds": 0.05560400000001664,
          "maximumMilliseconds": 0.05560400000001664,
          "sampleCount": 1
        },
        {
          "detail": "prepareOverlayText",
          "latestMilliseconds": 0.025148000000058346,
          "averageMilliseconds": 0.025148000000058346,
          "minimumMilliseconds": 0.025148000000058346,
          "maximumMilliseconds": 0.025148000000058346,
          "sampleCount": 1
        },
        {
          "detail": "prepareOverlayParticles",
          "latestMilliseconds": 0,
          "averageMilliseconds": 0,
          "minimumMilliseconds": 0,
          "maximumMilliseconds": 0,
          "sampleCount": 1
        },
        {
          "detail": "prepareOverlayUi",
          "latestMilliseconds": 0,
          "averageMilliseconds": 0,
          "minimumMilliseconds": 0,
          "maximumMilliseconds": 0,
          "sampleCount": 1
        }
      ]
    },
    "commandPressure": {
      "resolvedDraws": 65,
      "drawCommands": 65,
      "stateCommands": {
        "planned": 391,
        "emitted": 135,
        "elided": 256,
        "setPipeline": {
          "planned": 65,
          "emitted": 1,
          "elided": 64
        },
        "setBindGroup": {
          "planned": 260,
          "emitted": 68,
          "elided": 192
        },
        "setVertexBuffer": {
          "planned": 65,
          "emitted": 65,
          "elided": 0
        },
        "setIndexBuffer": {
          "planned": 1,
          "emitted": 1,
          "elided": 0
        }
      }
    },
    "motionVectors": {
      "required": false,
      "status": "disabled",
      "colorFormat": null,
      "fallbackReason": "not-required",
      "objectTransforms": {
        "available": false,
        "resourceKey": null,
        "total": 0,
        "used": 0,
        "fallback": 0,
        "missing": [],
        "stored": 0,
        "staleRemoved": 0
      }
    },
    "shadow": {
      "ready": true,
      "status": "ready",
      "shadowKind": "directional",
      "requestCount": 1,
      "requestCoverage": {
        "requestedCount": 1,
        "servedCount": 1,
        "omittedCount": 0,
        "requested": [
          {
            "shadowId": 66,
            "lightId": 66,
            "lightKind": "directional"
          }
        ],
        "served": [
          {
            "shadowId": 66,
            "lightId": 66,
            "lightKind": "directional"
          }
        ],
        "omitted": []
      },
      "passCount": 1,
      "drawCalls": 65,
      "casterCounts": {
        "requestedDraws": 65,
        "includedDraws": 65,
        "readyDraws": 65,
        "encodedDrawCalls": 65,
        "submittedDrawCalls": 65
      },
      "descriptor": {
        "ready": true,
        "requestCount": 1,
        "descriptorCount": 1,
        "sections": {
          "shadowRequests": true,
          "shadowMapDescriptors": true,
          "shadowPassSubmission": false
        },
        "descriptors": [
          {
            "shadowId": 66,
            "lightId": 66,
            "lightKind": "directional",
            "resourceKey": "shadow-map:66:light:66",
            "depthFormat": "depth24plus",
            "mapSize": 1024,
            "textureWidth": 1024,
            "textureHeight": 1024,
            "depthBias": 0.0006000000284984708,
            "normalBias": 0.019999999552965164,
            "filterRadiusTexels": 16,
            "cascadeCount": 1,
            "faceCount": 1,
            "viewDimension": "2d",
            "layerCount": 1,
            "layerBaseIndex": 0,
            "casterLayerMask": -1,
            "receiverLayerMask": -1,
            "ready": true
          }
        ],
        "diagnostics": []
      },
      "viewProjection": {
        "ready": true,
        "status": "ready",
        "requestCount": 1,
        "passCount": 1,
        "planCount": 1,
        "sections": {
          "shadowRequests": true,
          "lightPackets": true,
          "passPlans": true,
          "matrixPlanning": true,
          "gpuResources": false
        },
        "plans": [
          {
            "shadowId": 66,
            "lightId": 66,
            "planKey": "directional-shadow-view-projection:66:light:66",
            "passKey": "shadow-pass:66:light:66",
            "lightKind": "directional",
            "cascadeIndex": 0,
            "cascadeCount": 1,
            "cascadeNear": 0,
            "cascadeFar": 1,
            "cascadeNearDistance": 0.1,
            "cascadeFarDistance": 10,
            "lightTransformOffset": 0,
            "mapSize": 1024,
            "casterLayerMask": -1,
            "receiverLayerMask": -1,
            "center": [
              0,
              1.399999976158142,
              0
            ],
            "orthographicSize": 12,
            "near": 0.10000000149011612,
            "far": 35,
            "lightDistance": 15,
            "projection": "orthographic",
            "viewMatrixKey": "shadow-pass:66:light:66:view",
            "projectionMatrixKey": "shadow-pass:66:light:66:projection",
            "viewProjectionMatrixKey": "shadow-pass:66:light:66:view-projection",
            "computation": "ready"
          }
        ],
        "diagnostics": []
      },
      "matrixComputation": {
        "ready": true,
        "status": "ready",
        "planCount": 1,
        "matrixCount": 1,
        "sections": {
          "viewProjectionPlanning": true,
          "transformData": true,
          "matrixComputation": true,
          "gpuBufferAllocation": false,
          "upload": false,
          "passSubmission": false
        },
        "matrices": [
          {
            "shadowId": 66,
            "lightId": 66,
            "planKey": "directional-shadow-view-projection:66:light:66",
            "passKey": "shadow-pass:66:light:66",
            "matrixKey": "shadow-pass:66:light:66:view-projection",
            "lightTransformOffset": 0,
            "cascadeIndex": 0,
            "cascadeCount": 1,
            "cascadeNear": 0,
            "cascadeFar": 1,
            "center": [
              0,
              1.399999976158142,
              0
            ],
            "lightDirection": [
              0.421637028640796,
              -0.7378647926708124,
              -0.5270462634492532
            ],
            "lightPosition": [
              -6.32455542961194,
              12.467971866220328,
              7.905693951738798
            ],
            "orthographicSize": 12,
            "near": 0.10000000149011612,
            "far": 35,
            "viewMatrix": [
              0.7808687965196288,
              0.46094049366588186,
              -0.421637028640796,
              0,
              0,
              0.6749485519184844,
              0.7378647926708124,
              0,
              0.6246950637086756,
              -0.5761755926470628,
              0.5270462634492532,
              0,
              0,
              -0.9449279565938511,
              -16.03301069214707,
              1
            ],
            "projectionMatrix": [
              0.1666666716337204,
              0,
              0,
              0,
              0,
              0.1666666716337204,
              0,
              0,
              0,
              0,
              -0.02865329571068287,
              0,
              0,
              0,
              -0.0028653296176344156,
              1
            ],
            "viewProjectionMatrix": [
              0.13014480471611023,
              0.07682342082262039,
              0.01208129059523344,
              0,
              0,
              0.1124914288520813,
              -0.021142257377505302,
              0,
              0.10411584377288818,
              -0.09602926671504974,
              -0.01510161254554987,
              0,
              0,
              -0.15748800337314606,
              0.4565332531929016,
              1
            ]
          }
        ],
        "diagnostics": []
      },
      "casterDrawList": {
        "ready": true,
        "status": "ready",
        "requestCount": 1,
        "meshDrawCount": 65,
        "listCount": 1,
        "includedDrawCount": 65,
        "skippedDrawCount": 0,
        "sections": {
          "shadowRequests": true,
          "passPlans": true,
          "casterFiltering": true,
          "commandEncoding": true
        },
        "lists": [
          {
            "shadowId": 66,
            "lightId": 66,
            "passKey": "shadow-pass:66:light:66",
            "casterLayerMask": -1,
            "receiverLayerMask": -1,
            "includedDrawCount": 65,
            "skippedDrawCount": 0,
            "commandEncoding": "ready",
            "omittedDrawCount": 57,
            "drawSample": [
              {
                "renderId": 0,
                "meshKey": "mesh:courtyard.slab.mesh",
                "materialKey": "material:courtyard.slab.material",
                "meshLayoutKey": "POSITION,NORMAL,TEXCOORD_0",
                "casterCullMode": "front",
                "submesh": 0,
                "vertexStart": 0,
                "vertexCount": 36,
                "indexStart": 0,
                "indexCount": 0
              },
              {
                "renderId": 8,
                "meshKey": "mesh:crane.boom.lower.mesh",
                "materialKey": "material:crane.boom.lower.material",
                "meshLayoutKey": "POSITION,NORMAL,TEXCOORD_0",
                "casterCullMode": "front",
                "submesh": 0,
                "vertexStart": 0,
                "vertexCount": 36,
                "indexStart": 0,
                "indexCount": 0
              },
              {
                "renderId": 9,
                "meshKey": "mesh:crane.boom.upper.mesh",
                "materialKey": "material:crane.boom.upper.material",
                "meshLayoutKey": "POSITION,NORMAL,TEXCOORD_0",
                "casterCullMode": "front",
                "submesh": 0,
                "vertexStart": 0,
                "vertexCount": 36,
                "indexStart": 0,
                "indexCount": 0
              },
              {
                "renderId": 7,
                "meshKey": "mesh:crane.counterweight.mesh",
                "materialKey": "material:crane.counterweight.material",
                "meshLayoutKey": "POSITION,NORMAL,TEXCOORD_0",
                "casterCullMode": "front",
                "submesh": 0,
                "vertexStart": 0,
                "vertexCount": 36,
                "indexStart": 0,
                "indexCount": 0
              },
              {
                "renderId": 4,
                "meshKey": "mesh:crane.foot.mesh",
                "materialKey": "material:crane.foot.material",
                "meshLayoutKey": "POSITION,NORMAL,TEXCOORD_0",
                "casterCullMode": "front",
                "submesh": 0,
                "vertexStart": 0,
                "vertexCount": 36,
                "indexStart": 0,
                "indexCount": 0
              },
              {
                "renderId": 21,
                "meshKey": "mesh:crane.hoist.cable.mesh",
                "materialKey": "material:crane.hoist.cable.material",
                "meshLayoutKey": "POSITION,NORMAL,TEXCOORD_0",
                "casterCullMode": "front",
                "submesh": 0,
                "vertexStart": 0,
                "vertexCount": 84,
                "indexStart": 0,
                "indexCount": 0
              },
              {
                "renderId": 22,
                "meshKey": "mesh:crane.hook.mesh",
                "materialKey": "material:crane.hook.material",
                "meshLayoutKey": "POSITION,NORMAL,TEXCOORD_0",
                "casterCullMode": "front",
                "submesh": 0,
                "vertexStart": 0,
                "vertexCount": 900,
                "indexStart": 0,
                "indexCount": 0
              },
              {
                "renderId": 16,
                "meshKey": "mesh:crane.hydraulic-mount.mesh",
                "materialKey": "material:crane.hydraulic-mount.material",
                "meshLayoutKey": "POSITION,NORMAL,TEXCOORD_0",
                "casterCullMode": "front",
                "submesh": 0,
                "vertexStart": 0,
                "vertexCount": 36,
                "indexStart": 0,
                "indexCount": 0
              }
            ]
          }
        ],
        "diagnostics": []
      },
      "depthTextureKeys": [
        "shadow-map:66:light:66:texture"
      ],
      "matrixBufferResourceKey": "shadow-matrix-buffer:directional",
      "sections": {
        "shadowRequests": true,
        "depthTextureResources": true,
        "matrixBufferResource": true,
        "samplerResource": true,
        "pipelineResource": true,
        "matrixBindGroupResource": true,
        "commandBufferSubmission": false,
        "receiverResources": true
      },
      "resourceReuse": {
        "depthTexturesCreated": 1,
        "depthTexturesReused": 0,
        "matrixBuffersCreated": 1,
        "matrixBuffersReused": 0,
        "samplersCreated": 1,
        "samplersReused": 0,
        "pipelinesCreated": 1,
        "pipelinesReused": 0,
        "matrixBindGroupsCreated": 1,
        "matrixBindGroupsReused": 0
      },
      "commandBufferSubmission": {
        "status": "ready",
        "assembledPasses": 1,
        "commandBuffers": 0,
        "submittedCommandBuffers": 0,
        "commandBufferKeys": [],
        "sections": {
          "encoderAssembly": false,
          "commandBufferFinish": false,
          "queueSubmission": false,
          "shaderSampling": false
        }
      },
      "diagnostics": []
    },
    "particles": {
      "emitters": 0,
      "liveParticles": 0,
      "texturedEmitters": 0,
      "statesCreated": 0,
      "statesReused": 0,
      "staleStatesRemoved": 0,
      "dispatches": 0,
      "textureResourcesCreated": 0,
      "textureResourcesReused": 0,
      "samplerResourcesCreated": 0,
      "samplerResourcesReused": 0
    },
    "features": {
      "particles": {
        "emitters": 0,
        "liveParticles": 0,
        "texturedEmitters": 0,
        "statesCreated": 0,
        "statesReused": 0,
        "staleStatesRemoved": 0,
        "dispatches": 0,
        "textureResourcesCreated": 0,
        "textureResourcesReused": 0,
        "samplerResourcesCreated": 0,
        "samplerResourcesReused": 0
      }
    }
  },
  "diagnostics": {
    "lastFrame": {
      "ok": true,
      "frame": 0,
      "renderChangeSet": {
        "previousFrame": null,
        "frame": 0,
        "views": {
          "changed": 1,
          "unchanged": 0,
          "removed": 0
        },
        "meshDraws": {
          "changed": 65,
          "unchanged": 0,
          "removed": 0
        },
        "shadowCasterDraws": {
          "changed": 65,
          "unchanged": 0,
          "removed": 0
        },
        "lights": {
          "changed": 4,
          "unchanged": 0,
          "removed": 0
        },
        "environments": {
          "changed": 0,
          "unchanged": 0,
          "removed": 0
        },
        "proceduralSkies": {
          "changed": 0,
          "unchanged": 0,
          "removed": 0
        },
        "runtimeUniforms": {
          "changed": 0,
          "unchanged": 0,
          "removed": 0
        },
        "shadowRequests": {
          "changed": 1,
          "unchanged": 0,
          "removed": 0
        },
        "bounds": {
          "changed": 130,
          "unchanged": 0,
          "removed": 0
        },
        "total": {
          "changed": 266,
          "unchanged": 0,
          "removed": 0
        },
        "keys": {
          "views": {
            "changed": [
              "view:65"
            ],
            "unchanged": [],
            "removed": []
          },
          "meshDraws": {
            "changed": [
              "mesh-draw:0",
              "mesh-draw:8",
              "mesh-draw:9",
              "mesh-draw:7",
              "mesh-draw:4",
              "mesh-draw:21",
              "mesh-draw:22",
              "mesh-draw:16",
              "mesh-draw:17",
              "mesh-draw:19",
              "mesh-draw:20",
              "mesh-draw:18",
              "mesh-draw:23",
              "mesh-draw:25",
              "mesh-draw:28",
              "mesh-draw:24",
              "mesh-draw:27",
              "mesh-draw:26",
              "mesh-draw:29",
              "mesh-draw:6",
              "mesh-draw:13",
              "mesh-draw:11",
              "mesh-draw:15",
              "mesh-draw:12",
              "mesh-draw:10",
              "mesh-draw:14",
              "mesh-draw:30",
              "mesh-draw:31",
              "mesh-draw:32",
              "mesh-draw:33",
              "mesh-draw:5",
              "mesh-draw:51",
              "mesh-draw:50",
              "mesh-draw:52",
              "mesh-draw:1",
              "mesh-draw:2",
              "mesh-draw:3",
              "mesh-draw:64",
              "mesh-draw:63",
              "mesh-draw:53",
              "mesh-draw:55",
              "mesh-draw:58",
              "mesh-draw:54",
              "mesh-draw:57",
              "mesh-draw:56",
              "mesh-draw:59",
              "mesh-draw:61",
              "mesh-draw:62",
              "mesh-draw:60",
              "mesh-draw:35",
              "mesh-draw:36",
              "mesh-draw:37",
              "mesh-draw:38",
              "mesh-draw:39",
              "mesh-draw:40",
              "mesh-draw:41",
              "mesh-draw:42",
              "mesh-draw:43",
              "mesh-draw:44",
              "mesh-draw:45",
              "mesh-draw:46",
              "mesh-draw:34",
              "mesh-draw:47",
              "mesh-draw:48",
              "mesh-draw:49"
            ],
            "unchanged": [],
            "removed": []
          },
          "shadowCasterDraws": {
            "changed": [
              "shadow-caster-draw:0",
              "shadow-caster-draw:8",
              "shadow-caster-draw:9",
              "shadow-caster-draw:7",
              "shadow-caster-draw:4",
              "shadow-caster-draw:21",
              "shadow-caster-draw:22",
              "shadow-caster-draw:16",
              "shadow-caster-draw:17",
              "shadow-caster-draw:19",
              "shadow-caster-draw:20",
              "shadow-caster-draw:18",
              "shadow-caster-draw:23",
              "shadow-caster-draw:25",
              "shadow-caster-draw:28",
              "shadow-caster-draw:24",
              "shadow-caster-draw:27",
              "shadow-caster-draw:26",
              "shadow-caster-draw:29",
              "shadow-caster-draw:6",
              "shadow-caster-draw:13",
              "shadow-caster-draw:11",
              "shadow-caster-draw:15",
              "shadow-caster-draw:12",
              "shadow-caster-draw:10",
              "shadow-caster-draw:14",
              "shadow-caster-draw:30",
              "shadow-caster-draw:31",
              "shadow-caster-draw:32",
              "shadow-caster-draw:33",
              "shadow-caster-draw:5",
              "shadow-caster-draw:51",
              "shadow-caster-draw:50",
              "shadow-caster-draw:52",
              "shadow-caster-draw:1",
              "shadow-caster-draw:2",
              "shadow-caster-draw:3",
              "shadow-caster-draw:64",
              "shadow-caster-draw:63",
              "shadow-caster-draw:53",
              "shadow-caster-draw:55",
              "shadow-caster-draw:58",
              "shadow-caster-draw:54",
              "shadow-caster-draw:57",
              "shadow-caster-draw:56",
              "shadow-caster-draw:59",
              "shadow-caster-draw:61",
              "shadow-caster-draw:62",
              "shadow-caster-draw:60",
              "shadow-caster-draw:35",
              "shadow-caster-draw:36",
              "shadow-caster-draw:37",
              "shadow-caster-draw:38",
              "shadow-caster-draw:39",
              "shadow-caster-draw:40",
              "shadow-caster-draw:41",
              "shadow-caster-draw:42",
              "shadow-caster-draw:43",
              "shadow-caster-draw:44",
              "shadow-caster-draw:45",
              "shadow-caster-draw:46",
              "shadow-caster-draw:34",
              "shadow-caster-draw:47",
              "shadow-caster-draw:48",
              "shadow-caster-draw:49"
            ],
            "unchanged": [],
            "removed": []
          },
          "lights": {
            "changed": [
              "light:66",
              "light:67",
              "light:68",
              "light:69"
            ],
            "unchanged": [],
            "removed": []
          },
          "environments": {
            "changed": [],
            "unchanged": [],
            "removed": []
          },
          "proceduralSkies": {
            "changed": [],
            "unchanged": [],
            "removed": []
          },
          "runtimeUniforms": {
            "changed": [],
            "unchanged": [],
            "removed": []
          },
          "shadowRequests": {
            "changed": [
              "shadow-request:66"
            ],
            "unchanged": [],
            "removed": []
          },
          "bounds": {
            "changed": [
              "bounds:0:0",
              "bounds:1:0",
              "bounds:2:0",
              "bounds:3:0",
              "bounds:4:0",
              "bounds:5:0",
              "bounds:6:0",
              "bounds:7:0",
              "bounds:8:0",
              "bounds:9:0",
              "bounds:10:0",
              "bounds:11:0",
              "bounds:12:0",
              "bounds:13:0",
              "bounds:14:0",
              "bounds:15:0",
              "bounds:16:0",
              "bounds:17:0",
              "bounds:18:0",
              "bounds:19:0",
              "bounds:20:0",
              "bounds:21:0",
              "bounds:22:0",
              "bounds:23:0",
              "bounds:24:0",
              "bounds:25:0",
              "bounds:26:0",
              "bounds:27:0",
              "bounds:28:0",
              "bounds:29:0",
              "bounds:30:0",
              "bounds:31:0",
              "bounds:32:0",
              "bounds:33:0",
              "bounds:34:0",
              "bounds:35:0",
              "bounds:36:0",
              "bounds:37:0",
              "bounds:38:0",
              "bounds:39:0",
              "bounds:40:0",
              "bounds:41:0",
              "bounds:42:0",
              "bounds:43:0",
              "bounds:44:0",
              "bounds:45:0",
              "bounds:46:0",
              "bounds:47:0",
              "bounds:48:0",
              "bounds:49:0",
              "bounds:50:0",
              "bounds:51:0",
              "bounds:52:0",
              "bounds:53:0",
              "bounds:54:0",
              "bounds:55:0",
              "bounds:56:0",
              "bounds:57:0",
              "bounds:58:0",
              "bounds:59:0",
              "bounds:60:0",
              "bounds:61:0",
              "bounds:62:0",
              "bounds:63:0",
              "bounds:64:0",
              "bounds:0:0",
              "bounds:1:0",
              "bounds:2:0",
              "bounds:3:0",
              "bounds:4:0",
              "bounds:5:0",
              "bounds:6:0",
              "bounds:7:0",
              "bounds:8:0",
              "bounds:9:0",
              "bounds:10:0",
              "bounds:11:0",
              "bounds:12:0",
              "bounds:13:0",
              "bounds:14:0",
              "bounds:15:0",
              "bounds:16:0",
              "bounds:17:0",
              "bounds:18:0",
              "bounds:19:0",
              "bounds:20:0",
              "bounds:21:0",
              "bounds:22:0",
              "bounds:23:0",
              "bounds:24:0",
              "bounds:25:0",
              "bounds:26:0",
              "bounds:27:0",
              "bounds:28:0",
              "bounds:29:0",
              "bounds:30:0",
              "bounds:31:0",
              "bounds:32:0",
              "bounds:33:0",
              "bounds:34:0",
              "bounds:35:0",
              "bounds:36:0",
              "bounds:37:0",
              "bounds:38:0",
              "bounds:39:0",
              "bounds:40:0",
              "bounds:41:0",
              "bounds:42:0",
              "bounds:43:0",
              "bounds:44:0",
              "bounds:45:0",
              "bounds:46:0",
              "bounds:47:0",
              "bounds:48:0",
              "bounds:49:0",
              "bounds:50:0",
              "bounds:51:0",
              "bounds:52:0",
              "bounds:53:0",
              "bounds:54:0",
              "bounds:55:0",
              "bounds:56:0",
              "bounds:57:0",
              "bounds:58:0",
              "bounds:59:0",
              "bounds:60:0",
              "bounds:61:0",
              "bounds:62:0",
              "bounds:63:0",
              "bounds:64:0"
            ],
            "unchanged": [],
            "removed": []
          }
        }
      },
      "renderUpdateSchedule": {
        "previousFrame": null,
        "frame": 0,
        "fullRefresh": true,
        "incremental": false,
        "families": [
          {
            "family": "views",
            "action": "refresh",
            "changed": 1,
            "unchanged": 0,
            "removed": 0,
            "refreshes": 1,
            "reuses": 0,
            "removals": 0,
            "packetWork": 1
          },
          {
            "family": "meshDraws",
            "action": "refresh",
            "changed": 65,
            "unchanged": 0,
            "removed": 0,
            "refreshes": 65,
            "reuses": 0,
            "removals": 0,
            "packetWork": 65
          },
          {
            "family": "shadowCasterDraws",
            "action": "refresh",
            "changed": 65,
            "unchanged": 0,
            "removed": 0,
            "refreshes": 65,
            "reuses": 0,
            "removals": 0,
            "packetWork": 65
          },
          {
            "family": "lights",
            "action": "refresh",
            "changed": 4,
            "unchanged": 0,
            "removed": 0,
            "refreshes": 4,
            "reuses": 0,
            "removals": 0,
            "packetWork": 4
          },
          {
            "family": "environments",
            "action": "skip",
            "changed": 0,
            "unchanged": 0,
            "removed": 0,
            "refreshes": 0,
            "reuses": 0,
            "removals": 0,
            "packetWork": 0
          },
          {
            "family": "proceduralSkies",
            "action": "skip",
            "changed": 0,
            "unchanged": 0,
            "removed": 0,
            "refreshes": 0,
            "reuses": 0,
            "removals": 0,
            "packetWork": 0
          },
          {
            "family": "runtimeUniforms",
            "action": "skip",
            "changed": 0,
            "unchanged": 0,
            "removed": 0,
            "refreshes": 0,
            "reuses": 0,
            "removals": 0,
            "packetWork": 0
          },
          {
            "family": "shadowRequests",
            "action": "refresh",
            "changed": 1,
            "unchanged": 0,
            "removed": 0,
            "refreshes": 1,
            "reuses": 0,
            "removals": 0,
            "packetWork": 1
          },
          {
            "family": "bounds",
            "action": "refresh",
            "changed": 130,
            "unchanged": 0,
            "removed": 0,
            "refreshes": 130,
            "reuses": 0,
            "removals": 0,
            "packetWork": 130
          }
        ],
        "byFamily": {
          "views": {
            "family": "views",
            "action": "refresh",
            "changed": 1,
            "unchanged": 0,
            "removed": 0,
            "refreshes": 1,
            "reuses": 0,
            "removals": 0,
            "packetWork": 1
          },
          "meshDraws": {
            "family": "meshDraws",
            "action": "refresh",
            "changed": 65,
            "unchanged": 0,
            "removed": 0,
            "refreshes": 65,
            "reuses": 0,
            "removals": 0,
            "packetWork": 65
          },
          "shadowCasterDraws": {
            "family": "shadowCasterDraws",
            "action": "refresh",
            "changed": 65,
            "unchanged": 0,
            "removed": 0,
            "refreshes": 65,
            "reuses": 0,
            "removals": 0,
            "packetWork": 65
          },
          "lights": {
            "family": "lights",
            "action": "refresh",
            "changed": 4,
            "unchanged": 0,
            "removed": 0,
            "refreshes": 4,
            "reuses": 0,
            "removals": 0,
            "packetWork": 4
          },
          "environments": {
            "family": "environments",
            "action": "skip",
            "changed": 0,
            "unchanged": 0,
            "removed": 0,
            "refreshes": 0,
            "reuses": 0,
            "removals": 0,
            "packetWork": 0
          },
          "proceduralSkies": {
            "family": "proceduralSkies",
            "action": "skip",
            "changed": 0,
            "unchanged": 0,
            "removed": 0,
            "refreshes": 0,
            "reuses": 0,
            "removals": 0,
            "packetWork": 0
          },
          "runtimeUniforms": {
            "family": "runtimeUniforms",
            "action": "skip",
            "changed": 0,
            "unchanged": 0,
            "removed": 0,
            "refreshes": 0,
            "reuses": 0,
            "removals": 0,
            "packetWork": 0
          },
          "shadowRequests": {
            "family": "shadowRequests",
            "action": "refresh",
            "changed": 1,
            "unchanged": 0,
            "removed": 0,
            "refreshes": 1,
            "reuses": 0,
            "removals": 0,
            "packetWork": 1
          },
          "bounds": {
            "family": "bounds",
            "action": "refresh",
            "changed": 130,
            "unchanged": 0,
            "removed": 0,
            "refreshes": 130,
            "reuses": 0,
            "removals": 0,
            "packetWork": 130
          }
        },
        "total": {
          "families": 9,
          "refreshFamilies": 6,
          "reuseFamilies": 0,
          "removeFamilies": 0,
          "mixedFamilies": 0,
          "skipFamilies": 3,
          "packetRefreshes": 266,
          "packetReuses": 0,
          "packetRemovals": 0,
          "packetWork": 266
        }
      },
      "counts": {
        "views": 1,
        "meshDraws": 65,
        "shadowCasterDraws": 65,
        "spriteDraws": 0,
        "particleEmitters": 0,
        "quadInstances": 0,
        "quadBatches": 0,
        "uiNodes": 0,
        "uiHitRegions": 0,
        "skyboxes": 0,
        "proceduralSkies": 0,
        "runtimeUniforms": 0,
        "fogs": 0,
        "drawPackages": 65,
        "drawCommands": 239,
        "drawCalls": 78,
        "diagnostics": 0
      },
      "diagnostics": [],
      "lightingHealth": {
        "output": {
          "tonemap": "agx",
          "exposure": 1,
          "hdr": true,
          "colorSpace": "srgb"
        },
        "lighting": {
          "ambient": 1,
          "directional": 1,
          "point": 1,
          "spot": 0,
          "area": 1,
          "environment": 0,
          "diffuseIblReady": false,
          "specularIblReady": false,
          "diffuseIblActive": false,
          "specularIblActive": false,
          "environmentPreparationStatus": "not-requested"
        },
        "materials": {
          "visible": 65,
          "highMetallic": 0,
          "highMetallicWithoutIbl": 0,
          "maximumMetallicFactor": 0,
          "unresolved": 0
        },
        "warnings": []
      },
      "diagnosticsSummary": {
        "sectionCount": 6,
        "materialQueue": {
          "itemCount": 65,
          "byPhase": [
            {
              "phase": "opaque",
              "itemCount": 65
            }
          ],
          "byFamily": [
            {
              "family": "standard",
              "itemCount": 65
            }
          ],
          "byPhaseAndFamily": [
            {
              "phase": "opaque",
              "family": "standard",
              "itemCount": 65
            }
          ]
        },
        "routedResourceSet": {
          "itemCount": 65,
          "byFamily": [
            {
              "family": "standard",
              "itemCount": 65
            }
          ],
          "byPipeline": [
            {
              "pipelineKey": "standard|shadowMap|opaque|back|less|none",
              "itemCount": 65
            }
          ],
          "byFamilyAndPipeline": [
            {
              "family": "standard",
              "pipelineKey": "standard|shadowMap|opaque|back|less|none",
              "itemCount": 65
            }
          ]
        },
        "builtInAppResourceAdapters": {
          "valid": true,
          "expectedFamilies": [
            "unlit",
            "matcap",
            "standard",
            "debug-normal"
          ],
          "registeredFamilies": [
            "unlit",
            "matcap",
            "standard",
            "debug-normal"
          ],
          "diagnostics": []
        },
        "renderFrameQueue": {
          "ready": true,
          "readyDrawCount": 65,
          "blockedDrawCount": 0,
          "packageCount": 65,
          "packagePoolSize": 65,
          "packageSlotsReused": 0,
          "packageSlotsCreated": 65,
          "missingPackedTransformCount": 0,
          "draw": {
            "packages": 65,
            "descriptors": 65,
            "drawList": 65,
            "resolved": 65
          },
          "stateSort": {
            "phase": "opaque",
            "policy": "opaque-state-resource-front-to-back-stable",
            "recordCount": 65,
            "stableOrder": {
              "pipeline": 1,
              "materialResource": 65,
              "meshLayout": 1,
              "meshResource": 65,
              "total": 132
            },
            "stateAwareOrder": {
              "pipeline": 1,
              "materialResource": 65,
              "meshLayout": 1,
              "meshResource": 65,
              "total": 132
            },
            "delta": {
              "pipeline": 0,
              "materialResource": 0,
              "meshLayout": 0,
              "meshResource": 0,
              "total": 0
            }
          },
          "diagnostics": {
            "total": 0,
            "byCode": {}
          }
        },
        "renderQueueSortPhases": [
          {
            "phase": "opaque",
            "recordCount": 65,
            "sortPolicy": {
              "name": "opaque-state-resource-front-to-back-stable",
              "depthOrder": "front-to-back",
              "primaryKeys": [
                "queue",
                "viewId",
                "layer",
                "order",
                "pipelineKey",
                "materialResourceKey",
                "meshLayoutKey",
                "meshResourceKey",
                "depth"
              ],
              "tieBreakers": [
                "stableId",
                "renderId",
                "sortOrdinal"
              ],
              "totalOrder": true
            }
          }
        ],
        "directLighting": {
          "ready": true,
          "lightCounts": {
            "total": 4,
            "direct": 3,
            "ambient": 1,
            "directional": 1,
            "point": 1,
            "spot": 0,
            "rectArea": 1,
            "environment": 0,
            "areaShapes": {
              "rect": 1,
              "disk": 0,
              "sphere": 0
            }
          },
          "sections": {
            "lightGpuBuffers": true,
            "lightBindGroupLayout": true,
            "lightBindGroup": true,
            "shaderMetadata": true
          },
          "resources": {
            "lightGpuBufferResourceKey": "light-buffer:main",
            "lightBindGroupLayoutKey": "webgpu-app/standard/lights-shadow/group-3/pipeline:{\"shader\":{\"label\":\"aperture/standard-mesh-shadow-receiver\",\"family\":\"standard\",\"variantKey\":\"direct-lit-metallic-roughness-shadow-map\"},\"targets\":{\"colorFormats\":[\"rgba16float\"],\"depthFormat\":\"depth24plus\",\"stencilFormat\":null},\"layouts\":{\"vertex\":\"POSITION,NORMAL,TEXCOORD_0\",\"bindGroups\":[\"standard/group-0:view-uniform@0\",\"standard/group-1:world-transforms@0\",\"standard/group-2:material@0\",\"standard/lights-shadow/group-3:light-floats@0,light-metadata@1,matrix@2,depth@3,sampler@4\"]},\"primitive\":{\"topology\":\"triangle-list\",\"cullMode\":\"back\",\"frontFace\":\"ccw\",\"stripIndexFormat\":null},\"depthStencil\":{\"format\":\"depth24plus\",\"depthWriteEnabled\":true,\"depthCompare\":\"less\",\"depthBias\":0,\"depthBiasSlopeScale\":0,\"stencilReadMask\":0,\"stencilWriteMask\":0},\"blend\":{\"alphaToCoverageEnabled\":false,\"colorTargets\":[{\"format\":\"rgba16float\",\"blend\":null,\"writeMask\":\"all\"}]},\"multisample\":{\"sampleCount\":4},\"material\":{\"pipelineKey\":\"standard|shadowMap|opaque|back|less|none\",\"variantKey\":\"material:courtyard.slab.material\"},\"batch\":{\"pipelineKey\":\"standard|shadowMap|opaque|back|less|none\",\"materialKey\":\"material:courtyard.slab.material\",\"meshLayoutKey\":\"POSITION,NORMAL,TEXCOORD_0\",\"topology\":\"triangle-list\",\"instanced\":false,\"skinned\":false,\"morphed\":false}}",
            "lightBindGroupResourceKey": "bind-group:webgpu-app/standard/lights-shadow/group-3/pipeline:{\"shader\":{\"label\":\"aperture/standard-mesh-shadow-receiver\",\"family\":\"standard\",\"variantKey\":\"direct-lit-metallic-roughness-shadow-map\"},\"targets\":{\"colorFormats\":[\"rgba16float\"],\"depthFormat\":\"depth24plus\",\"stencilFormat\":null},\"layouts\":{\"vertex\":\"POSITION,NORMAL,TEXCOORD_0\",\"bindGroups\":[\"standard/group-0:view-uniform@0\",\"standard/group-1:world-transforms@0\",\"standard/group-2:material@0\",\"standard/lights-shadow/group-3:light-floats@0,light-metadata@1,matrix@2,depth@3,sampler@4\"]},\"primitive\":{\"topology\":\"triangle-list\",\"cullMode\":\"back\",\"frontFace\":\"ccw\",\"stripIndexFormat\":null},\"depthStencil\":{\"format\":\"depth24plus\",\"depthWriteEnabled\":true,\"depthCompare\":\"less\",\"depthBias\":0,\"depthBiasSlopeScale\":0,\"stencilReadMask\":0,\"stencilWriteMask\":0},\"blend\":{\"alphaToCoverageEnabled\":false,\"colorTargets\":[{\"format\":\"rgba16float\",\"blend\":null,\"writeMask\":\"all\"}]},\"multisample\":{\"sampleCount\":4},\"material\":{\"pipelineKey\":\"standard|shadowMap|opaque|back|less|none\",\"variantKey\":\"material:courtyard.slab.material\"},\"batch\":{\"pipelineKey\":\"standard|shadowMap|opaque|back|less|none\",\"materialKey\":\"material:courtyard.slab.material\",\"meshLayoutKey\":\"POSITION,NORMAL,TEXCOORD_0\",\"topology\":\"triangle-list\",\"instanced\":false,\"skinned\":false,\"morphed\":false}}/0:light-buffer:main/floats/1:light-buffer:main/metadata/2:shadow-matrix-buffer:directional/3:shadow-map:66:light:66:texture/4:shadow-sampler:directional/11:standard-area-light-ltc:matrix/12:standard-area-light-ltc:fresnel/13:standard-area-light-ltc:sampler"
          },
          "shaderMetadata": {
            "valid": true,
            "diagnostics": []
          },
          "diagnostics": []
        }
      },
      "resourceReuse": {
        "pipelineHits": 64,
        "pipelineMisses": 1,
        "meshBuffersCreated": 65,
        "meshBuffersReused": 65,
        "preparedMeshBuffersCreated": 65,
        "preparedMeshBuffersReused": 65,
        "preparedMeshCache": {
          "totalEntries": 65,
          "layouts": [
            {
              "layoutKey": "mesh-upload-layout|vertex:triangle-list-interleaved:count:126:bytes:4032:usage:40|index:uint16:count:240:bytes:480:usage:24",
              "entries": 1
            },
            {
              "layoutKey": "mesh-upload-layout|vertex:triangle-list-interleaved:count:132:bytes:4224:usage:40|index:none",
              "entries": 15
            },
            {
              "layoutKey": "mesh-upload-layout|vertex:triangle-list-interleaved:count:144:bytes:4608:usage:40|index:none",
              "entries": 1
            },
            {
              "layoutKey": "mesh-upload-layout|vertex:triangle-list-interleaved:count:180:bytes:5760:usage:40|index:none",
              "entries": 1
            },
            {
              "layoutKey": "mesh-upload-layout|vertex:triangle-list-interleaved:count:36:bytes:1152:usage:40|index:none",
              "entries": 39
            },
            {
              "layoutKey": "mesh-upload-layout|vertex:triangle-list-interleaved:count:84:bytes:2688:usage:40|index:none",
              "entries": 5
            },
            {
              "layoutKey": "mesh-upload-layout|vertex:triangle-list-interleaved:count:864:bytes:27648:usage:40|index:none",
              "entries": 2
            },
            {
              "layoutKey": "mesh-upload-layout|vertex:triangle-list-interleaved:count:900:bytes:28800:usage:40|index:none",
              "entries": 1
            }
          ]
        },
        "preparedMeshCacheEviction": {
          "checked": 65,
          "retained": 0,
          "evicted": 0,
          "skippedInUse": 65
        },
        "preparedMeshFacade": {
          "totalEntries": 65,
          "entries": [
            {
              "assetKey": "mesh:courtyard.slab.mesh",
              "sourceVersion": 1,
              "label": "courtyard.slab",
              "meshResourceKey": "prepared-mesh:mesh:courtyard.slab.mesh",
              "vertexStreams": 1,
              "submeshes": 1,
              "hasIndexBuffer": false,
              "diagnosticCount": 0
            },
            {
              "assetKey": "mesh:crane.boom.lower.mesh",
              "sourceVersion": 1,
              "label": "crane.boom.lower",
              "meshResourceKey": "prepared-mesh:mesh:crane.boom.lower.mesh",
              "vertexStreams": 1,
              "submeshes": 1,
              "hasIndexBuffer": false,
              "diagnosticCount": 0
            },
            {
              "assetKey": "mesh:crane.boom.upper.mesh",
              "sourceVersion": 1,
              "label": "crane.boom.upper",
              "meshResourceKey": "prepared-mesh:mesh:crane.boom.upper.mesh",
              "vertexStreams": 1,
              "submeshes": 1,
              "hasIndexBuffer": false,
              "diagnosticCount": 0
            },
            {
              "assetKey": "mesh:crane.counterweight.mesh",
              "sourceVersion": 1,
              "label": "crane.counterweight",
              "meshResourceKey": "prepared-mesh:mesh:crane.counterweight.mesh",
              "vertexStreams": 1,
              "submeshes": 1,
              "hasIndexBuffer": false,
              "diagnosticCount": 0
            },
            {
              "assetKey": "mesh:crane.foot.mesh",
              "sourceVersion": 1,
              "label": "crane.foot",
              "meshResourceKey": "prepared-mesh:mesh:crane.foot.mesh",
              "vertexStreams": 1,
              "submeshes": 1,
              "hasIndexBuffer": false,
              "diagnosticCount": 0
            },
            {
              "assetKey": "mesh:crane.hoist.cable.mesh",
              "sourceVersion": 1,
              "label": "crane.hoist.cable",
              "meshResourceKey": "prepared-mesh:mesh:crane.hoist.cable.mesh",
              "vertexStreams": 1,
              "submeshes": 1,
              "hasIndexBuffer": false,
              "diagnosticCount": 0
            },
            {
              "assetKey": "mesh:crane.hook.mesh",
              "sourceVersion": 1,
              "label": "crane.hook",
              "meshResourceKey": "prepared-mesh:mesh:crane.hook.mesh",
              "vertexStreams": 1,
              "submeshes": 1,
              "hasIndexBuffer": false,
              "diagnosticCount": 0
            },
            {
              "assetKey": "mesh:crane.hydraulic-mount.mesh",
              "sourceVersion": 1,
              "label": "crane.hydraulic-mount",
              "meshResourceKey": "prepared-mesh:mesh:crane.hydraulic-mount.mesh",
              "vertexStreams": 1,
              "submeshes": 1,
              "hasIndexBuffer": false,
              "diagnosticCount": 0
            },
            {
              "assetKey": "mesh:crane.hydraulic.body.mesh",
              "sourceVersion": 1,
              "label": "crane.hydraulic.body",
              "meshResourceKey": "prepared-mesh:mesh:crane.hydraulic.body.mesh",
              "vertexStreams": 1,
              "submeshes": 1,
              "hasIndexBuffer": false,
              "diagnosticCount": 0
            },
            {
              "assetKey": "mesh:crane.hydraulic.eye.base.mesh",
              "sourceVersion": 1,
              "label": "crane.hydraulic.eye.base",
              "meshResourceKey": "prepared-mesh:mesh:crane.hydraulic.eye.base.mesh",
              "vertexStreams": 1,
              "submeshes": 1,
              "hasIndexBuffer": false,
              "diagnosticCount": 0
            },
            {
              "assetKey": "mesh:crane.hydraulic.eye.boom.mesh",
              "sourceVersion": 1,
              "label": "crane.hydraulic.eye.boom",
              "meshResourceKey": "prepared-mesh:mesh:crane.hydraulic.eye.boom.mesh",
              "vertexStreams": 1,
              "submeshes": 1,
              "hasIndexBuffer": false,
              "diagnosticCount": 0
            },
            {
              "assetKey": "mesh:crane.hydraulic.rod.mesh",
              "sourceVersion": 1,
              "label": "crane.hydraulic.rod",
              "meshResourceKey": "prepared-mesh:mesh:crane.hydraulic.rod.mesh",
              "vertexStreams": 1,
              "submeshes": 1,
              "hasIndexBuffer": false,
              "diagnosticCount": 0
            },
            {
              "assetKey": "mesh:crane.load.body.mesh",
              "sourceVersion": 1,
              "label": "crane.load.body",
              "meshResourceKey": "prepared-mesh:mesh:crane.load.body.mesh",
              "vertexStreams": 1,
              "submeshes": 1,
              "hasIndexBuffer": false,
              "diagnosticCount": 0
            },
            {
              "assetKey": "mesh:crane.load.strap-back.0.mesh",
              "sourceVersion": 1,
              "label": "crane.load.strap-back.0",
              "meshResourceKey": "prepared-mesh:mesh:crane.load.strap-back.0.mesh",
              "vertexStreams": 1,
              "submeshes": 1,
              "hasIndexBuffer": false,
              "diagnosticCount": 0
            },
            {
              "assetKey": "mesh:crane.load.strap-back.1.mesh",
              "sourceVersion": 1,
              "label": "crane.load.strap-back.1",
              "meshResourceKey": "prepared-mesh:mesh:crane.load.strap-back.1.mesh",
              "vertexStreams": 1,
              "submeshes": 1,
              "hasIndexBuffer": false,
              "diagnosticCount": 0
            },
            {
              "assetKey": "mesh:crane.load.strap-front.0.mesh",
              "sourceVersion": 1,
              "label": "crane.load.strap-front.0",
              "meshResourceKey": "prepared-mesh:mesh:crane.load.strap-front.0.mesh",
              "vertexStreams": 1,
              "submeshes": 1,
              "hasIndexBuffer": false,
              "diagnosticCount": 0
            },
            {
              "assetKey": "mesh:crane.load.strap-front.1.mesh",
              "sourceVersion": 1,
              "label": "crane.load.strap-front.1",
              "meshResourceKey": "prepared-mesh:mesh:crane.load.strap-front.1.mesh",
              "vertexStreams": 1,
              "submeshes": 1,
              "hasIndexBuffer": false,
              "diagnosticCount": 0
            },
            {
              "assetKey": "mesh:crane.load.strap-top.0.mesh",
              "sourceVersion": 1,
              "label": "crane.load.strap-top.0",
              "meshResourceKey": "prepared-mesh:mesh:crane.load.strap-top.0.mesh",
              "vertexStreams": 1,
              "submeshes": 1,
              "hasIndexBuffer": false,
              "diagnosticCount": 0
            },
            {
              "assetKey": "mesh:crane.load.strap-top.1.mesh",
              "sourceVersion": 1,
              "label": "crane.load.strap-top.1",
              "meshResourceKey": "prepared-mesh:mesh:crane.load.strap-top.1.mesh",
              "vertexStreams": 1,
              "submeshes": 1,
              "hasIndexBuffer": false,
              "diagnosticCount": 0
            },
            {
              "assetKey": "mesh:crane.pedestal.mesh",
              "sourceVersion": 1,
              "label": "crane.pedestal",
              "meshResourceKey": "prepared-mesh:mesh:crane.pedestal.mesh",
              "vertexStreams": 1,
              "submeshes": 1,
              "hasIndexBuffer": false,
              "diagnosticCount": 0
            },
            {
              "assetKey": "mesh:crane.pin-cap.elbow.mesh",
              "sourceVersion": 1,
              "label": "crane.pin-cap.elbow",
              "meshResourceKey": "prepared-mesh:mesh:crane.pin-cap.elbow.mesh",
              "vertexStreams": 1,
              "submeshes": 1,
              "hasIndexBuffer": false,
              "diagnosticCount": 0
            },
            {
              "assetKey": "mesh:crane.pin-cap.shoulder.mesh",
              "sourceVersion": 1,
              "label": "crane.pin-cap.shoulder",
              "meshResourceKey": "prepared-mesh:mesh:crane.pin-cap.shoulder.mesh",
              "vertexStreams": 1,
              "submeshes": 1,
              "hasIndexBuffer": false,
              "diagnosticCount": 0
            },
            {
              "assetKey": "mesh:crane.pin-cap.tip.mesh",
              "sourceVersion": 1,
              "label": "crane.pin-cap.tip",
              "meshResourceKey": "prepared-mesh:mesh:crane.pin-cap.tip.mesh",
              "vertexStreams": 1,
              "submeshes": 1,
              "hasIndexBuffer": false,
              "diagnosticCount": 0
            },
            {
              "assetKey": "mesh:crane.pin.elbow.mesh",
              "sourceVersion": 1,
              "label": "crane.pin.elbow",
              "meshResourceKey": "prepared-mesh:mesh:crane.pin.elbow.mesh",
              "vertexStreams": 1,
              "submeshes": 1,
              "hasIndexBuffer": false,
              "diagnosticCount": 0
            },
            {
              "assetKey": "mesh:crane.pin.shoulder.mesh",
              "sourceVersion": 1,
              "label": "crane.pin.shoulder",
              "meshResourceKey": "prepared-mesh:mesh:crane.pin.shoulder.mesh",
              "vertexStreams": 1,
              "submeshes": 1,
              "hasIndexBuffer": false,
              "diagnosticCount": 0
            },
            {
              "assetKey": "mesh:crane.pin.tip.mesh",
              "sourceVersion": 1,
              "label": "crane.pin.tip",
              "meshResourceKey": "prepared-mesh:mesh:crane.pin.tip.mesh",
              "vertexStreams": 1,
              "submeshes": 1,
              "hasIndexBuffer": false,
              "diagnosticCount": 0
            },
            {
              "assetKey": "mesh:crane.sling.0.mesh",
              "sourceVersion": 1,
              "label": "crane.sling.0",
              "meshResourceKey": "prepared-mesh:mesh:crane.sling.0.mesh",
              "vertexStreams": 1,
              "submeshes": 1,
              "hasIndexBuffer": false,
              "diagnosticCount": 0
            },
            {
              "assetKey": "mesh:crane.sling.1.mesh",
              "sourceVersion": 1,
              "label": "crane.sling.1",
              "meshResourceKey": "prepared-mesh:mesh:crane.sling.1.mesh",
              "vertexStreams": 1,
              "submeshes": 1,
              "hasIndexBuffer": false,
              "diagnosticCount": 0
            },
            {
              "assetKey": "mesh:crane.sling.2.mesh",
              "sourceVersion": 1,
              "label": "crane.sling.2",
              "meshResourceKey": "prepared-mesh:mesh:crane.sling.2.mesh",
              "vertexStreams": 1,
              "submeshes": 1,
              "hasIndexBuffer": false,
              "diagnosticCount": 0
            },
            {
              "assetKey": "mesh:crane.sling.3.mesh",
              "sourceVersion": 1,
              "label": "crane.sling.3",
              "meshResourceKey": "prepared-mesh:mesh:crane.sling.3.mesh",
              "vertexStreams": 1,
              "submeshes": 1,
              "hasIndexBuffer": false,
              "diagnosticCount": 0
            },
            {
              "assetKey": "mesh:crane.turntable.mesh",
              "sourceVersion": 1,
              "label": "crane.turntable",
              "meshResourceKey": "prepared-mesh:mesh:crane.turntable.mesh",
              "vertexStreams": 1,
              "submeshes": 1,
              "hasIndexBuffer": false,
              "diagnosticCount": 0
            },
            {
              "assetKey": "mesh:pipe.hollow-elbow.inner.mesh",
              "sourceVersion": 1,
              "label": "pipe.hollow-elbow.inner",
              "meshResourceKey": "prepared-mesh:mesh:pipe.hollow-elbow.inner.mesh",
              "vertexStreams": 1,
              "submeshes": 1,
              "hasIndexBuffer": false,
              "diagnosticCount": 0
            },
            {
              "assetKey": "mesh:pipe.hollow-elbow.outer.mesh",
              "sourceVersion": 1,
              "label": "pipe.hollow-elbow.outer",
              "meshResourceKey": "prepared-mesh:mesh:pipe.hollow-elbow.outer.mesh",
              "vertexStreams": 1,
              "submeshes": 1,
              "hasIndexBuffer": false,
              "diagnosticCount": 0
            },
            {
              "assetKey": "mesh:pipe.hollow-elbow.rims.mesh",
              "sourceVersion": 1,
              "label": "pipe.hollow-elbow.rims",
              "meshResourceKey": "prepared-mesh:mesh:pipe.hollow-elbow.rims.mesh",
              "vertexStreams": 1,
              "submeshes": 1,
              "hasIndexBuffer": false,
              "diagnosticCount": 0
            },
            {
              "assetKey": "mesh:platform.lower.mesh",
              "sourceVersion": 1,
              "label": "platform.lower",
              "meshResourceKey": "prepared-mesh:mesh:platform.lower.mesh",
              "vertexStreams": 1,
              "submeshes": 1,
              "hasIndexBuffer": false,
              "diagnosticCount": 0
            },
            {
              "assetKey": "mesh:platform.middle.mesh",
              "sourceVersion": 1,
              "label": "platform.middle",
              "meshResourceKey": "prepared-mesh:mesh:platform.middle.mesh",
              "vertexStreams": 1,
              "submeshes": 1,
              "hasIndexBuffer": false,
              "diagnosticCount": 0
            },
            {
              "assetKey": "mesh:platform.upper.mesh",
              "sourceVersion": 1,
              "label": "platform.upper",
              "meshResourceKey": "prepared-mesh:mesh:platform.upper.mesh",
              "vertexStreams": 1,
              "submeshes": 1,
              "hasIndexBuffer": false,
              "diagnosticCount": 0
            },
            {
              "assetKey": "mesh:prop.bollard.cap.mesh",
              "sourceVersion": 1,
              "label": "prop.bollard.cap",
              "meshResourceKey": "prepared-mesh:mesh:prop.bollard.cap.mesh",
              "vertexStreams": 1,
              "submeshes": 1,
              "hasIndexBuffer": false,
              "diagnosticCount": 0
            },
            {
              "assetKey": "mesh:prop.bollard.mesh",
              "sourceVersion": 1,
              "label": "prop.bollard",
              "meshResourceKey": "prepared-mesh:mesh:prop.bollard.mesh",
              "vertexStreams": 1,
              "submeshes": 1,
              "hasIndexBuffer": false,
              "diagnosticCount": 0
            },
            {
              "assetKey": "mesh:prop.crate.body.mesh",
              "sourceVersion": 1,
              "label": "prop.crate.body",
              "meshResourceKey": "prepared-mesh:mesh:prop.crate.body.mesh",
              "vertexStreams": 1,
              "submeshes": 1,
              "hasIndexBuffer": false,
              "diagnosticCount": 0
            },
            {
              "assetKey": "mesh:prop.crate.strap-back.0.mesh",
              "sourceVersion": 1,
              "label": "prop.crate.strap-back.0",
              "meshResourceKey": "prepared-mesh:mesh:prop.crate.strap-back.0.mesh",
              "vertexStreams": 1,
              "submeshes": 1,
              "hasIndexBuffer": false,
              "diagnosticCount": 0
            },
            {
              "assetKey": "mesh:prop.crate.strap-back.1.mesh",
              "sourceVersion": 1,
              "label": "prop.crate.strap-back.1",
              "meshResourceKey": "prepared-mesh:mesh:prop.crate.strap-back.1.mesh",
              "vertexStreams": 1,
              "submeshes": 1,
              "hasIndexBuffer": false,
              "diagnosticCount": 0
            },
            {
              "assetKey": "mesh:prop.crate.strap-front.0.mesh",
              "sourceVersion": 1,
              "label": "prop.crate.strap-front.0",
              "meshResourceKey": "prepared-mesh:mesh:prop.crate.strap-front.0.mesh",
              "vertexStreams": 1,
              "submeshes": 1,
              "hasIndexBuffer": false,
              "diagnosticCount": 0
            },
            {
              "assetKey": "mesh:prop.crate.strap-front.1.mesh",
              "sourceVersion": 1,
              "label": "prop.crate.strap-front.1",
              "meshResourceKey": "prepared-mesh:mesh:prop.crate.strap-front.1.mesh",
              "vertexStreams": 1,
              "submeshes": 1,
              "hasIndexBuffer": false,
              "diagnosticCount": 0
            },
            {
              "assetKey": "mesh:prop.crate.strap-top.0.mesh",
              "sourceVersion": 1,
              "label": "prop.crate.strap-top.0",
              "meshResourceKey": "prepared-mesh:mesh:prop.crate.strap-top.0.mesh",
              "vertexStreams": 1,
              "submeshes": 1,
              "hasIndexBuffer": false,
              "diagnosticCount": 0
            },
            {
              "assetKey": "mesh:prop.crate.strap-top.1.mesh",
              "sourceVersion": 1,
              "label": "prop.crate.strap-top.1",
              "meshResourceKey": "prepared-mesh:mesh:prop.crate.strap-top.1.mesh",
              "vertexStreams": 1,
              "submeshes": 1,
              "hasIndexBuffer": false,
              "diagnosticCount": 0
            },
            {
              "assetKey": "mesh:prop.drum.band.0.mesh",
              "sourceVersion": 1,
              "label": "prop.drum.band.0",
              "meshResourceKey": "prepared-mesh:mesh:prop.drum.band.0.mesh",
              "vertexStreams": 1,
              "submeshes": 1,
              "hasIndexBuffer": false,
              "diagnosticCount": 0
            },
            {
              "assetKey": "mesh:prop.drum.band.1.mesh",
              "sourceVersion": 1,
              "label": "prop.drum.band.1",
              "meshResourceKey": "prepared-mesh:mesh:prop.drum.band.1.mesh",
              "vertexStreams": 1,
              "submeshes": 1,
              "hasIndexBuffer": false,
              "diagnosticCount": 0
            },
            {
              "assetKey": "mesh:prop.drum.body.mesh",
              "sourceVersion": 1,
              "label": "prop.drum.body",
              "meshResourceKey": "prepared-mesh:mesh:prop.drum.body.mesh",
              "vertexStreams": 1,
              "submeshes": 1,
              "hasIndexBuffer": false,
              "diagnosticCount": 0
            },
            {
              "assetKey": "mesh:wall.arch.00.mesh",
              "sourceVersion": 1,
              "label": "wall.arch.00",
              "meshResourceKey": "prepared-mesh:mesh:wall.arch.00.mesh",
              "vertexStreams": 1,
              "submeshes": 1,
              "hasIndexBuffer": false,
              "diagnosticCount": 0
            },
            {
              "assetKey": "mesh:wall.arch.01.mesh",
              "sourceVersion": 1,
              "label": "wall.arch.01",
              "meshResourceKey": "prepared-mesh:mesh:wall.arch.01.mesh",
              "vertexStreams": 1,
              "submeshes": 1,
              "hasIndexBuffer": false,
              "diagnosticCount": 0
            },
            {
              "assetKey": "mesh:wall.arch.02.mesh",
              "sourceVersion": 1,
              "label": "wall.arch.02",
              "meshResourceKey": "prepared-mesh:mesh:wall.arch.02.mesh",
              "vertexStreams": 1,
              "submeshes": 1,
              "hasIndexBuffer": false,
              "diagnosticCount": 0
            },
            {
              "assetKey": "mesh:wall.arch.03.mesh",
              "sourceVersion": 1,
              "label": "wall.arch.03",
              "meshResourceKey": "prepared-mesh:mesh:wall.arch.03.mesh",
              "vertexStreams": 1,
              "submeshes": 1,
              "hasIndexBuffer": false,
              "diagnosticCount": 0
            },
            {
              "assetKey": "mesh:wall.arch.04.mesh",
              "sourceVersion": 1,
              "label": "wall.arch.04",
              "meshResourceKey": "prepared-mesh:mesh:wall.arch.04.mesh",
              "vertexStreams": 1,
              "submeshes": 1,
              "hasIndexBuffer": false,
              "diagnosticCount": 0
            },
            {
              "assetKey": "mesh:wall.arch.05.mesh",
              "sourceVersion": 1,
              "label": "wall.arch.05",
              "meshResourceKey": "prepared-mesh:mesh:wall.arch.05.mesh",
              "vertexStreams": 1,
              "submeshes": 1,
              "hasIndexBuffer": false,
              "diagnosticCount": 0
            },
            {
              "assetKey": "mesh:wall.arch.06.mesh",
              "sourceVersion": 1,
              "label": "wall.arch.06",
              "meshResourceKey": "prepared-mesh:mesh:wall.arch.06.mesh",
              "vertexStreams": 1,
              "submeshes": 1,
              "hasIndexBuffer": false,
              "diagnosticCount": 0
            },
            {
              "assetKey": "mesh:wall.arch.07.mesh",
              "sourceVersion": 1,
              "label": "wall.arch.07",
              "meshResourceKey": "prepared-mesh:mesh:wall.arch.07.mesh",
              "vertexStreams": 1,
              "submeshes": 1,
              "hasIndexBuffer": false,
              "diagnosticCount": 0
            },
            {
              "assetKey": "mesh:wall.arch.08.mesh",
              "sourceVersion": 1,
              "label": "wall.arch.08",
              "meshResourceKey": "prepared-mesh:mesh:wall.arch.08.mesh",
              "vertexStreams": 1,
              "submeshes": 1,
              "hasIndexBuffer": false,
              "diagnosticCount": 0
            },
            {
              "assetKey": "mesh:wall.arch.09.mesh",
              "sourceVersion": 1,
              "label": "wall.arch.09",
              "meshResourceKey": "prepared-mesh:mesh:wall.arch.09.mesh",
              "vertexStreams": 1,
              "submeshes": 1,
              "hasIndexBuffer": false,
              "diagnosticCount": 0
            },
            {
              "assetKey": "mesh:wall.arch.10.mesh",
              "sourceVersion": 1,
              "label": "wall.arch.10",
              "meshResourceKey": "prepared-mesh:mesh:wall.arch.10.mesh",
              "vertexStreams": 1,
              "submeshes": 1,
              "hasIndexBuffer": false,
              "diagnosticCount": 0
            },
            {
              "assetKey": "mesh:wall.arch.11.mesh",
              "sourceVersion": 1,
              "label": "wall.arch.11",
              "meshResourceKey": "prepared-mesh:mesh:wall.arch.11.mesh",
              "vertexStreams": 1,
              "submeshes": 1,
              "hasIndexBuffer": false,
              "diagnosticCount": 0
            },
            {
              "assetKey": "mesh:wall.body.continuous.mesh",
              "sourceVersion": 1,
              "label": "wall.body.continuous",
              "meshResourceKey": "prepared-mesh:mesh:wall.body.continuous.mesh",
              "vertexStreams": 1,
              "submeshes": 1,
              "hasIndexBuffer": true,
              "diagnosticCount": 0
            },
            {
              "assetKey": "mesh:wall.cap.mesh",
              "sourceVersion": 1,
              "label": "wall.cap",
              "meshResourceKey": "prepared-mesh:mesh:wall.cap.mesh",
              "vertexStreams": 1,
              "submeshes": 1,
              "hasIndexBuffer": false,
              "diagnosticCount": 0
            },
            {
              "assetKey": "mesh:wall.lamp.backplate.mesh",
              "sourceVersion": 1,
              "label": "wall.lamp.backplate",
              "meshResourceKey": "prepared-mesh:mesh:wall.lamp.backplate.mesh",
              "vertexStreams": 1,
              "submeshes": 1,
              "hasIndexBuffer": false,
              "diagnosticCount": 0
            },
            {
              "assetKey": "mesh:wall.lamp.diffuser.mesh",
              "sourceVersion": 1,
              "label": "wall.lamp.diffuser",
              "meshResourceKey": "prepared-mesh:mesh:wall.lamp.diffuser.mesh",
              "vertexStreams": 1,
              "submeshes": 1,
              "hasIndexBuffer": false,
              "diagnosticCount": 0
            }
          ]
        },
        "materialBuffersCreated": 65,
        "materialBuffersReused": 0,
        "preparedMaterialBuffersCreated": 65,
        "preparedMaterialBuffersReused": 0,
        "preparedMaterialBindGroupsCreated": 65,
        "preparedMaterialBindGroupsReused": 0,
        "preparedMaterialCache": {
          "totalEntries": 65,
          "families": {
            "unlit": {
              "entries": 0
            },
            "matcap": {
              "entries": 0
            },
            "standard": {
              "entries": 65
            },
            "debug-normal": {
              "entries": 0
            }
          }
        },
        "preparedMaterialCacheEviction": {
          "checked": 65,
          "retained": 0,
          "evicted": 0,
          "skippedInUse": 65,
          "families": {
            "unlit": {
              "checked": 0,
              "retained": 0,
              "evicted": 0,
              "skippedInUse": 0
            },
            "matcap": {
              "checked": 0,
              "retained": 0,
              "evicted": 0,
              "skippedInUse": 0
            },
            "standard": {
              "checked": 65,
              "retained": 0,
              "evicted": 0,
              "skippedInUse": 65
            },
            "debug-normal": {
              "checked": 0,
              "retained": 0,
              "evicted": 0,
              "skippedInUse": 0
            }
          }
        },
        "preparedMaterialFacade": {
          "totalEntries": 65,
          "families": {
            "unlit": {
              "entries": 0
            },
            "matcap": {
              "entries": 0
            },
            "standard": {
              "entries": 65
            },
            "debug-normal": {
              "entries": 0
            }
          },
          "entries": [
            {
              "assetKey": "material:courtyard.slab.material",
              "sourceVersion": 1,
              "label": "Standard Material",
              "materialFamily": "standard",
              "materialKind": "standard",
              "pipelineKey": "standard|opaque|back|less|none",
              "materialResourceKey": "prepared-material:material:courtyard.slab.material@v1",
              "bindGroupResourceKey": "prepared-material-bind-group:material:courtyard.slab.material@v1|pipeline:standard|opaque|back|less|none",
              "dependencyCount": 0,
              "textureBindingCount": 0,
              "diagnosticCount": 0
            },
            {
              "assetKey": "material:crane.boom.lower.material",
              "sourceVersion": 1,
              "label": "Standard Material",
              "materialFamily": "standard",
              "materialKind": "standard",
              "pipelineKey": "standard|opaque|back|less|none",
              "materialResourceKey": "prepared-material:material:crane.boom.lower.material@v1",
              "bindGroupResourceKey": "prepared-material-bind-group:material:crane.boom.lower.material@v1|pipeline:standard|opaque|back|less|none",
              "dependencyCount": 0,
              "textureBindingCount": 0,
              "diagnosticCount": 0
            },
            {
              "assetKey": "material:crane.boom.upper.material",
              "sourceVersion": 1,
              "label": "Standard Material",
              "materialFamily": "standard",
              "materialKind": "standard",
              "pipelineKey": "standard|opaque|back|less|none",
              "materialResourceKey": "prepared-material:material:crane.boom.upper.material@v1",
              "bindGroupResourceKey": "prepared-material-bind-group:material:crane.boom.upper.material@v1|pipeline:standard|opaque|back|less|none",
              "dependencyCount": 0,
              "textureBindingCount": 0,
              "diagnosticCount": 0
            },
            {
              "assetKey": "material:crane.counterweight.material",
              "sourceVersion": 1,
              "label": "Standard Material",
              "materialFamily": "standard",
              "materialKind": "standard",
              "pipelineKey": "standard|opaque|back|less|none",
              "materialResourceKey": "prepared-material:material:crane.counterweight.material@v1",
              "bindGroupResourceKey": "prepared-material-bind-group:material:crane.counterweight.material@v1|pipeline:standard|opaque|back|less|none",
              "dependencyCount": 0,
              "textureBindingCount": 0,
              "diagnosticCount": 0
            },
            {
              "assetKey": "material:crane.foot.material",
              "sourceVersion": 1,
              "label": "Standard Material",
              "materialFamily": "standard",
              "materialKind": "standard",
              "pipelineKey": "standard|opaque|back|less|none",
              "materialResourceKey": "prepared-material:material:crane.foot.material@v1",
              "bindGroupResourceKey": "prepared-material-bind-group:material:crane.foot.material@v1|pipeline:standard|opaque|back|less|none",
              "dependencyCount": 0,
              "textureBindingCount": 0,
              "diagnosticCount": 0
            },
            {
              "assetKey": "material:crane.hoist.cable.material",
              "sourceVersion": 1,
              "label": "Standard Material",
              "materialFamily": "standard",
              "materialKind": "standard",
              "pipelineKey": "standard|opaque|back|less|none",
              "materialResourceKey": "prepared-material:material:crane.hoist.cable.material@v1",
              "bindGroupResourceKey": "prepared-material-bind-group:material:crane.hoist.cable.material@v1|pipeline:standard|opaque|back|less|none",
              "dependencyCount": 0,
              "textureBindingCount": 0,
              "diagnosticCount": 0
            },
            {
              "assetKey": "material:crane.hook.material",
              "sourceVersion": 1,
              "label": "Standard Material",
              "materialFamily": "standard",
              "materialKind": "standard",
              "pipelineKey": "standard|opaque|back|less|none",
              "materialResourceKey": "prepared-material:material:crane.hook.material@v1",
              "bindGroupResourceKey": "prepared-material-bind-group:material:crane.hook.material@v1|pipeline:standard|opaque|back|less|none",
              "dependencyCount": 0,
              "textureBindingCount": 0,
              "diagnosticCount": 0
            },
            {
              "assetKey": "material:crane.hydraulic-mount.material",
              "sourceVersion": 1,
              "label": "Standard Material",
              "materialFamily": "standard",
              "materialKind": "standard",
              "pipelineKey": "standard|opaque|back|less|none",
              "materialResourceKey": "prepared-material:material:crane.hydraulic-mount.material@v1",
              "bindGroupResourceKey": "prepared-material-bind-group:material:crane.hydraulic-mount.material@v1|pipeline:standard|opaque|back|less|none",
              "dependencyCount": 0,
              "textureBindingCount": 0,
              "diagnosticCount": 0
            },
            {
              "assetKey": "material:crane.hydraulic.body.material",
              "sourceVersion": 1,
              "label": "Standard Material",
              "materialFamily": "standard",
              "materialKind": "standard",
              "pipelineKey": "standard|opaque|back|less|none",
              "materialResourceKey": "prepared-material:material:crane.hydraulic.body.material@v1",
              "bindGroupResourceKey": "prepared-material-bind-group:material:crane.hydraulic.body.material@v1|pipeline:standard|opaque|back|less|none",
              "dependencyCount": 0,
              "textureBindingCount": 0,
              "diagnosticCount": 0
            },
            {
              "assetKey": "material:crane.hydraulic.eye.base.material",
              "sourceVersion": 1,
              "label": "Standard Material",
              "materialFamily": "standard",
              "materialKind": "standard",
              "pipelineKey": "standard|opaque|back|less|none",
              "materialResourceKey": "prepared-material:material:crane.hydraulic.eye.base.material@v1",
              "bindGroupResourceKey": "prepared-material-bind-group:material:crane.hydraulic.eye.base.material@v1|pipeline:standard|opaque|back|less|none",
              "dependencyCount": 0,
              "textureBindingCount": 0,
              "diagnosticCount": 0
            },
            {
              "assetKey": "material:crane.hydraulic.eye.boom.material",
              "sourceVersion": 1,
              "label": "Standard Material",
              "materialFamily": "standard",
              "materialKind": "standard",
              "pipelineKey": "standard|opaque|back|less|none",
              "materialResourceKey": "prepared-material:material:crane.hydraulic.eye.boom.material@v1",
              "bindGroupResourceKey": "prepared-material-bind-group:material:crane.hydraulic.eye.boom.material@v1|pipeline:standard|opaque|back|less|none",
              "dependencyCount": 0,
              "textureBindingCount": 0,
              "diagnosticCount": 0
            },
            {
              "assetKey": "material:crane.hydraulic.rod.material",
              "sourceVersion": 1,
              "label": "Standard Material",
              "materialFamily": "standard",
              "materialKind": "standard",
              "pipelineKey": "standard|opaque|back|less|none",
              "materialResourceKey": "prepared-material:material:crane.hydraulic.rod.material@v1",
              "bindGroupResourceKey": "prepared-material-bind-group:material:crane.hydraulic.rod.material@v1|pipeline:standard|opaque|back|less|none",
              "dependencyCount": 0,
              "textureBindingCount": 0,
              "diagnosticCount": 0
            },
            {
              "assetKey": "material:crane.load.body.material",
              "sourceVersion": 1,
              "label": "Standard Material",
              "materialFamily": "standard",
              "materialKind": "standard",
              "pipelineKey": "standard|opaque|back|less|none",
              "materialResourceKey": "prepared-material:material:crane.load.body.material@v1",
              "bindGroupResourceKey": "prepared-material-bind-group:material:crane.load.body.material@v1|pipeline:standard|opaque|back|less|none",
              "dependencyCount": 0,
              "textureBindingCount": 0,
              "diagnosticCount": 0
            },
            {
              "assetKey": "material:crane.load.strap-back.0.material",
              "sourceVersion": 1,
              "label": "Standard Material",
              "materialFamily": "standard",
              "materialKind": "standard",
              "pipelineKey": "standard|opaque|back|less|none",
              "materialResourceKey": "prepared-material:material:crane.load.strap-back.0.material@v1",
              "bindGroupResourceKey": "prepared-material-bind-group:material:crane.load.strap-back.0.material@v1|pipeline:standard|opaque|back|less|none",
              "dependencyCount": 0,
              "textureBindingCount": 0,
              "diagnosticCount": 0
            },
            {
              "assetKey": "material:crane.load.strap-back.1.material",
              "sourceVersion": 1,
              "label": "Standard Material",
              "materialFamily": "standard",
              "materialKind": "standard",
              "pipelineKey": "standard|opaque|back|less|none",
              "materialResourceKey": "prepared-material:material:crane.load.strap-back.1.material@v1",
              "bindGroupResourceKey": "prepared-material-bind-group:material:crane.load.strap-back.1.material@v1|pipeline:standard|opaque|back|less|none",
              "dependencyCount": 0,
              "textureBindingCount": 0,
              "diagnosticCount": 0
            },
            {
              "assetKey": "material:crane.load.strap-front.0.material",
              "sourceVersion": 1,
              "label": "Standard Material",
              "materialFamily": "standard",
              "materialKind": "standard",
              "pipelineKey": "standard|opaque|back|less|none",
              "materialResourceKey": "prepared-material:material:crane.load.strap-front.0.material@v1",
              "bindGroupResourceKey": "prepared-material-bind-group:material:crane.load.strap-front.0.material@v1|pipeline:standard|opaque|back|less|none",
              "dependencyCount": 0,
              "textureBindingCount": 0,
              "diagnosticCount": 0
            },
            {
              "assetKey": "material:crane.load.strap-front.1.material",
              "sourceVersion": 1,
              "label": "Standard Material",
              "materialFamily": "standard",
              "materialKind": "standard",
              "pipelineKey": "standard|opaque|back|less|none",
              "materialResourceKey": "prepared-material:material:crane.load.strap-front.1.material@v1",
              "bindGroupResourceKey": "prepared-material-bind-group:material:crane.load.strap-front.1.material@v1|pipeline:standard|opaque|back|less|none",
              "dependencyCount": 0,
              "textureBindingCount": 0,
              "diagnosticCount": 0
            },
            {
              "assetKey": "material:crane.load.strap-top.0.material",
              "sourceVersion": 1,
              "label": "Standard Material",
              "materialFamily": "standard",
              "materialKind": "standard",
              "pipelineKey": "standard|opaque|back|less|none",
              "materialResourceKey": "prepared-material:material:crane.load.strap-top.0.material@v1",
              "bindGroupResourceKey": "prepared-material-bind-group:material:crane.load.strap-top.0.material@v1|pipeline:standard|opaque|back|less|none",
              "dependencyCount": 0,
              "textureBindingCount": 0,
              "diagnosticCount": 0
            },
            {
              "assetKey": "material:crane.load.strap-top.1.material",
              "sourceVersion": 1,
              "label": "Standard Material",
              "materialFamily": "standard",
              "materialKind": "standard",
              "pipelineKey": "standard|opaque|back|less|none",
              "materialResourceKey": "prepared-material:material:crane.load.strap-top.1.material@v1",
              "bindGroupResourceKey": "prepared-material-bind-group:material:crane.load.strap-top.1.material@v1|pipeline:standard|opaque|back|less|none",
              "dependencyCount": 0,
              "textureBindingCount": 0,
              "diagnosticCount": 0
            },
            {
              "assetKey": "material:crane.pedestal.material",
              "sourceVersion": 1,
              "label": "Standard Material",
              "materialFamily": "standard",
              "materialKind": "standard",
              "pipelineKey": "standard|opaque|back|less|none",
              "materialResourceKey": "prepared-material:material:crane.pedestal.material@v1",
              "bindGroupResourceKey": "prepared-material-bind-group:material:crane.pedestal.material@v1|pipeline:standard|opaque|back|less|none",
              "dependencyCount": 0,
              "textureBindingCount": 0,
              "diagnosticCount": 0
            },
            {
              "assetKey": "material:crane.pin-cap.elbow.material",
              "sourceVersion": 1,
              "label": "Standard Material",
              "materialFamily": "standard",
              "materialKind": "standard",
              "pipelineKey": "standard|opaque|back|less|none",
              "materialResourceKey": "prepared-material:material:crane.pin-cap.elbow.material@v1",
              "bindGroupResourceKey": "prepared-material-bind-group:material:crane.pin-cap.elbow.material@v1|pipeline:standard|opaque|back|less|none",
              "dependencyCount": 0,
              "textureBindingCount": 0,
              "diagnosticCount": 0
            },
            {
              "assetKey": "material:crane.pin-cap.shoulder.material",
              "sourceVersion": 1,
              "label": "Standard Material",
              "materialFamily": "standard",
              "materialKind": "standard",
              "pipelineKey": "standard|opaque|back|less|none",
              "materialResourceKey": "prepared-material:material:crane.pin-cap.shoulder.material@v1",
              "bindGroupResourceKey": "prepared-material-bind-group:material:crane.pin-cap.shoulder.material@v1|pipeline:standard|opaque|back|less|none",
              "dependencyCount": 0,
              "textureBindingCount": 0,
              "diagnosticCount": 0
            },
            {
              "assetKey": "material:crane.pin-cap.tip.material",
              "sourceVersion": 1,
              "label": "Standard Material",
              "materialFamily": "standard",
              "materialKind": "standard",
              "pipelineKey": "standard|opaque|back|less|none",
              "materialResourceKey": "prepared-material:material:crane.pin-cap.tip.material@v1",
              "bindGroupResourceKey": "prepared-material-bind-group:material:crane.pin-cap.tip.material@v1|pipeline:standard|opaque|back|less|none",
              "dependencyCount": 0,
              "textureBindingCount": 0,
              "diagnosticCount": 0
            },
            {
              "assetKey": "material:crane.pin.elbow.material",
              "sourceVersion": 1,
              "label": "Standard Material",
              "materialFamily": "standard",
              "materialKind": "standard",
              "pipelineKey": "standard|opaque|back|less|none",
              "materialResourceKey": "prepared-material:material:crane.pin.elbow.material@v1",
              "bindGroupResourceKey": "prepared-material-bind-group:material:crane.pin.elbow.material@v1|pipeline:standard|opaque|back|less|none",
              "dependencyCount": 0,
              "textureBindingCount": 0,
              "diagnosticCount": 0
            },
            {
              "assetKey": "material:crane.pin.shoulder.material",
              "sourceVersion": 1,
              "label": "Standard Material",
              "materialFamily": "standard",
              "materialKind": "standard",
              "pipelineKey": "standard|opaque|back|less|none",
              "materialResourceKey": "prepared-material:material:crane.pin.shoulder.material@v1",
              "bindGroupResourceKey": "prepared-material-bind-group:material:crane.pin.shoulder.material@v1|pipeline:standard|opaque|back|less|none",
              "dependencyCount": 0,
              "textureBindingCount": 0,
              "diagnosticCount": 0
            },
            {
              "assetKey": "material:crane.pin.tip.material",
              "sourceVersion": 1,
              "label": "Standard Material",
              "materialFamily": "standard",
              "materialKind": "standard",
              "pipelineKey": "standard|opaque|back|less|none",
              "materialResourceKey": "prepared-material:material:crane.pin.tip.material@v1",
              "bindGroupResourceKey": "prepared-material-bind-group:material:crane.pin.tip.material@v1|pipeline:standard|opaque|back|less|none",
              "dependencyCount": 0,
              "textureBindingCount": 0,
              "diagnosticCount": 0
            },
            {
              "assetKey": "material:crane.sling.0.material",
              "sourceVersion": 1,
              "label": "Standard Material",
              "materialFamily": "standard",
              "materialKind": "standard",
              "pipelineKey": "standard|opaque|back|less|none",
              "materialResourceKey": "prepared-material:material:crane.sling.0.material@v1",
              "bindGroupResourceKey": "prepared-material-bind-group:material:crane.sling.0.material@v1|pipeline:standard|opaque|back|less|none",
              "dependencyCount": 0,
              "textureBindingCount": 0,
              "diagnosticCount": 0
            },
            {
              "assetKey": "material:crane.sling.1.material",
              "sourceVersion": 1,
              "label": "Standard Material",
              "materialFamily": "standard",
              "materialKind": "standard",
              "pipelineKey": "standard|opaque|back|less|none",
              "materialResourceKey": "prepared-material:material:crane.sling.1.material@v1",
              "bindGroupResourceKey": "prepared-material-bind-group:material:crane.sling.1.material@v1|pipeline:standard|opaque|back|less|none",
              "dependencyCount": 0,
              "textureBindingCount": 0,
              "diagnosticCount": 0
            },
            {
              "assetKey": "material:crane.sling.2.material",
              "sourceVersion": 1,
              "label": "Standard Material",
              "materialFamily": "standard",
              "materialKind": "standard",
              "pipelineKey": "standard|opaque|back|less|none",
              "materialResourceKey": "prepared-material:material:crane.sling.2.material@v1",
              "bindGroupResourceKey": "prepared-material-bind-group:material:crane.sling.2.material@v1|pipeline:standard|opaque|back|less|none",
              "dependencyCount": 0,
              "textureBindingCount": 0,
              "diagnosticCount": 0
            },
            {
              "assetKey": "material:crane.sling.3.material",
              "sourceVersion": 1,
              "label": "Standard Material",
              "materialFamily": "standard",
              "materialKind": "standard",
              "pipelineKey": "standard|opaque|back|less|none",
              "materialResourceKey": "prepared-material:material:crane.sling.3.material@v1",
              "bindGroupResourceKey": "prepared-material-bind-group:material:crane.sling.3.material@v1|pipeline:standard|opaque|back|less|none",
              "dependencyCount": 0,
              "textureBindingCount": 0,
              "diagnosticCount": 0
            },
            {
              "assetKey": "material:crane.turntable.material",
              "sourceVersion": 1,
              "label": "Standard Material",
              "materialFamily": "standard",
              "materialKind": "standard",
              "pipelineKey": "standard|opaque|back|less|none",
              "materialResourceKey": "prepared-material:material:crane.turntable.material@v1",
              "bindGroupResourceKey": "prepared-material-bind-group:material:crane.turntable.material@v1|pipeline:standard|opaque|back|less|none",
              "dependencyCount": 0,
              "textureBindingCount": 0,
              "diagnosticCount": 0
            },
            {
              "assetKey": "material:pipe.hollow-elbow.inner.material",
              "sourceVersion": 1,
              "label": "Standard Material",
              "materialFamily": "standard",
              "materialKind": "standard",
              "pipelineKey": "standard|opaque|back|less|none",
              "materialResourceKey": "prepared-material:material:pipe.hollow-elbow.inner.material@v1",
              "bindGroupResourceKey": "prepared-material-bind-group:material:pipe.hollow-elbow.inner.material@v1|pipeline:standard|opaque|back|less|none",
              "dependencyCount": 0,
              "textureBindingCount": 0,
              "diagnosticCount": 0
            },
            {
              "assetKey": "material:pipe.hollow-elbow.outer.material",
              "sourceVersion": 1,
              "label": "Standard Material",
              "materialFamily": "standard",
              "materialKind": "standard",
              "pipelineKey": "standard|opaque|back|less|none",
              "materialResourceKey": "prepared-material:material:pipe.hollow-elbow.outer.material@v1",
              "bindGroupResourceKey": "prepared-material-bind-group:material:pipe.hollow-elbow.outer.material@v1|pipeline:standard|opaque|back|less|none",
              "dependencyCount": 0,
              "textureBindingCount": 0,
              "diagnosticCount": 0
            },
            {
              "assetKey": "material:pipe.hollow-elbow.rims.material",
              "sourceVersion": 1,
              "label": "Standard Material",
              "materialFamily": "standard",
              "materialKind": "standard",
              "pipelineKey": "standard|opaque|back|less|none",
              "materialResourceKey": "prepared-material:material:pipe.hollow-elbow.rims.material@v1",
              "bindGroupResourceKey": "prepared-material-bind-group:material:pipe.hollow-elbow.rims.material@v1|pipeline:standard|opaque|back|less|none",
              "dependencyCount": 0,
              "textureBindingCount": 0,
              "diagnosticCount": 0
            },
            {
              "assetKey": "material:platform.lower.material",
              "sourceVersion": 1,
              "label": "Standard Material",
              "materialFamily": "standard",
              "materialKind": "standard",
              "pipelineKey": "standard|opaque|back|less|none",
              "materialResourceKey": "prepared-material:material:platform.lower.material@v1",
              "bindGroupResourceKey": "prepared-material-bind-group:material:platform.lower.material@v1|pipeline:standard|opaque|back|less|none",
              "dependencyCount": 0,
              "textureBindingCount": 0,
              "diagnosticCount": 0
            },
            {
              "assetKey": "material:platform.middle.material",
              "sourceVersion": 1,
              "label": "Standard Material",
              "materialFamily": "standard",
              "materialKind": "standard",
              "pipelineKey": "standard|opaque|back|less|none",
              "materialResourceKey": "prepared-material:material:platform.middle.material@v1",
              "bindGroupResourceKey": "prepared-material-bind-group:material:platform.middle.material@v1|pipeline:standard|opaque|back|less|none",
              "dependencyCount": 0,
              "textureBindingCount": 0,
              "diagnosticCount": 0
            },
            {
              "assetKey": "material:platform.upper.material",
              "sourceVersion": 1,
              "label": "Standard Material",
              "materialFamily": "standard",
              "materialKind": "standard",
              "pipelineKey": "standard|opaque|back|less|none",
              "materialResourceKey": "prepared-material:material:platform.upper.material@v1",
              "bindGroupResourceKey": "prepared-material-bind-group:material:platform.upper.material@v1|pipeline:standard|opaque|back|less|none",
              "dependencyCount": 0,
              "textureBindingCount": 0,
              "diagnosticCount": 0
            },
            {
              "assetKey": "material:prop.bollard.cap.material",
              "sourceVersion": 1,
              "label": "Standard Material",
              "materialFamily": "standard",
              "materialKind": "standard",
              "pipelineKey": "standard|opaque|back|less|none",
              "materialResourceKey": "prepared-material:material:prop.bollard.cap.material@v1",
              "bindGroupResourceKey": "prepared-material-bind-group:material:prop.bollard.cap.material@v1|pipeline:standard|opaque|back|less|none",
              "dependencyCount": 0,
              "textureBindingCount": 0,
              "diagnosticCount": 0
            },
            {
              "assetKey": "material:prop.bollard.material",
              "sourceVersion": 1,
              "label": "Standard Material",
              "materialFamily": "standard",
              "materialKind": "standard",
              "pipelineKey": "standard|opaque|back|less|none",
              "materialResourceKey": "prepared-material:material:prop.bollard.material@v1",
              "bindGroupResourceKey": "prepared-material-bind-group:material:prop.bollard.material@v1|pipeline:standard|opaque|back|less|none",
              "dependencyCount": 0,
              "textureBindingCount": 0,
              "diagnosticCount": 0
            },
            {
              "assetKey": "material:prop.crate.body.material",
              "sourceVersion": 1,
              "label": "Standard Material",
              "materialFamily": "standard",
              "materialKind": "standard",
              "pipelineKey": "standard|opaque|back|less|none",
              "materialResourceKey": "prepared-material:material:prop.crate.body.material@v1",
              "bindGroupResourceKey": "prepared-material-bind-group:material:prop.crate.body.material@v1|pipeline:standard|opaque|back|less|none",
              "dependencyCount": 0,
              "textureBindingCount": 0,
              "diagnosticCount": 0
            },
            {
              "assetKey": "material:prop.crate.strap-back.0.material",
              "sourceVersion": 1,
              "label": "Standard Material",
              "materialFamily": "standard",
              "materialKind": "standard",
              "pipelineKey": "standard|opaque|back|less|none",
              "materialResourceKey": "prepared-material:material:prop.crate.strap-back.0.material@v1",
              "bindGroupResourceKey": "prepared-material-bind-group:material:prop.crate.strap-back.0.material@v1|pipeline:standard|opaque|back|less|none",
              "dependencyCount": 0,
              "textureBindingCount": 0,
              "diagnosticCount": 0
            },
            {
              "assetKey": "material:prop.crate.strap-back.1.material",
              "sourceVersion": 1,
              "label": "Standard Material",
              "materialFamily": "standard",
              "materialKind": "standard",
              "pipelineKey": "standard|opaque|back|less|none",
              "materialResourceKey": "prepared-material:material:prop.crate.strap-back.1.material@v1",
              "bindGroupResourceKey": "prepared-material-bind-group:material:prop.crate.strap-back.1.material@v1|pipeline:standard|opaque|back|less|none",
              "dependencyCount": 0,
              "textureBindingCount": 0,
              "diagnosticCount": 0
            },
            {
              "assetKey": "material:prop.crate.strap-front.0.material",
              "sourceVersion": 1,
              "label": "Standard Material",
              "materialFamily": "standard",
              "materialKind": "standard",
              "pipelineKey": "standard|opaque|back|less|none",
              "materialResourceKey": "prepared-material:material:prop.crate.strap-front.0.material@v1",
              "bindGroupResourceKey": "prepared-material-bind-group:material:prop.crate.strap-front.0.material@v1|pipeline:standard|opaque|back|less|none",
              "dependencyCount": 0,
              "textureBindingCount": 0,
              "diagnosticCount": 0
            },
            {
              "assetKey": "material:prop.crate.strap-front.1.material",
              "sourceVersion": 1,
              "label": "Standard Material",
              "materialFamily": "standard",
              "materialKind": "standard",
              "pipelineKey": "standard|opaque|back|less|none",
              "materialResourceKey": "prepared-material:material:prop.crate.strap-front.1.material@v1",
              "bindGroupResourceKey": "prepared-material-bind-group:material:prop.crate.strap-front.1.material@v1|pipeline:standard|opaque|back|less|none",
              "dependencyCount": 0,
              "textureBindingCount": 0,
              "diagnosticCount": 0
            },
            {
              "assetKey": "material:prop.crate.strap-top.0.material",
              "sourceVersion": 1,
              "label": "Standard Material",
              "materialFamily": "standard",
              "materialKind": "standard",
              "pipelineKey": "standard|opaque|back|less|none",
              "materialResourceKey": "prepared-material:material:prop.crate.strap-top.0.material@v1",
              "bindGroupResourceKey": "prepared-material-bind-group:material:prop.crate.strap-top.0.material@v1|pipeline:standard|opaque|back|less|none",
              "dependencyCount": 0,
              "textureBindingCount": 0,
              "diagnosticCount": 0
            },
            {
              "assetKey": "material:prop.crate.strap-top.1.material",
              "sourceVersion": 1,
              "label": "Standard Material",
              "materialFamily": "standard",
              "materialKind": "standard",
              "pipelineKey": "standard|opaque|back|less|none",
              "materialResourceKey": "prepared-material:material:prop.crate.strap-top.1.material@v1",
              "bindGroupResourceKey": "prepared-material-bind-group:material:prop.crate.strap-top.1.material@v1|pipeline:standard|opaque|back|less|none",
              "dependencyCount": 0,
              "textureBindingCount": 0,
              "diagnosticCount": 0
            },
            {
              "assetKey": "material:prop.drum.band.0.material",
              "sourceVersion": 1,
              "label": "Standard Material",
              "materialFamily": "standard",
              "materialKind": "standard",
              "pipelineKey": "standard|opaque|back|less|none",
              "materialResourceKey": "prepared-material:material:prop.drum.band.0.material@v1",
              "bindGroupResourceKey": "prepared-material-bind-group:material:prop.drum.band.0.material@v1|pipeline:standard|opaque|back|less|none",
              "dependencyCount": 0,
              "textureBindingCount": 0,
              "diagnosticCount": 0
            },
            {
              "assetKey": "material:prop.drum.band.1.material",
              "sourceVersion": 1,
              "label": "Standard Material",
              "materialFamily": "standard",
              "materialKind": "standard",
              "pipelineKey": "standard|opaque|back|less|none",
              "materialResourceKey": "prepared-material:material:prop.drum.band.1.material@v1",
              "bindGroupResourceKey": "prepared-material-bind-group:material:prop.drum.band.1.material@v1|pipeline:standard|opaque|back|less|none",
              "dependencyCount": 0,
              "textureBindingCount": 0,
              "diagnosticCount": 0
            },
            {
              "assetKey": "material:prop.drum.body.material",
              "sourceVersion": 1,
              "label": "Standard Material",
              "materialFamily": "standard",
              "materialKind": "standard",
              "pipelineKey": "standard|opaque|back|less|none",
              "materialResourceKey": "prepared-material:material:prop.drum.body.material@v1",
              "bindGroupResourceKey": "prepared-material-bind-group:material:prop.drum.body.material@v1|pipeline:standard|opaque|back|less|none",
              "dependencyCount": 0,
              "textureBindingCount": 0,
              "diagnosticCount": 0
            },
            {
              "assetKey": "material:wall.arch.00.material",
              "sourceVersion": 1,
              "label": "Standard Material",
              "materialFamily": "standard",
              "materialKind": "standard",
              "pipelineKey": "standard|opaque|back|less|none",
              "materialResourceKey": "prepared-material:material:wall.arch.00.material@v1",
              "bindGroupResourceKey": "prepared-material-bind-group:material:wall.arch.00.material@v1|pipeline:standard|opaque|back|less|none",
              "dependencyCount": 0,
              "textureBindingCount": 0,
              "diagnosticCount": 0
            },
            {
              "assetKey": "material:wall.arch.01.material",
              "sourceVersion": 1,
              "label": "Standard Material",
              "materialFamily": "standard",
              "materialKind": "standard",
              "pipelineKey": "standard|opaque|back|less|none",
              "materialResourceKey": "prepared-material:material:wall.arch.01.material@v1",
              "bindGroupResourceKey": "prepared-material-bind-group:material:wall.arch.01.material@v1|pipeline:standard|opaque|back|less|none",
              "dependencyCount": 0,
              "textureBindingCount": 0,
              "diagnosticCount": 0
            },
            {
              "assetKey": "material:wall.arch.02.material",
              "sourceVersion": 1,
              "label": "Standard Material",
              "materialFamily": "standard",
              "materialKind": "standard",
              "pipelineKey": "standard|opaque|back|less|none",
              "materialResourceKey": "prepared-material:material:wall.arch.02.material@v1",
              "bindGroupResourceKey": "prepared-material-bind-group:material:wall.arch.02.material@v1|pipeline:standard|opaque|back|less|none",
              "dependencyCount": 0,
              "textureBindingCount": 0,
              "diagnosticCount": 0
            },
            {
              "assetKey": "material:wall.arch.03.material",
              "sourceVersion": 1,
              "label": "Standard Material",
              "materialFamily": "standard",
              "materialKind": "standard",
              "pipelineKey": "standard|opaque|back|less|none",
              "materialResourceKey": "prepared-material:material:wall.arch.03.material@v1",
              "bindGroupResourceKey": "prepared-material-bind-group:material:wall.arch.03.material@v1|pipeline:standard|opaque|back|less|none",
              "dependencyCount": 0,
              "textureBindingCount": 0,
              "diagnosticCount": 0
            },
            {
              "assetKey": "material:wall.arch.04.material",
              "sourceVersion": 1,
              "label": "Standard Material",
              "materialFamily": "standard",
              "materialKind": "standard",
              "pipelineKey": "standard|opaque|back|less|none",
              "materialResourceKey": "prepared-material:material:wall.arch.04.material@v1",
              "bindGroupResourceKey": "prepared-material-bind-group:material:wall.arch.04.material@v1|pipeline:standard|opaque|back|less|none",
              "dependencyCount": 0,
              "textureBindingCount": 0,
              "diagnosticCount": 0
            },
            {
              "assetKey": "material:wall.arch.05.material",
              "sourceVersion": 1,
              "label": "Standard Material",
              "materialFamily": "standard",
              "materialKind": "standard",
              "pipelineKey": "standard|opaque|back|less|none",
              "materialResourceKey": "prepared-material:material:wall.arch.05.material@v1",
              "bindGroupResourceKey": "prepared-material-bind-group:material:wall.arch.05.material@v1|pipeline:standard|opaque|back|less|none",
              "dependencyCount": 0,
              "textureBindingCount": 0,
              "diagnosticCount": 0
            },
            {
              "assetKey": "material:wall.arch.06.material",
              "sourceVersion": 1,
              "label": "Standard Material",
              "materialFamily": "standard",
              "materialKind": "standard",
              "pipelineKey": "standard|opaque|back|less|none",
              "materialResourceKey": "prepared-material:material:wall.arch.06.material@v1",
              "bindGroupResourceKey": "prepared-material-bind-group:material:wall.arch.06.material@v1|pipeline:standard|opaque|back|less|none",
              "dependencyCount": 0,
              "textureBindingCount": 0,
              "diagnosticCount": 0
            },
            {
              "assetKey": "material:wall.arch.07.material",
              "sourceVersion": 1,
              "label": "Standard Material",
              "materialFamily": "standard",
              "materialKind": "standard",
              "pipelineKey": "standard|opaque|back|less|none",
              "materialResourceKey": "prepared-material:material:wall.arch.07.material@v1",
              "bindGroupResourceKey": "prepared-material-bind-group:material:wall.arch.07.material@v1|pipeline:standard|opaque|back|less|none",
              "dependencyCount": 0,
              "textureBindingCount": 0,
              "diagnosticCount": 0
            },
            {
              "assetKey": "material:wall.arch.08.material",
              "sourceVersion": 1,
              "label": "Standard Material",
              "materialFamily": "standard",
              "materialKind": "standard",
              "pipelineKey": "standard|opaque|back|less|none",
              "materialResourceKey": "prepared-material:material:wall.arch.08.material@v1",
              "bindGroupResourceKey": "prepared-material-bind-group:material:wall.arch.08.material@v1|pipeline:standard|opaque|back|less|none",
              "dependencyCount": 0,
              "textureBindingCount": 0,
              "diagnosticCount": 0
            },
            {
              "assetKey": "material:wall.arch.09.material",
              "sourceVersion": 1,
              "label": "Standard Material",
              "materialFamily": "standard",
              "materialKind": "standard",
              "pipelineKey": "standard|opaque|back|less|none",
              "materialResourceKey": "prepared-material:material:wall.arch.09.material@v1",
              "bindGroupResourceKey": "prepared-material-bind-group:material:wall.arch.09.material@v1|pipeline:standard|opaque|back|less|none",
              "dependencyCount": 0,
              "textureBindingCount": 0,
              "diagnosticCount": 0
            },
            {
              "assetKey": "material:wall.arch.10.material",
              "sourceVersion": 1,
              "label": "Standard Material",
              "materialFamily": "standard",
              "materialKind": "standard",
              "pipelineKey": "standard|opaque|back|less|none",
              "materialResourceKey": "prepared-material:material:wall.arch.10.material@v1",
              "bindGroupResourceKey": "prepared-material-bind-group:material:wall.arch.10.material@v1|pipeline:standard|opaque|back|less|none",
              "dependencyCount": 0,
              "textureBindingCount": 0,
              "diagnosticCount": 0
            },
            {
              "assetKey": "material:wall.arch.11.material",
              "sourceVersion": 1,
              "label": "Standard Material",
              "materialFamily": "standard",
              "materialKind": "standard",
              "pipelineKey": "standard|opaque|back|less|none",
              "materialResourceKey": "prepared-material:material:wall.arch.11.material@v1",
              "bindGroupResourceKey": "prepared-material-bind-group:material:wall.arch.11.material@v1|pipeline:standard|opaque|back|less|none",
              "dependencyCount": 0,
              "textureBindingCount": 0,
              "diagnosticCount": 0
            },
            {
              "assetKey": "material:wall.body.continuous.material",
              "sourceVersion": 1,
              "label": "Standard Material",
              "materialFamily": "standard",
              "materialKind": "standard",
              "pipelineKey": "standard|opaque|back|less|none",
              "materialResourceKey": "prepared-material:material:wall.body.continuous.material@v1",
              "bindGroupResourceKey": "prepared-material-bind-group:material:wall.body.continuous.material@v1|pipeline:standard|opaque|back|less|none",
              "dependencyCount": 0,
              "textureBindingCount": 0,
              "diagnosticCount": 0
            },
            {
              "assetKey": "material:wall.cap.material",
              "sourceVersion": 1,
              "label": "Standard Material",
              "materialFamily": "standard",
              "materialKind": "standard",
              "pipelineKey": "standard|opaque|back|less|none",
              "materialResourceKey": "prepared-material:material:wall.cap.material@v1",
              "bindGroupResourceKey": "prepared-material-bind-group:material:wall.cap.material@v1|pipeline:standard|opaque|back|less|none",
              "dependencyCount": 0,
              "textureBindingCount": 0,
              "diagnosticCount": 0
            },
            {
              "assetKey": "material:wall.lamp.backplate.material",
              "sourceVersion": 1,
              "label": "Standard Material",
              "materialFamily": "standard",
              "materialKind": "standard",
              "pipelineKey": "standard|opaque|back|less|none",
              "materialResourceKey": "prepared-material:material:wall.lamp.backplate.material@v1",
              "bindGroupResourceKey": "prepared-material-bind-group:material:wall.lamp.backplate.material@v1|pipeline:standard|opaque|back|less|none",
              "dependencyCount": 0,
              "textureBindingCount": 0,
              "diagnosticCount": 0
            },
            {
              "assetKey": "material:wall.lamp.diffuser.material",
              "sourceVersion": 1,
              "label": "Standard Material",
              "materialFamily": "standard",
              "materialKind": "standard",
              "pipelineKey": "standard|opaque|back|less|none",
              "materialResourceKey": "prepared-material:material:wall.lamp.diffuser.material@v1",
              "bindGroupResourceKey": "prepared-material-bind-group:material:wall.lamp.diffuser.material@v1|pipeline:standard|opaque|back|less|none",
              "dependencyCount": 0,
              "textureBindingCount": 0,
              "diagnosticCount": 0
            }
          ]
        },
        "textureResourcesCreated": 0,
        "textureResourcesReused": 0,
        "textureSamplerCache": {
          "textureEntries": 2,
          "samplerEntries": 1,
          "totalEntries": 3
        },
        "samplerResourcesCreated": 0,
        "samplerResourcesReused": 0,
        "bindGroupsCreated": 260,
        "bindGroupsReused": 0,
        "queuedBindGroupsCreated": 67,
        "queuedBindGroupsReused": 128,
        "queuedBindGroupCacheSize": 67,
        "lightBuffersCreated": 65,
        "lightBuffersReused": 0,
        "standardFrameResourceCacheHits": 0,
        "standardFrameResourceCacheMisses": 65,
        "standardFrameResourceCacheMissReasons": {
          "no-route-entry": 65
        },
        "localLightClusterBuffersCreated": 0,
        "localLightClusterBuffersReused": 0,
        "localLightClusterBufferWrites": 0,
        "localLightClusterBufferWritesSkipped": 0,
        "autoShadowFramesCreated": 1,
        "autoShadowFramesReused": 0,
        "autoShadowFrameCache": {
          "status": "miss",
          "reason": "no-previous-frame",
          "pipelineKind": "directional",
          "cachedFrame": null,
          "previousFrame": null,
          "currentInputKeyHash": "2f5b3b53",
          "cachedInputKeyHash": null,
          "currentInputKeyLength": 16842,
          "cachedInputKeyLength": null
        },
        "dynamicBufferWrites": 0
      },
      "depthAttachment": {
        "format": "depth24plus",
        "attached": true,
        "width": 1024,
        "height": 1024,
        "opaquePipelineDepthWriteCount": 1
      },
      "renderTargets": [
        {
          "viewId": 65,
          "source": "swapchain",
          "renderTargetKey": null,
          "width": 1024,
          "height": 1024,
          "format": "bgra8unorm",
          "ok": true,
          "drawCalls": 65,
          "msaaSampleCount": 4,
          "graph": {
            "order": [
              "aperture-webgpu-app:shadow:shadow-pass:66:light:66:post-fg",
              "aperture-webgpu-app:swapchain:scene",
              "aperture-webgpu-app:post:0:bloom:0:brightpass",
              "aperture-webgpu-app:post:0:bloom:1:blur-horizontal",
              "aperture-webgpu-app:post:0:bloom:2:blur-vertical",
              "aperture-webgpu-app:post:0:bloom:3:blur-horizontal",
              "aperture-webgpu-app:post:0:bloom:4:blur-vertical",
              "aperture-webgpu-app:post:0:bloom:5:blur-horizontal",
              "aperture-webgpu-app:post:0:bloom:6:blur-vertical",
              "aperture-webgpu-app:post:0:bloom:7:blur-horizontal",
              "aperture-webgpu-app:post:0:bloom:8:blur-vertical",
              "aperture-webgpu-app:post:0:bloom:9:blur-horizontal",
              "aperture-webgpu-app:post:0:bloom:10:blur-vertical",
              "aperture-webgpu-app:post:0:bloom:11:composite",
              "aperture-webgpu-app:post:1:hdr-tonemap"
            ],
            "userPasses": []
          }
        }
      ],
      "postEffects": [
        {
          "effectId": "bloom",
          "label": "Bloom Post Effect",
          "viewId": 65,
          "input": "aperture-webgpu-app:post:scene",
          "output": "offscreen",
          "ok": true,
          "drawCalls": 12,
          "graph": {
            "topology": "unreal-bloom",
            "passCount": 12,
            "resourceCount": 11,
            "brightpassPasses": 1,
            "downsamplePasses": 0,
            "upsamplePasses": 0,
            "horizontalBlurPasses": 5,
            "verticalBlurPasses": 5,
            "compositePasses": 1,
            "levels": [
              {
                "width": 512,
                "height": 512,
                "kernelSize": 6
              },
              {
                "width": 256,
                "height": 256,
                "kernelSize": 10
              },
              {
                "width": 128,
                "height": 128,
                "kernelSize": 14
              },
              {
                "width": 64,
                "height": 64,
                "kernelSize": 18
              },
              {
                "width": 32,
                "height": 32,
                "kernelSize": 22
              }
            ]
          }
        },
        {
          "effectId": "hdr-tonemap",
          "label": "HDR Tonemap Post Effect",
          "viewId": 65,
          "input": "aperture-webgpu-app:post:0:intermediate",
          "output": "swapchain",
          "ok": true,
          "drawCalls": 1
        }
      ],
      "msaa": {
        "requestedSampleCount": 4,
        "sampleCount": 4,
        "enabled": true,
        "clamped": false,
        "supportedSampleCounts": [
          1,
          4
        ],
        "colorTargets": 1,
        "colorTexturesCreated": 1,
        "colorTexturesReused": 0
      },
      "phaseTimings": {
        "ready": true,
        "frame": 0,
        "sampleWindow": 60,
        "totalMilliseconds": 85.76312900000005,
        "phases": [
          {
            "phase": "extract",
            "latestMilliseconds": 0,
            "averageMilliseconds": 0,
            "minimumMilliseconds": 0,
            "maximumMilliseconds": 0,
            "sampleCount": 1
          },
          {
            "phase": "collect",
            "latestMilliseconds": 7.5711860000000115,
            "averageMilliseconds": 7.5711860000000115,
            "minimumMilliseconds": 7.5711860000000115,
            "maximumMilliseconds": 7.5711860000000115,
            "sampleCount": 1
          },
          {
            "phase": "prepare",
            "latestMilliseconds": 55.49697200000003,
            "averageMilliseconds": 55.49697200000003,
            "minimumMilliseconds": 55.49697200000003,
            "maximumMilliseconds": 55.49697200000003,
            "sampleCount": 1
          },
          {
            "phase": "queue",
            "latestMilliseconds": 0.29679699999996956,
            "averageMilliseconds": 0.29679699999996956,
            "minimumMilliseconds": 0.29679699999996956,
            "maximumMilliseconds": 0.29679699999996956,
            "sampleCount": 1
          },
          {
            "phase": "sort",
            "latestMilliseconds": 9.515123000000017,
            "averageMilliseconds": 9.515123000000017,
            "minimumMilliseconds": 9.515123000000017,
            "maximumMilliseconds": 9.515123000000017,
            "sampleCount": 1
          },
          {
            "phase": "submit",
            "latestMilliseconds": 12.883051000000023,
            "averageMilliseconds": 12.883051000000023,
            "minimumMilliseconds": 12.883051000000023,
            "maximumMilliseconds": 12.883051000000023,
            "sampleCount": 1
          }
        ],
        "details": [
          {
            "detail": "prepareMain",
            "latestMilliseconds": 54.20329199999992,
            "averageMilliseconds": 54.20329199999992,
            "minimumMilliseconds": 54.20329199999992,
            "maximumMilliseconds": 54.20329199999992,
            "sampleCount": 1
          },
          {
            "detail": "prepareMainMotionVectors",
            "latestMilliseconds": 0.06438699999989694,
            "averageMilliseconds": 0.06438699999989694,
            "minimumMilliseconds": 0.06438699999989694,
            "maximumMilliseconds": 0.06438699999989694,
            "sampleCount": 1
          },
          {
            "detail": "prepareMainViews",
            "latestMilliseconds": 0.47420499999998356,
            "averageMilliseconds": 0.47420499999998356,
            "minimumMilliseconds": 0.47420499999998356,
            "maximumMilliseconds": 0.47420499999998356,
            "sampleCount": 1
          },
          {
            "detail": "prepareMainTransforms",
            "latestMilliseconds": 0.40369799999996303,
            "averageMilliseconds": 0.40369799999996303,
            "minimumMilliseconds": 0.40369799999996303,
            "maximumMilliseconds": 0.40369799999996303,
            "sampleCount": 1
          },
          {
            "detail": "prepareMainPreviousTransforms",
            "latestMilliseconds": 0.08666099999993548,
            "averageMilliseconds": 0.08666099999993548,
            "minimumMilliseconds": 0.08666099999993548,
            "maximumMilliseconds": 0.08666099999993548,
            "sampleCount": 1
          },
          {
            "detail": "prepareMainInstanceTints",
            "latestMilliseconds": 0.11202900000000682,
            "averageMilliseconds": 0.11202900000000682,
            "minimumMilliseconds": 0.11202900000000682,
            "maximumMilliseconds": 0.11202900000000682,
            "sampleCount": 1
          },
          {
            "detail": "prepareMainAreaLights",
            "latestMilliseconds": 5.289504999999963,
            "averageMilliseconds": 5.289504999999963,
            "minimumMilliseconds": 5.289504999999963,
            "maximumMilliseconds": 5.289504999999963,
            "sampleCount": 1
          },
          {
            "detail": "prepareMainTransmission",
            "latestMilliseconds": 0.19684700000004796,
            "averageMilliseconds": 0.19684700000004796,
            "minimumMilliseconds": 0.19684700000004796,
            "maximumMilliseconds": 0.19684700000004796,
            "sampleCount": 1
          },
          {
            "detail": "prepareMainAutoShadow",
            "latestMilliseconds": 17.860420999999974,
            "averageMilliseconds": 17.860420999999974,
            "minimumMilliseconds": 17.860420999999974,
            "maximumMilliseconds": 17.860420999999974,
            "sampleCount": 1
          },
          {
            "detail": "prepareMainResources",
            "latestMilliseconds": 28.671874000000003,
            "averageMilliseconds": 28.671874000000003,
            "minimumMilliseconds": 28.671874000000003,
            "maximumMilliseconds": 28.671874000000003,
            "sampleCount": 1
          },
          {
            "detail": "prepareOverlays",
            "latestMilliseconds": 0.6730450000000019,
            "averageMilliseconds": 0.6730450000000019,
            "minimumMilliseconds": 0.6730450000000019,
            "maximumMilliseconds": 0.6730450000000019,
            "sampleCount": 1
          },
          {
            "detail": "prepareOverlayFeatures",
            "latestMilliseconds": 0.5544170000000577,
            "averageMilliseconds": 0.5544170000000577,
            "minimumMilliseconds": 0.5544170000000577,
            "maximumMilliseconds": 0.5544170000000577,
            "sampleCount": 1
          },
          {
            "detail": "prepareOverlaySprites",
            "latestMilliseconds": 0.05560400000001664,
            "averageMilliseconds": 0.05560400000001664,
            "minimumMilliseconds": 0.05560400000001664,
            "maximumMilliseconds": 0.05560400000001664,
            "sampleCount": 1
          },
          {
            "detail": "prepareOverlayText",
            "latestMilliseconds": 0.025148000000058346,
            "averageMilliseconds": 0.025148000000058346,
            "minimumMilliseconds": 0.025148000000058346,
            "maximumMilliseconds": 0.025148000000058346,
            "sampleCount": 1
          },
          {
            "detail": "prepareOverlayParticles",
            "latestMilliseconds": 0,
            "averageMilliseconds": 0,
            "minimumMilliseconds": 0,
            "maximumMilliseconds": 0,
            "sampleCount": 1
          },
          {
            "detail": "prepareOverlayUi",
            "latestMilliseconds": 0,
            "averageMilliseconds": 0,
            "minimumMilliseconds": 0,
            "maximumMilliseconds": 0,
            "sampleCount": 1
          }
        ]
      },
      "commandPressure": {
        "resolvedDraws": 65,
        "drawCommands": 65,
        "stateCommands": {
          "planned": 391,
          "emitted": 135,
          "elided": 256,
          "setPipeline": {
            "planned": 65,
            "emitted": 1,
            "elided": 64
          },
          "setBindGroup": {
            "planned": 260,
            "emitted": 68,
            "elided": 192
          },
          "setVertexBuffer": {
            "planned": 65,
            "emitted": 65,
            "elided": 0
          },
          "setIndexBuffer": {
            "planned": 1,
            "emitted": 1,
            "elided": 0
          }
        }
      },
      "motionVectors": {
        "required": false,
        "status": "disabled",
        "colorFormat": null,
        "fallbackReason": "not-required",
        "objectTransforms": {
          "available": false,
          "resourceKey": null,
          "total": 0,
          "used": 0,
          "fallback": 0,
          "missing": [],
          "stored": 0,
          "staleRemoved": 0
        }
      },
      "shadow": {
        "ready": true,
        "status": "ready",
        "shadowKind": "directional",
        "requestCount": 1,
        "requestCoverage": {
          "requestedCount": 1,
          "servedCount": 1,
          "omittedCount": 0,
          "requested": [
            {
              "shadowId": 66,
              "lightId": 66,
              "lightKind": "directional"
            }
          ],
          "served": [
            {
              "shadowId": 66,
              "lightId": 66,
              "lightKind": "directional"
            }
          ],
          "omitted": []
        },
        "passCount": 1,
        "drawCalls": 65,
        "casterCounts": {
          "requestedDraws": 65,
          "includedDraws": 65,
          "readyDraws": 65,
          "encodedDrawCalls": 65,
          "submittedDrawCalls": 65
        },
        "descriptor": {
          "ready": true,
          "requestCount": 1,
          "descriptorCount": 1,
          "sections": {
            "shadowRequests": true,
            "shadowMapDescriptors": true,
            "shadowPassSubmission": false
          },
          "descriptors": [
            {
              "shadowId": 66,
              "lightId": 66,
              "lightKind": "directional",
              "resourceKey": "shadow-map:66:light:66",
              "depthFormat": "depth24plus",
              "mapSize": 1024,
              "textureWidth": 1024,
              "textureHeight": 1024,
              "depthBias": 0.0006000000284984708,
              "normalBias": 0.019999999552965164,
              "filterRadiusTexels": 16,
              "cascadeCount": 1,
              "faceCount": 1,
              "viewDimension": "2d",
              "layerCount": 1,
              "layerBaseIndex": 0,
              "casterLayerMask": -1,
              "receiverLayerMask": -1,
              "ready": true
            }
          ],
          "diagnostics": []
        },
        "viewProjection": {
          "ready": true,
          "status": "ready",
          "requestCount": 1,
          "passCount": 1,
          "planCount": 1,
          "sections": {
            "shadowRequests": true,
            "lightPackets": true,
            "passPlans": true,
            "matrixPlanning": true,
            "gpuResources": false
          },
          "plans": [
            {
              "shadowId": 66,
              "lightId": 66,
              "planKey": "directional-shadow-view-projection:66:light:66",
              "passKey": "shadow-pass:66:light:66",
              "lightKind": "directional",
              "cascadeIndex": 0,
              "cascadeCount": 1,
              "cascadeNear": 0,
              "cascadeFar": 1,
              "cascadeNearDistance": 0.1,
              "cascadeFarDistance": 10,
              "lightTransformOffset": 0,
              "mapSize": 1024,
              "casterLayerMask": -1,
              "receiverLayerMask": -1,
              "center": [
                0,
                1.399999976158142,
                0
              ],
              "orthographicSize": 12,
              "near": 0.10000000149011612,
              "far": 35,
              "lightDistance": 15,
              "projection": "orthographic",
              "viewMatrixKey": "shadow-pass:66:light:66:view",
              "projectionMatrixKey": "shadow-pass:66:light:66:projection",
              "viewProjectionMatrixKey": "shadow-pass:66:light:66:view-projection",
              "computation": "ready"
            }
          ],
          "diagnostics": []
        },
        "matrixComputation": {
          "ready": true,
          "status": "ready",
          "planCount": 1,
          "matrixCount": 1,
          "sections": {
            "viewProjectionPlanning": true,
            "transformData": true,
            "matrixComputation": true,
            "gpuBufferAllocation": false,
            "upload": false,
            "passSubmission": false
          },
          "matrices": [
            {
              "shadowId": 66,
              "lightId": 66,
              "planKey": "directional-shadow-view-projection:66:light:66",
              "passKey": "shadow-pass:66:light:66",
              "matrixKey": "shadow-pass:66:light:66:view-projection",
              "lightTransformOffset": 0,
              "cascadeIndex": 0,
              "cascadeCount": 1,
              "cascadeNear": 0,
              "cascadeFar": 1,
              "center": [
                0,
                1.399999976158142,
                0
              ],
              "lightDirection": [
                0.421637028640796,
                -0.7378647926708124,
                -0.5270462634492532
              ],
              "lightPosition": [
                -6.32455542961194,
                12.467971866220328,
                7.905693951738798
              ],
              "orthographicSize": 12,
              "near": 0.10000000149011612,
              "far": 35,
              "viewMatrix": [
                0.7808687965196288,
                0.46094049366588186,
                -0.421637028640796,
                0,
                0,
                0.6749485519184844,
                0.7378647926708124,
                0,
                0.6246950637086756,
                -0.5761755926470628,
                0.5270462634492532,
                0,
                0,
                -0.9449279565938511,
                -16.03301069214707,
                1
              ],
              "projectionMatrix": [
                0.1666666716337204,
                0,
                0,
                0,
                0,
                0.1666666716337204,
                0,
                0,
                0,
                0,
                -0.02865329571068287,
                0,
                0,
                0,
                -0.0028653296176344156,
                1
              ],
              "viewProjectionMatrix": [
                0.13014480471611023,
                0.07682342082262039,
                0.01208129059523344,
                0,
                0,
                0.1124914288520813,
                -0.021142257377505302,
                0,
                0.10411584377288818,
                -0.09602926671504974,
                -0.01510161254554987,
                0,
                0,
                -0.15748800337314606,
                0.4565332531929016,
                1
              ]
            }
          ],
          "diagnostics": []
        },
        "casterDrawList": {
          "ready": true,
          "status": "ready",
          "requestCount": 1,
          "meshDrawCount": 65,
          "listCount": 1,
          "includedDrawCount": 65,
          "skippedDrawCount": 0,
          "sections": {
            "shadowRequests": true,
            "passPlans": true,
            "casterFiltering": true,
            "commandEncoding": true
          },
          "lists": [
            {
              "shadowId": 66,
              "lightId": 66,
              "passKey": "shadow-pass:66:light:66",
              "casterLayerMask": -1,
              "receiverLayerMask": -1,
              "includedDrawCount": 65,
              "skippedDrawCount": 0,
              "commandEncoding": "ready",
              "omittedDrawCount": 57,
              "drawSample": [
                {
                  "renderId": 0,
                  "meshKey": "mesh:courtyard.slab.mesh",
                  "materialKey": "material:courtyard.slab.material",
                  "meshLayoutKey": "POSITION,NORMAL,TEXCOORD_0",
                  "casterCullMode": "front",
                  "submesh": 0,
                  "vertexStart": 0,
                  "vertexCount": 36,
                  "indexStart": 0,
                  "indexCount": 0
                },
                {
                  "renderId": 8,
                  "meshKey": "mesh:crane.boom.lower.mesh",
                  "materialKey": "material:crane.boom.lower.material",
                  "meshLayoutKey": "POSITION,NORMAL,TEXCOORD_0",
                  "casterCullMode": "front",
                  "submesh": 0,
                  "vertexStart": 0,
                  "vertexCount": 36,
                  "indexStart": 0,
                  "indexCount": 0
                },
                {
                  "renderId": 9,
                  "meshKey": "mesh:crane.boom.upper.mesh",
                  "materialKey": "material:crane.boom.upper.material",
                  "meshLayoutKey": "POSITION,NORMAL,TEXCOORD_0",
                  "casterCullMode": "front",
                  "submesh": 0,
                  "vertexStart": 0,
                  "vertexCount": 36,
                  "indexStart": 0,
                  "indexCount": 0
                },
                {
                  "renderId": 7,
                  "meshKey": "mesh:crane.counterweight.mesh",
                  "materialKey": "material:crane.counterweight.material",
                  "meshLayoutKey": "POSITION,NORMAL,TEXCOORD_0",
                  "casterCullMode": "front",
                  "submesh": 0,
                  "vertexStart": 0,
                  "vertexCount": 36,
                  "indexStart": 0,
                  "indexCount": 0
                },
                {
                  "renderId": 4,
                  "meshKey": "mesh:crane.foot.mesh",
                  "materialKey": "material:crane.foot.material",
                  "meshLayoutKey": "POSITION,NORMAL,TEXCOORD_0",
                  "casterCullMode": "front",
                  "submesh": 0,
                  "vertexStart": 0,
                  "vertexCount": 36,
                  "indexStart": 0,
                  "indexCount": 0
                },
                {
                  "renderId": 21,
                  "meshKey": "mesh:crane.hoist.cable.mesh",
                  "materialKey": "material:crane.hoist.cable.material",
                  "meshLayoutKey": "POSITION,NORMAL,TEXCOORD_0",
                  "casterCullMode": "front",
                  "submesh": 0,
                  "vertexStart": 0,
                  "vertexCount": 84,
                  "indexStart": 0,
                  "indexCount": 0
                },
                {
                  "renderId": 22,
                  "meshKey": "mesh:crane.hook.mesh",
                  "materialKey": "material:crane.hook.material",
                  "meshLayoutKey": "POSITION,NORMAL,TEXCOORD_0",
                  "casterCullMode": "front",
                  "submesh": 0,
                  "vertexStart": 0,
                  "vertexCount": 900,
                  "indexStart": 0,
                  "indexCount": 0
                },
                {
                  "renderId": 16,
                  "meshKey": "mesh:crane.hydraulic-mount.mesh",
                  "materialKey": "material:crane.hydraulic-mount.material",
                  "meshLayoutKey": "POSITION,NORMAL,TEXCOORD_0",
                  "casterCullMode": "front",
                  "submesh": 0,
                  "vertexStart": 0,
                  "vertexCount": 36,
                  "indexStart": 0,
                  "indexCount": 0
                }
              ]
            }
          ],
          "diagnostics": []
        },
        "depthTextureKeys": [
          "shadow-map:66:light:66:texture"
        ],
        "matrixBufferResourceKey": "shadow-matrix-buffer:directional",
        "sections": {
          "shadowRequests": true,
          "depthTextureResources": true,
          "matrixBufferResource": true,
          "samplerResource": true,
          "pipelineResource": true,
          "matrixBindGroupResource": true,
          "commandBufferSubmission": false,
          "receiverResources": true
        },
        "resourceReuse": {
          "depthTexturesCreated": 1,
          "depthTexturesReused": 0,
          "matrixBuffersCreated": 1,
          "matrixBuffersReused": 0,
          "samplersCreated": 1,
          "samplersReused": 0,
          "pipelinesCreated": 1,
          "pipelinesReused": 0,
          "matrixBindGroupsCreated": 1,
          "matrixBindGroupsReused": 0
        },
        "commandBufferSubmission": {
          "status": "ready",
          "assembledPasses": 1,
          "commandBuffers": 0,
          "submittedCommandBuffers": 0,
          "commandBufferKeys": [],
          "sections": {
            "encoderAssembly": false,
            "commandBufferFinish": false,
            "queueSubmission": false,
            "shaderSampling": false
          }
        },
        "diagnostics": []
      },
      "particles": {
        "emitters": 0,
        "liveParticles": 0,
        "texturedEmitters": 0,
        "statesCreated": 0,
        "statesReused": 0,
        "staleStatesRemoved": 0,
        "dispatches": 0,
        "textureResourcesCreated": 0,
        "textureResourcesReused": 0,
        "samplerResourcesCreated": 0,
        "samplerResourcesReused": 0
      },
      "features": {
        "particles": {
          "emitters": 0,
          "liveParticles": 0,
          "texturedEmitters": 0,
          "statesCreated": 0,
          "statesReused": 0,
          "staleStatesRemoved": 0,
          "dispatches": 0,
          "textureResourcesCreated": 0,
          "textureResourcesReused": 0,
          "samplerResourcesCreated": 0,
          "samplerResourcesReused": 0
        }
      }
    },
    "lastPick": null,
    "lastError": null,
    "transport": {
      "requested": "auto",
      "active": "transferable",
      "fallback": "transferable",
      "sharedArrayBuffer": {
        "supported": false,
        "diagnostic": {
          "code": "webGpuApp.sharedSnapshotTransportUnsupported",
          "reason": "cross-origin-isolation-required",
          "message": "SharedArrayBuffer snapshot transport requires a cross-origin isolated page."
        }
      }
    },
    "cadence": {
      "sampleWindow": 120,
      "snapshotsReceived": {
        "total": 0,
        "intervalSamples": 0,
        "latestIntervalMilliseconds": null,
        "averageIntervalMilliseconds": null,
        "minimumIntervalMilliseconds": null,
        "maximumIntervalMilliseconds": null,
        "estimatedHz": null,
        "latestFrame": null
      },
      "presentationCallbacks": {
        "total": 0,
        "intervalSamples": 0,
        "latestIntervalMilliseconds": null,
        "averageIntervalMilliseconds": null,
        "minimumIntervalMilliseconds": null,
        "maximumIntervalMilliseconds": null,
        "estimatedHz": null,
        "latestFrame": null
      },
      "rendersStarted": {
        "total": 0,
        "intervalSamples": 0,
        "latestIntervalMilliseconds": null,
        "averageIntervalMilliseconds": null,
        "minimumIntervalMilliseconds": null,
        "maximumIntervalMilliseconds": null,
        "estimatedHz": null,
        "latestFrame": null
      },
      "rendersCompleted": {
        "total": 0,
        "intervalSamples": 0,
        "latestIntervalMilliseconds": null,
        "averageIntervalMilliseconds": null,
        "minimumIntervalMilliseconds": null,
        "maximumIntervalMilliseconds": null,
        "estimatedHz": null,
        "latestFrame": null
      },
      "pendingSnapshotsReplaced": 0,
      "renderCompletionDrains": 0,
      "presentationCallbacksWhileInFlight": 0,
      "presentationCallbacksWithoutSnapshot": 0,
      "sharedSnapshotUnavailable": 0,
      "renderFailures": 0,
      "pacing": {
        "snapshotQueueAgeMilliseconds": {
          "count": 0,
          "latest": null,
          "average": null,
          "minimum": null,
          "maximum": null
        },
        "pendingSnapshotAgeMilliseconds": null,
        "renderedFrameGap": {
          "count": 0,
          "latest": null,
          "average": null,
          "minimum": null,
          "maximum": null
        },
        "skippedSnapshotFrames": 0
      },
      "pendingSnapshot": false,
      "scheduled": false,
      "inFlight": false
    }
  },
  "nativePublication": 0,
  "originalV1ReadyGate": true,
  "v2FrameGate": {
    "ok": true,
    "gates": {
      "evidencePresent": true,
      "stateMatches": true,
      "revisionMatches": true,
      "nativeFrameMatchesWorkerPublication": true,
      "nativeFrameMatchesRenderedSnapshot": true,
      "originalWorkerSnapshotFrameMatches": true,
      "nativeReportOk": true,
      "nativeDrawsPositive": true,
      "nativeSwapchainSubmitted": true
    },
    "nativeFrame": 0,
    "stateId": "s00-baseline",
    "revision": 1
  },
  "consumedChecks": [
    {
      "name": "courtyard.slab:actual-renderer-snapshot-entity-and-mesh",
      "ok": true
    },
    {
      "name": "courtyard.slab:actual-renderer-world-matrix",
      "ok": true,
      "renderId": 0,
      "actual": [
        1,
        0,
        0,
        0,
        0,
        1,
        0,
        0,
        0,
        0,
        1,
        0,
        0,
        0,
        0,
        1
      ]
    },
    {
      "name": "platform.lower:actual-renderer-snapshot-entity-and-mesh",
      "ok": true
    },
    {
      "name": "platform.lower:actual-renderer-world-matrix",
      "ok": true,
      "renderId": 1,
      "actual": [
        1,
        0,
        0,
        0,
        0,
        1,
        0,
        0,
        0,
        0,
        1,
        0,
        0,
        0,
        0,
        1
      ]
    },
    {
      "name": "platform.middle:actual-renderer-snapshot-entity-and-mesh",
      "ok": true
    },
    {
      "name": "platform.middle:actual-renderer-world-matrix",
      "ok": true,
      "renderId": 2,
      "actual": [
        1,
        0,
        0,
        0,
        0,
        1,
        0,
        0,
        0,
        0,
        1,
        0,
        0,
        0,
        0,
        1
      ]
    },
    {
      "name": "platform.upper:actual-renderer-snapshot-entity-and-mesh",
      "ok": true
    },
    {
      "name": "platform.upper:actual-renderer-world-matrix",
      "ok": true,
      "renderId": 3,
      "actual": [
        1,
        0,
        0,
        0,
        0,
        1,
        0,
        0,
        0,
        0,
        1,
        0,
        0,
        0,
        0,
        1
      ]
    },
    {
      "name": "crane.foot:actual-renderer-snapshot-entity-and-mesh",
      "ok": true
    },
    {
      "name": "crane.foot:actual-renderer-world-matrix",
      "ok": true,
      "renderId": 4,
      "actual": [
        1,
        0,
        0,
        0,
        0,
        1,
        0,
        0,
        0,
        0,
        1,
        0,
        0,
        0,
        0,
        1
      ]
    },
    {
      "name": "crane.turntable:actual-renderer-snapshot-entity-and-mesh",
      "ok": true
    },
    {
      "name": "crane.turntable:actual-renderer-world-matrix",
      "ok": true,
      "renderId": 5,
      "actual": [
        1,
        0,
        0,
        0,
        0,
        1,
        0,
        0,
        0,
        0,
        1,
        0,
        0,
        0,
        0,
        1
      ]
    },
    {
      "name": "crane.pedestal:actual-renderer-snapshot-entity-and-mesh",
      "ok": true
    },
    {
      "name": "crane.pedestal:actual-renderer-world-matrix",
      "ok": true,
      "renderId": 6,
      "actual": [
        1,
        0,
        0,
        0,
        0,
        1,
        0,
        0,
        0,
        0,
        1,
        0,
        0,
        0,
        0,
        1
      ]
    },
    {
      "name": "crane.counterweight:actual-renderer-snapshot-entity-and-mesh",
      "ok": true
    },
    {
      "name": "crane.counterweight:actual-renderer-world-matrix",
      "ok": true,
      "renderId": 7,
      "actual": [
        1,
        0,
        0,
        0,
        0,
        1,
        0,
        0,
        0,
        0,
        1,
        0,
        0,
        0,
        0,
        1
      ]
    },
    {
      "name": "crane.boom.lower:actual-renderer-snapshot-entity-and-mesh",
      "ok": true
    },
    {
      "name": "crane.boom.lower:actual-renderer-world-matrix",
      "ok": true,
      "renderId": 8,
      "actual": [
        1,
        0,
        0,
        0,
        0,
        1,
        0,
        0,
        0,
        0,
        1,
        0,
        0,
        0,
        0,
        1
      ]
    },
    {
      "name": "crane.boom.upper:actual-renderer-snapshot-entity-and-mesh",
      "ok": true
    },
    {
      "name": "crane.boom.upper:actual-renderer-world-matrix",
      "ok": true,
      "renderId": 9,
      "actual": [
        1,
        0,
        0,
        0,
        0,
        1,
        0,
        0,
        0,
        0,
        1,
        0,
        0,
        0,
        0,
        1
      ]
    },
    {
      "name": "crane.pin.shoulder:actual-renderer-snapshot-entity-and-mesh",
      "ok": true
    },
    {
      "name": "crane.pin.shoulder:actual-renderer-world-matrix",
      "ok": true,
      "renderId": 10,
      "actual": [
        1,
        0,
        0,
        0,
        0,
        1,
        0,
        0,
        0,
        0,
        1,
        0,
        0,
        0,
        0,
        1
      ]
    },
    {
      "name": "crane.pin-cap.shoulder:actual-renderer-snapshot-entity-and-mesh",
      "ok": true
    },
    {
      "name": "crane.pin-cap.shoulder:actual-renderer-world-matrix",
      "ok": true,
      "renderId": 11,
      "actual": [
        1,
        0,
        0,
        0,
        0,
        1,
        0,
        0,
        0,
        0,
        1,
        0,
        0,
        0,
        0,
        1
      ]
    },
    {
      "name": "crane.pin.elbow:actual-renderer-snapshot-entity-and-mesh",
      "ok": true
    },
    {
      "name": "crane.pin.elbow:actual-renderer-world-matrix",
      "ok": true,
      "renderId": 12,
      "actual": [
        1,
        0,
        0,
        0,
        0,
        1,
        0,
        0,
        0,
        0,
        1,
        0,
        0,
        0,
        0,
        1
      ]
    },
    {
      "name": "crane.pin-cap.elbow:actual-renderer-snapshot-entity-and-mesh",
      "ok": true
    },
    {
      "name": "crane.pin-cap.elbow:actual-renderer-world-matrix",
      "ok": true,
      "renderId": 13,
      "actual": [
        1,
        0,
        0,
        0,
        0,
        1,
        0,
        0,
        0,
        0,
        1,
        0,
        0,
        0,
        0,
        1
      ]
    },
    {
      "name": "crane.pin.tip:actual-renderer-snapshot-entity-and-mesh",
      "ok": true
    },
    {
      "name": "crane.pin.tip:actual-renderer-world-matrix",
      "ok": true,
      "renderId": 14,
      "actual": [
        1,
        0,
        0,
        0,
        0,
        1,
        0,
        0,
        0,
        0,
        1,
        0,
        0,
        0,
        0,
        1
      ]
    },
    {
      "name": "crane.pin-cap.tip:actual-renderer-snapshot-entity-and-mesh",
      "ok": true
    },
    {
      "name": "crane.pin-cap.tip:actual-renderer-world-matrix",
      "ok": true,
      "renderId": 15,
      "actual": [
        1,
        0,
        0,
        0,
        0,
        1,
        0,
        0,
        0,
        0,
        1,
        0,
        0,
        0,
        0,
        1
      ]
    },
    {
      "name": "crane.hydraulic-mount:actual-renderer-snapshot-entity-and-mesh",
      "ok": true
    },
    {
      "name": "crane.hydraulic-mount:actual-renderer-world-matrix",
      "ok": true,
      "renderId": 16,
      "actual": [
        1,
        0,
        0,
        0,
        0,
        1,
        0,
        0,
        0,
        0,
        1,
        0,
        0,
        0,
        0,
        1
      ]
    },
    {
      "name": "crane.hydraulic.body:actual-renderer-snapshot-entity-and-mesh",
      "ok": true
    },
    {
      "name": "crane.hydraulic.body:actual-renderer-world-matrix",
      "ok": true,
      "renderId": 17,
      "actual": [
        1,
        0,
        0,
        0,
        0,
        1,
        0,
        0,
        0,
        0,
        1,
        0,
        0,
        0,
        0,
        1
      ]
    },
    {
      "name": "crane.hydraulic.rod:actual-renderer-snapshot-entity-and-mesh",
      "ok": true
    },
    {
      "name": "crane.hydraulic.rod:actual-renderer-world-matrix",
      "ok": true,
      "renderId": 18,
      "actual": [
        1,
        0,
        0,
        0,
        0,
        1,
        0,
        0,
        0,
        0,
        1,
        0,
        0,
        0,
        0,
        1
      ]
    },
    {
      "name": "crane.hydraulic.eye.base:actual-renderer-snapshot-entity-and-mesh",
      "ok": true
    },
    {
      "name": "crane.hydraulic.eye.base:actual-renderer-world-matrix",
      "ok": true,
      "renderId": 19,
      "actual": [
        1,
        0,
        0,
        0,
        0,
        1,
        0,
        0,
        0,
        0,
        1,
        0,
        0,
        0,
        0,
        1
      ]
    },
    {
      "name": "crane.hydraulic.eye.boom:actual-renderer-snapshot-entity-and-mesh",
      "ok": true
    },
    {
      "name": "crane.hydraulic.eye.boom:actual-renderer-world-matrix",
      "ok": true,
      "renderId": 20,
      "actual": [
        1,
        0,
        0,
        0,
        0,
        1,
        0,
        0,
        0,
        0,
        1,
        0,
        0,
        0,
        0,
        1
      ]
    },
    {
      "name": "crane.hoist.cable:actual-renderer-snapshot-entity-and-mesh",
      "ok": true
    },
    {
      "name": "crane.hoist.cable:actual-renderer-world-matrix",
      "ok": true,
      "renderId": 21,
      "actual": [
        1,
        0,
        0,
        0,
        0,
        1,
        0,
        0,
        0,
        0,
        1,
        0,
        0,
        0,
        0,
        1
      ]
    },
    {
      "name": "crane.hook:actual-renderer-snapshot-entity-and-mesh",
      "ok": true
    },
    {
      "name": "crane.hook:actual-renderer-world-matrix",
      "ok": true,
      "renderId": 22,
      "actual": [
        1,
        0,
        0,
        0,
        0,
        1,
        0,
        0,
        0,
        0,
        1,
        0,
        0,
        0,
        0,
        1
      ]
    },
    {
      "name": "crane.load.body:actual-renderer-snapshot-entity-and-mesh",
      "ok": true
    },
    {
      "name": "crane.load.body:actual-renderer-world-matrix",
      "ok": true,
      "renderId": 23,
      "actual": [
        1,
        0,
        0,
        0,
        0,
        1,
        0,
        0,
        0,
        0,
        1,
        0,
        0,
        0,
        0,
        1
      ]
    },
    {
      "name": "crane.load.strap-front.0:actual-renderer-snapshot-entity-and-mesh",
      "ok": true
    },
    {
      "name": "crane.load.strap-front.0:actual-renderer-world-matrix",
      "ok": true,
      "renderId": 24,
      "actual": [
        1,
        0,
        0,
        0,
        0,
        1,
        0,
        0,
        0,
        0,
        1,
        0,
        0,
        0,
        0,
        1
      ]
    },
    {
      "name": "crane.load.strap-back.0:actual-renderer-snapshot-entity-and-mesh",
      "ok": true
    },
    {
      "name": "crane.load.strap-back.0:actual-renderer-world-matrix",
      "ok": true,
      "renderId": 25,
      "actual": [
        1,
        0,
        0,
        0,
        0,
        1,
        0,
        0,
        0,
        0,
        1,
        0,
        0,
        0,
        0,
        1
      ]
    },
    {
      "name": "crane.load.strap-top.0:actual-renderer-snapshot-entity-and-mesh",
      "ok": true
    },
    {
      "name": "crane.load.strap-top.0:actual-renderer-world-matrix",
      "ok": true,
      "renderId": 26,
      "actual": [
        1,
        0,
        0,
        0,
        0,
        1,
        0,
        0,
        0,
        0,
        1,
        0,
        0,
        0,
        0,
        1
      ]
    },
    {
      "name": "crane.load.strap-front.1:actual-renderer-snapshot-entity-and-mesh",
      "ok": true
    },
    {
      "name": "crane.load.strap-front.1:actual-renderer-world-matrix",
      "ok": true,
      "renderId": 27,
      "actual": [
        1,
        0,
        0,
        0,
        0,
        1,
        0,
        0,
        0,
        0,
        1,
        0,
        0,
        0,
        0,
        1
      ]
    },
    {
      "name": "crane.load.strap-back.1:actual-renderer-snapshot-entity-and-mesh",
      "ok": true
    },
    {
      "name": "crane.load.strap-back.1:actual-renderer-world-matrix",
      "ok": true,
      "renderId": 28,
      "actual": [
        1,
        0,
        0,
        0,
        0,
        1,
        0,
        0,
        0,
        0,
        1,
        0,
        0,
        0,
        0,
        1
      ]
    },
    {
      "name": "crane.load.strap-top.1:actual-renderer-snapshot-entity-and-mesh",
      "ok": true
    },
    {
      "name": "crane.load.strap-top.1:actual-renderer-world-matrix",
      "ok": true,
      "renderId": 29,
      "actual": [
        1,
        0,
        0,
        0,
        0,
        1,
        0,
        0,
        0,
        0,
        1,
        0,
        0,
        0,
        0,
        1
      ]
    },
    {
      "name": "crane.sling.0:actual-renderer-snapshot-entity-and-mesh",
      "ok": true
    },
    {
      "name": "crane.sling.0:actual-renderer-world-matrix",
      "ok": true,
      "renderId": 30,
      "actual": [
        1,
        0,
        0,
        0,
        0,
        1,
        0,
        0,
        0,
        0,
        1,
        0,
        0,
        0,
        0,
        1
      ]
    },
    {
      "name": "crane.sling.1:actual-renderer-snapshot-entity-and-mesh",
      "ok": true
    },
    {
      "name": "crane.sling.1:actual-renderer-world-matrix",
      "ok": true,
      "renderId": 31,
      "actual": [
        1,
        0,
        0,
        0,
        0,
        1,
        0,
        0,
        0,
        0,
        1,
        0,
        0,
        0,
        0,
        1
      ]
    },
    {
      "name": "crane.sling.2:actual-renderer-snapshot-entity-and-mesh",
      "ok": true
    },
    {
      "name": "crane.sling.2:actual-renderer-world-matrix",
      "ok": true,
      "renderId": 32,
      "actual": [
        1,
        0,
        0,
        0,
        0,
        1,
        0,
        0,
        0,
        0,
        1,
        0,
        0,
        0,
        0,
        1
      ]
    },
    {
      "name": "crane.sling.3:actual-renderer-snapshot-entity-and-mesh",
      "ok": true
    },
    {
      "name": "crane.sling.3:actual-renderer-world-matrix",
      "ok": true,
      "renderId": 33,
      "actual": [
        1,
        0,
        0,
        0,
        0,
        1,
        0,
        0,
        0,
        0,
        1,
        0,
        0,
        0,
        0,
        1
      ]
    },
    {
      "name": "wall.body.continuous:actual-renderer-snapshot-entity-and-mesh",
      "ok": true
    },
    {
      "name": "wall.body.continuous:actual-renderer-world-matrix",
      "ok": true,
      "renderId": 34,
      "actual": [
        1,
        0,
        0,
        0,
        0,
        1,
        0,
        0,
        0,
        0,
        1,
        0,
        0,
        0,
        -2.200000047683716,
        1
      ]
    },
    {
      "name": "wall.arch.00:actual-renderer-snapshot-entity-and-mesh",
      "ok": true
    },
    {
      "name": "wall.arch.00:actual-renderer-world-matrix",
      "ok": true,
      "renderId": 35,
      "actual": [
        1,
        0,
        0,
        0,
        0,
        1,
        0,
        0,
        0,
        0,
        1,
        0,
        0,
        0,
        0,
        1
      ]
    },
    {
      "name": "wall.arch.01:actual-renderer-snapshot-entity-and-mesh",
      "ok": true
    },
    {
      "name": "wall.arch.01:actual-renderer-world-matrix",
      "ok": true,
      "renderId": 36,
      "actual": [
        1,
        0,
        0,
        0,
        0,
        1,
        0,
        0,
        0,
        0,
        1,
        0,
        0,
        0,
        0,
        1
      ]
    },
    {
      "name": "wall.arch.02:actual-renderer-snapshot-entity-and-mesh",
      "ok": true
    },
    {
      "name": "wall.arch.02:actual-renderer-world-matrix",
      "ok": true,
      "renderId": 37,
      "actual": [
        1,
        0,
        0,
        0,
        0,
        1,
        0,
        0,
        0,
        0,
        1,
        0,
        0,
        0,
        0,
        1
      ]
    },
    {
      "name": "wall.arch.03:actual-renderer-snapshot-entity-and-mesh",
      "ok": true
    },
    {
      "name": "wall.arch.03:actual-renderer-world-matrix",
      "ok": true,
      "renderId": 38,
      "actual": [
        1,
        0,
        0,
        0,
        0,
        1,
        0,
        0,
        0,
        0,
        1,
        0,
        0,
        0,
        0,
        1
      ]
    },
    {
      "name": "wall.arch.04:actual-renderer-snapshot-entity-and-mesh",
      "ok": true
    },
    {
      "name": "wall.arch.04:actual-renderer-world-matrix",
      "ok": true,
      "renderId": 39,
      "actual": [
        1,
        0,
        0,
        0,
        0,
        1,
        0,
        0,
        0,
        0,
        1,
        0,
        0,
        0,
        0,
        1
      ]
    },
    {
      "name": "wall.arch.05:actual-renderer-snapshot-entity-and-mesh",
      "ok": true
    },
    {
      "name": "wall.arch.05:actual-renderer-world-matrix",
      "ok": true,
      "renderId": 40,
      "actual": [
        1,
        0,
        0,
        0,
        0,
        1,
        0,
        0,
        0,
        0,
        1,
        0,
        0,
        0,
        0,
        1
      ]
    },
    {
      "name": "wall.arch.06:actual-renderer-snapshot-entity-and-mesh",
      "ok": true
    },
    {
      "name": "wall.arch.06:actual-renderer-world-matrix",
      "ok": true,
      "renderId": 41,
      "actual": [
        1,
        0,
        0,
        0,
        0,
        1,
        0,
        0,
        0,
        0,
        1,
        0,
        0,
        0,
        0,
        1
      ]
    },
    {
      "name": "wall.arch.07:actual-renderer-snapshot-entity-and-mesh",
      "ok": true
    },
    {
      "name": "wall.arch.07:actual-renderer-world-matrix",
      "ok": true,
      "renderId": 42,
      "actual": [
        1,
        0,
        0,
        0,
        0,
        1,
        0,
        0,
        0,
        0,
        1,
        0,
        0,
        0,
        0,
        1
      ]
    },
    {
      "name": "wall.arch.08:actual-renderer-snapshot-entity-and-mesh",
      "ok": true
    },
    {
      "name": "wall.arch.08:actual-renderer-world-matrix",
      "ok": true,
      "renderId": 43,
      "actual": [
        1,
        0,
        0,
        0,
        0,
        1,
        0,
        0,
        0,
        0,
        1,
        0,
        0,
        0,
        0,
        1
      ]
    },
    {
      "name": "wall.arch.09:actual-renderer-snapshot-entity-and-mesh",
      "ok": true
    },
    {
      "name": "wall.arch.09:actual-renderer-world-matrix",
      "ok": true,
      "renderId": 44,
      "actual": [
        1,
        0,
        0,
        0,
        0,
        1,
        0,
        0,
        0,
        0,
        1,
        0,
        0,
        0,
        0,
        1
      ]
    },
    {
      "name": "wall.arch.10:actual-renderer-snapshot-entity-and-mesh",
      "ok": true
    },
    {
      "name": "wall.arch.10:actual-renderer-world-matrix",
      "ok": true,
      "renderId": 45,
      "actual": [
        1,
        0,
        0,
        0,
        0,
        1,
        0,
        0,
        0,
        0,
        1,
        0,
        0,
        0,
        0,
        1
      ]
    },
    {
      "name": "wall.arch.11:actual-renderer-snapshot-entity-and-mesh",
      "ok": true
    },
    {
      "name": "wall.arch.11:actual-renderer-world-matrix",
      "ok": true,
      "renderId": 46,
      "actual": [
        1,
        0,
        0,
        0,
        0,
        1,
        0,
        0,
        0,
        0,
        1,
        0,
        0,
        0,
        0,
        1
      ]
    },
    {
      "name": "wall.cap:actual-renderer-snapshot-entity-and-mesh",
      "ok": true
    },
    {
      "name": "wall.cap:actual-renderer-world-matrix",
      "ok": true,
      "renderId": 47,
      "actual": [
        1,
        0,
        0,
        0,
        0,
        1,
        0,
        0,
        0,
        0,
        1,
        0,
        0,
        0,
        0,
        1
      ]
    },
    {
      "name": "wall.lamp.backplate:actual-renderer-snapshot-entity-and-mesh",
      "ok": true
    },
    {
      "name": "wall.lamp.backplate:actual-renderer-world-matrix",
      "ok": true,
      "renderId": 48,
      "actual": [
        1,
        0,
        0,
        0,
        0,
        1,
        0,
        0,
        0,
        0,
        1,
        0,
        0,
        0,
        0,
        1
      ]
    },
    {
      "name": "wall.lamp.diffuser:actual-renderer-snapshot-entity-and-mesh",
      "ok": true
    },
    {
      "name": "wall.lamp.diffuser:actual-renderer-world-matrix",
      "ok": true,
      "renderId": 49,
      "actual": [
        1,
        0,
        0,
        0,
        0,
        1,
        0,
        0,
        0,
        0,
        1,
        0,
        0,
        0,
        0,
        1
      ]
    },
    {
      "name": "pipe.hollow-elbow.outer:actual-renderer-snapshot-entity-and-mesh",
      "ok": true
    },
    {
      "name": "pipe.hollow-elbow.outer:actual-renderer-world-matrix",
      "ok": true,
      "renderId": 50,
      "actual": [
        1,
        0,
        0,
        0,
        0,
        1,
        0,
        0,
        0,
        0,
        1,
        0,
        0,
        0,
        0,
        1
      ]
    },
    {
      "name": "pipe.hollow-elbow.inner:actual-renderer-snapshot-entity-and-mesh",
      "ok": true
    },
    {
      "name": "pipe.hollow-elbow.inner:actual-renderer-world-matrix",
      "ok": true,
      "renderId": 51,
      "actual": [
        1,
        0,
        0,
        0,
        0,
        1,
        0,
        0,
        0,
        0,
        1,
        0,
        0,
        0,
        0,
        1
      ]
    },
    {
      "name": "pipe.hollow-elbow.rims:actual-renderer-snapshot-entity-and-mesh",
      "ok": true
    },
    {
      "name": "pipe.hollow-elbow.rims:actual-renderer-world-matrix",
      "ok": true,
      "renderId": 52,
      "actual": [
        1,
        0,
        0,
        0,
        0,
        1,
        0,
        0,
        0,
        0,
        1,
        0,
        0,
        0,
        0,
        1
      ]
    },
    {
      "name": "prop.crate.body:actual-renderer-snapshot-entity-and-mesh",
      "ok": true
    },
    {
      "name": "prop.crate.body:actual-renderer-world-matrix",
      "ok": true,
      "renderId": 53,
      "actual": [
        1,
        0,
        0,
        0,
        0,
        1,
        0,
        0,
        0,
        0,
        1,
        0,
        0,
        0,
        0,
        1
      ]
    },
    {
      "name": "prop.crate.strap-front.0:actual-renderer-snapshot-entity-and-mesh",
      "ok": true
    },
    {
      "name": "prop.crate.strap-front.0:actual-renderer-world-matrix",
      "ok": true,
      "renderId": 54,
      "actual": [
        1,
        0,
        0,
        0,
        0,
        1,
        0,
        0,
        0,
        0,
        1,
        0,
        0,
        0,
        0,
        1
      ]
    },
    {
      "name": "prop.crate.strap-back.0:actual-renderer-snapshot-entity-and-mesh",
      "ok": true
    },
    {
      "name": "prop.crate.strap-back.0:actual-renderer-world-matrix",
      "ok": true,
      "renderId": 55,
      "actual": [
        1,
        0,
        0,
        0,
        0,
        1,
        0,
        0,
        0,
        0,
        1,
        0,
        0,
        0,
        0,
        1
      ]
    },
    {
      "name": "prop.crate.strap-top.0:actual-renderer-snapshot-entity-and-mesh",
      "ok": true
    },
    {
      "name": "prop.crate.strap-top.0:actual-renderer-world-matrix",
      "ok": true,
      "renderId": 56,
      "actual": [
        1,
        0,
        0,
        0,
        0,
        1,
        0,
        0,
        0,
        0,
        1,
        0,
        0,
        0,
        0,
        1
      ]
    },
    {
      "name": "prop.crate.strap-front.1:actual-renderer-snapshot-entity-and-mesh",
      "ok": true
    },
    {
      "name": "prop.crate.strap-front.1:actual-renderer-world-matrix",
      "ok": true,
      "renderId": 57,
      "actual": [
        1,
        0,
        0,
        0,
        0,
        1,
        0,
        0,
        0,
        0,
        1,
        0,
        0,
        0,
        0,
        1
      ]
    },
    {
      "name": "prop.crate.strap-back.1:actual-renderer-snapshot-entity-and-mesh",
      "ok": true
    },
    {
      "name": "prop.crate.strap-back.1:actual-renderer-world-matrix",
      "ok": true,
      "renderId": 58,
      "actual": [
        1,
        0,
        0,
        0,
        0,
        1,
        0,
        0,
        0,
        0,
        1,
        0,
        0,
        0,
        0,
        1
      ]
    },
    {
      "name": "prop.crate.strap-top.1:actual-renderer-snapshot-entity-and-mesh",
      "ok": true
    },
    {
      "name": "prop.crate.strap-top.1:actual-renderer-world-matrix",
      "ok": true,
      "renderId": 59,
      "actual": [
        1,
        0,
        0,
        0,
        0,
        1,
        0,
        0,
        0,
        0,
        1,
        0,
        0,
        0,
        0,
        1
      ]
    },
    {
      "name": "prop.drum.body:actual-renderer-snapshot-entity-and-mesh",
      "ok": true
    },
    {
      "name": "prop.drum.body:actual-renderer-world-matrix",
      "ok": true,
      "renderId": 60,
      "actual": [
        1,
        0,
        0,
        0,
        0,
        1,
        0,
        0,
        0,
        0,
        1,
        0,
        0,
        0,
        0,
        1
      ]
    },
    {
      "name": "prop.drum.band.0:actual-renderer-snapshot-entity-and-mesh",
      "ok": true
    },
    {
      "name": "prop.drum.band.0:actual-renderer-world-matrix",
      "ok": true,
      "renderId": 61,
      "actual": [
        1,
        0,
        0,
        0,
        0,
        1,
        0,
        0,
        0,
        0,
        1,
        0,
        0,
        0,
        0,
        1
      ]
    },
    {
      "name": "prop.drum.band.1:actual-renderer-snapshot-entity-and-mesh",
      "ok": true
    },
    {
      "name": "prop.drum.band.1:actual-renderer-world-matrix",
      "ok": true,
      "renderId": 62,
      "actual": [
        1,
        0,
        0,
        0,
        0,
        1,
        0,
        0,
        0,
        0,
        1,
        0,
        0,
        0,
        0,
        1
      ]
    },
    {
      "name": "prop.bollard:actual-renderer-snapshot-entity-and-mesh",
      "ok": true
    },
    {
      "name": "prop.bollard:actual-renderer-world-matrix",
      "ok": true,
      "renderId": 63,
      "actual": [
        1,
        0,
        0,
        0,
        0,
        1,
        0,
        0,
        0,
        0,
        1,
        0,
        0,
        0,
        0,
        1
      ]
    },
    {
      "name": "prop.bollard.cap:actual-renderer-snapshot-entity-and-mesh",
      "ok": true
    },
    {
      "name": "prop.bollard.cap:actual-renderer-world-matrix",
      "ok": true,
      "renderId": 64,
      "actual": [
        1,
        0,
        0,
        0,
        0,
        1,
        0,
        0,
        0,
        0,
        1,
        0,
        0,
        0,
        0,
        1
      ]
    }
  ],
  "rejectMissingPublication": true,
  "rejectWrongRevision": true,
  "rejectWrongRenderedFrame": true,
  "ok": true,
  "disposed": true
}
