{"run": "run-dc62779beb01470f9cbf4ad2712e5238", "temporary_directory": "/workspace/scratch/0190a8c72f8a/aperture-tmp/run-dc62779beb01470f9cbf4ad2712e5238"}
{
  "cpuOnly": true,
  "nativeGpu": false,
  "purpose": "Actual CPU native asset raw-byte capture across all frozen states; no upload/browser proof",
  "sceneConstructorByteIdentical": true,
  "states": [
    {
      "rawBytesChecked": 220704,
      "rawBuffersChecked": 66,
      "negativeZeros": 444,
      "rawResetEquivalent": true,
      "id": "s00-baseline",
      "revision": 1,
      "snapshotFrame": 0,
      "meshCount": 65,
      "entityCount": 70,
      "nativeChecks": 261,
      "nativeChecksOk": true,
      "identityStable": true,
      "resetEquivalent": true,
      "snapshotDrawCount": 65,
      "resources": {
        "initialMeshAssets": 65,
        "meshAssetReplacements": 0,
        "publishedVertexArrayReplacements": 0,
        "publishedIndexArrayReplacements": 0,
        "entityCreateCalls": 70,
        "entityDestroyCalls": 0,
        "currentMeshAssets": 65,
        "changedMeshes": [],
        "assetVersions": [
          {
            "name": "courtyard.slab",
            "assetVersion": 1,
            "assetSerial": 1,
            "publishes": 0
          },
          {
            "name": "platform.lower",
            "assetVersion": 1,
            "assetSerial": 2,
            "publishes": 0
          },
          {
            "name": "platform.middle",
            "assetVersion": 1,
            "assetSerial": 3,
            "publishes": 0
          },
          {
            "name": "platform.upper",
            "assetVersion": 1,
            "assetSerial": 4,
            "publishes": 0
          },
          {
            "name": "crane.foot",
            "assetVersion": 1,
            "assetSerial": 5,
            "publishes": 0
          },
          {
            "name": "crane.turntable",
            "assetVersion": 1,
            "assetSerial": 6,
            "publishes": 0
          },
          {
            "name": "crane.pedestal",
            "assetVersion": 1,
            "assetSerial": 7,
            "publishes": 0
          },
          {
            "name": "crane.counterweight",
            "assetVersion": 1,
            "assetSerial": 8,
            "publishes": 0
          },
          {
            "name": "crane.boom.lower",
            "assetVersion": 1,
            "assetSerial": 9,
            "publishes": 0
          },
          {
            "name": "crane.boom.upper",
            "assetVersion": 1,
            "assetSerial": 10,
            "publishes": 0
          },
          {
            "name": "crane.pin.shoulder",
            "assetVersion": 1,
            "assetSerial": 11,
            "publishes": 0
          },
          {
            "name": "crane.pin-cap.shoulder",
            "assetVersion": 1,
            "assetSerial": 12,
            "publishes": 0
          },
          {
            "name": "crane.pin.elbow",
            "assetVersion": 1,
            "assetSerial": 13,
            "publishes": 0
          },
          {
            "name": "crane.pin-cap.elbow",
            "assetVersion": 1,
            "assetSerial": 14,
            "publishes": 0
          },
          {
            "name": "crane.pin.tip",
            "assetVersion": 1,
            "assetSerial": 15,
            "publishes": 0
          },
          {
            "name": "crane.pin-cap.tip",
            "assetVersion": 1,
            "assetSerial": 16,
            "publishes": 0
          },
          {
            "name": "crane.hydraulic-mount",
            "assetVersion": 1,
            "assetSerial": 17,
            "publishes": 0
          },
          {
            "name": "crane.hydraulic.body",
            "assetVersion": 1,
            "assetSerial": 18,
            "publishes": 0
          },
          {
            "name": "crane.hydraulic.rod",
            "assetVersion": 1,
            "assetSerial": 19,
            "publishes": 0
          },
          {
            "name": "crane.hydraulic.eye.base",
            "assetVersion": 1,
            "assetSerial": 20,
            "publishes": 0
          },
          {
            "name": "crane.hydraulic.eye.boom",
            "assetVersion": 1,
            "assetSerial": 21,
            "publishes": 0
          },
          {
            "name": "crane.hoist.cable",
            "assetVersion": 1,
            "assetSerial": 22,
            "publishes": 0
          },
          {
            "name": "crane.hook",
            "assetVersion": 1,
            "assetSerial": 23,
            "publishes": 0
          },
          {
            "name": "crane.load.body",
            "assetVersion": 1,
            "assetSerial": 24,
            "publishes": 0
          },
          {
            "name": "crane.load.strap-front.0",
            "assetVersion": 1,
            "assetSerial": 25,
            "publishes": 0
          },
          {
            "name": "crane.load.strap-back.0",
            "assetVersion": 1,
            "assetSerial": 26,
            "publishes": 0
          },
          {
            "name": "crane.load.strap-top.0",
            "assetVersion": 1,
            "assetSerial": 27,
            "publishes": 0
          },
          {
            "name": "crane.load.strap-front.1",
            "assetVersion": 1,
            "assetSerial": 28,
            "publishes": 0
          },
          {
            "name": "crane.load.strap-back.1",
            "assetVersion": 1,
            "assetSerial": 29,
            "publishes": 0
          },
          {
            "name": "crane.load.strap-top.1",
            "assetVersion": 1,
            "assetSerial": 30,
            "publishes": 0
          },
          {
            "name": "crane.sling.0",
            "assetVersion": 1,
            "assetSerial": 31,
            "publishes": 0
          },
          {
            "name": "crane.sling.1",
            "assetVersion": 1,
            "assetSerial": 32,
            "publishes": 0
          },
          {
            "name": "crane.sling.2",
            "assetVersion": 1,
            "assetSerial": 33,
            "publishes": 0
          },
          {
            "name": "crane.sling.3",
            "assetVersion": 1,
            "assetSerial": 34,
            "publishes": 0
          },
          {
            "name": "wall.body.continuous",
            "assetVersion": 1,
            "assetSerial": 35,
            "publishes": 0
          },
          {
            "name": "wall.arch.00",
            "assetVersion": 1,
            "assetSerial": 36,
            "publishes": 0
          },
          {
            "name": "wall.arch.01",
            "assetVersion": 1,
            "assetSerial": 37,
            "publishes": 0
          },
          {
            "name": "wall.arch.02",
            "assetVersion": 1,
            "assetSerial": 38,
            "publishes": 0
          },
          {
            "name": "wall.arch.03",
            "assetVersion": 1,
            "assetSerial": 39,
            "publishes": 0
          },
          {
            "name": "wall.arch.04",
            "assetVersion": 1,
            "assetSerial": 40,
            "publishes": 0
          },
          {
            "name": "wall.arch.05",
            "assetVersion": 1,
            "assetSerial": 41,
            "publishes": 0
          },
          {
            "name": "wall.arch.06",
            "assetVersion": 1,
            "assetSerial": 42,
            "publishes": 0
          },
          {
            "name": "wall.arch.07",
            "assetVersion": 1,
            "assetSerial": 43,
            "publishes": 0
          },
          {
            "name": "wall.arch.08",
            "assetVersion": 1,
            "assetSerial": 44,
            "publishes": 0
          },
          {
            "name": "wall.arch.09",
            "assetVersion": 1,
            "assetSerial": 45,
            "publishes": 0
          },
          {
            "name": "wall.arch.10",
            "assetVersion": 1,
            "assetSerial": 46,
            "publishes": 0
          },
          {
            "name": "wall.arch.11",
            "assetVersion": 1,
            "assetSerial": 47,
            "publishes": 0
          },
          {
            "name": "wall.cap",
            "assetVersion": 1,
            "assetSerial": 48,
            "publishes": 0
          },
          {
            "name": "wall.lamp.backplate",
            "assetVersion": 1,
            "assetSerial": 49,
            "publishes": 0
          },
          {
            "name": "wall.lamp.diffuser",
            "assetVersion": 1,
            "assetSerial": 50,
            "publishes": 0
          },
          {
            "name": "pipe.hollow-elbow.outer",
            "assetVersion": 1,
            "assetSerial": 51,
            "publishes": 0
          },
          {
            "name": "pipe.hollow-elbow.inner",
            "assetVersion": 1,
            "assetSerial": 52,
            "publishes": 0
          },
          {
            "name": "pipe.hollow-elbow.rims",
            "assetVersion": 1,
            "assetSerial": 53,
            "publishes": 0
          },
          {
            "name": "prop.crate.body",
            "assetVersion": 1,
            "assetSerial": 54,
            "publishes": 0
          },
          {
            "name": "prop.crate.strap-front.0",
            "assetVersion": 1,
            "assetSerial": 55,
            "publishes": 0
          },
          {
            "name": "prop.crate.strap-back.0",
            "assetVersion": 1,
            "assetSerial": 56,
            "publishes": 0
          },
          {
            "name": "prop.crate.strap-top.0",
            "assetVersion": 1,
            "assetSerial": 57,
            "publishes": 0
          },
          {
            "name": "prop.crate.strap-front.1",
            "assetVersion": 1,
            "assetSerial": 58,
            "publishes": 0
          },
          {
            "name": "prop.crate.strap-back.1",
            "assetVersion": 1,
            "assetSerial": 59,
            "publishes": 0
          },
          {
            "name": "prop.crate.strap-top.1",
            "assetVersion": 1,
            "assetSerial": 60,
            "publishes": 0
          },
          {
            "name": "prop.drum.body",
            "assetVersion": 1,
            "assetSerial": 61,
            "publishes": 0
          },
          {
            "name": "prop.drum.band.0",
            "assetVersion": 1,
            "assetSerial": 62,
            "publishes": 0
          },
          {
            "name": "prop.drum.band.1",
            "assetVersion": 1,
            "assetSerial": 63,
            "publishes": 0
          },
          {
            "name": "prop.bollard",
            "assetVersion": 1,
            "assetSerial": 64,
            "publishes": 0
          },
          {
            "name": "prop.bollard.cap",
            "assetVersion": 1,
            "assetSerial": 65,
            "publishes": 0
          }
        ],
        "definitions": {
          "sceneId": "UUID allocated once inside and stored on the actual ECS world; original world reference checked at every publication.",
          "entityId": "Native ECS index:generation, obtained from serializeEntityRef; no author-assigned substitute.",
          "meshId": "Native stable MeshHandle.id used by the ECS MeshRenderer and asset registry.",
          "entityCount": "Actual world.entityVersionTrackingSize(), covering live mesh, camera and light entities.",
          "meshAssetReplacements": "Successful meshes.publish calls that replace an existing native MeshAsset object; initial assets are separate.",
          "publishedVertexArrayReplacements": "New published vertex stream typed-array objects, separate from real GPUBuffer counters.",
          "publishedIndexArrayReplacements": "New published native index typed-array objects, excluding nonindexed draws.",
          "entityCreateCalls": "Observed actual world.createEntity calls since author system init, including camera and lights.",
          "entityDestroyCalls": "Observed destroy calls on entities returned by that native world.",
          "assetSerial": "Observation number of actual native MeshAsset object creation/publication; it changes on replacement and is not a mesh identity."
        }
      }
    },
    {
      "rawBytesChecked": 220704,
      "rawBuffersChecked": 66,
      "negativeZeros": 432,
      "rawResetEquivalent": true,
      "id": "s01-c1-shoulder",
      "revision": 2,
      "snapshotFrame": 1,
      "meshCount": 65,
      "entityCount": 70,
      "nativeChecks": 261,
      "nativeChecksOk": true,
      "identityStable": true,
      "resetEquivalent": true,
      "snapshotDrawCount": 65,
      "resources": {
        "initialMeshAssets": 65,
        "meshAssetReplacements": 22,
        "publishedVertexArrayReplacements": 22,
        "publishedIndexArrayReplacements": 0,
        "entityCreateCalls": 70,
        "entityDestroyCalls": 0,
        "currentMeshAssets": 65,
        "changedMeshes": [
          {
            "name": "crane.boom.lower",
            "version": 2
          },
          {
            "name": "crane.boom.upper",
            "version": 2
          },
          {
            "name": "crane.pin.elbow",
            "version": 2
          },
          {
            "name": "crane.pin-cap.elbow",
            "version": 2
          },
          {
            "name": "crane.pin.tip",
            "version": 2
          },
          {
            "name": "crane.pin-cap.tip",
            "version": 2
          },
          {
            "name": "crane.hydraulic.body",
            "version": 2
          },
          {
            "name": "crane.hydraulic.rod",
            "version": 2
          },
          {
            "name": "crane.hydraulic.eye.boom",
            "version": 2
          },
          {
            "name": "crane.hoist.cable",
            "version": 2
          },
          {
            "name": "crane.hook",
            "version": 2
          },
          {
            "name": "crane.load.body",
            "version": 2
          },
          {
            "name": "crane.load.strap-front.0",
            "version": 2
          },
          {
            "name": "crane.load.strap-back.0",
            "version": 2
          },
          {
            "name": "crane.load.strap-top.0",
            "version": 2
          },
          {
            "name": "crane.load.strap-front.1",
            "version": 2
          },
          {
            "name": "crane.load.strap-back.1",
            "version": 2
          },
          {
            "name": "crane.load.strap-top.1",
            "version": 2
          },
          {
            "name": "crane.sling.0",
            "version": 2
          },
          {
            "name": "crane.sling.1",
            "version": 2
          },
          {
            "name": "crane.sling.2",
            "version": 2
          },
          {
            "name": "crane.sling.3",
            "version": 2
          }
        ],
        "assetVersions": [
          {
            "name": "courtyard.slab",
            "assetVersion": 1,
            "assetSerial": 1,
            "publishes": 0
          },
          {
            "name": "platform.lower",
            "assetVersion": 1,
            "assetSerial": 2,
            "publishes": 0
          },
          {
            "name": "platform.middle",
            "assetVersion": 1,
            "assetSerial": 3,
            "publishes": 0
          },
          {
            "name": "platform.upper",
            "assetVersion": 1,
            "assetSerial": 4,
            "publishes": 0
          },
          {
            "name": "crane.foot",
            "assetVersion": 1,
            "assetSerial": 5,
            "publishes": 0
          },
          {
            "name": "crane.turntable",
            "assetVersion": 1,
            "assetSerial": 6,
            "publishes": 0
          },
          {
            "name": "crane.pedestal",
            "assetVersion": 1,
            "assetSerial": 7,
            "publishes": 0
          },
          {
            "name": "crane.counterweight",
            "assetVersion": 1,
            "assetSerial": 8,
            "publishes": 0
          },
          {
            "name": "crane.boom.lower",
            "assetVersion": 2,
            "assetSerial": 66,
            "publishes": 1
          },
          {
            "name": "crane.boom.upper",
            "assetVersion": 2,
            "assetSerial": 67,
            "publishes": 1
          },
          {
            "name": "crane.pin.shoulder",
            "assetVersion": 1,
            "assetSerial": 11,
            "publishes": 0
          },
          {
            "name": "crane.pin-cap.shoulder",
            "assetVersion": 1,
            "assetSerial": 12,
            "publishes": 0
          },
          {
            "name": "crane.pin.elbow",
            "assetVersion": 2,
            "assetSerial": 68,
            "publishes": 1
          },
          {
            "name": "crane.pin-cap.elbow",
            "assetVersion": 2,
            "assetSerial": 69,
            "publishes": 1
          },
          {
            "name": "crane.pin.tip",
            "assetVersion": 2,
            "assetSerial": 70,
            "publishes": 1
          },
          {
            "name": "crane.pin-cap.tip",
            "assetVersion": 2,
            "assetSerial": 71,
            "publishes": 1
          },
          {
            "name": "crane.hydraulic-mount",
            "assetVersion": 1,
            "assetSerial": 17,
            "publishes": 0
          },
          {
            "name": "crane.hydraulic.body",
            "assetVersion": 2,
            "assetSerial": 72,
            "publishes": 1
          },
          {
            "name": "crane.hydraulic.rod",
            "assetVersion": 2,
            "assetSerial": 73,
            "publishes": 1
          },
          {
            "name": "crane.hydraulic.eye.base",
            "assetVersion": 1,
            "assetSerial": 20,
            "publishes": 0
          },
          {
            "name": "crane.hydraulic.eye.boom",
            "assetVersion": 2,
            "assetSerial": 74,
            "publishes": 1
          },
          {
            "name": "crane.hoist.cable",
            "assetVersion": 2,
            "assetSerial": 75,
            "publishes": 1
          },
          {
            "name": "crane.hook",
            "assetVersion": 2,
            "assetSerial": 76,
            "publishes": 1
          },
          {
            "name": "crane.load.body",
            "assetVersion": 2,
            "assetSerial": 77,
            "publishes": 1
          },
          {
            "name": "crane.load.strap-front.0",
            "assetVersion": 2,
            "assetSerial": 78,
            "publishes": 1
          },
          {
            "name": "crane.load.strap-back.0",
            "assetVersion": 2,
            "assetSerial": 79,
            "publishes": 1
          },
          {
            "name": "crane.load.strap-top.0",
            "assetVersion": 2,
            "assetSerial": 80,
            "publishes": 1
          },
          {
            "name": "crane.load.strap-front.1",
            "assetVersion": 2,
            "assetSerial": 81,
            "publishes": 1
          },
          {
            "name": "crane.load.strap-back.1",
            "assetVersion": 2,
            "assetSerial": 82,
            "publishes": 1
          },
          {
            "name": "crane.load.strap-top.1",
            "assetVersion": 2,
            "assetSerial": 83,
            "publishes": 1
          },
          {
            "name": "crane.sling.0",
            "assetVersion": 2,
            "assetSerial": 84,
            "publishes": 1
          },
          {
            "name": "crane.sling.1",
            "assetVersion": 2,
            "assetSerial": 85,
            "publishes": 1
          },
          {
            "name": "crane.sling.2",
            "assetVersion": 2,
            "assetSerial": 86,
            "publishes": 1
          },
          {
            "name": "crane.sling.3",
            "assetVersion": 2,
            "assetSerial": 87,
            "publishes": 1
          },
          {
            "name": "wall.body.continuous",
            "assetVersion": 1,
            "assetSerial": 35,
            "publishes": 0
          },
          {
            "name": "wall.arch.00",
            "assetVersion": 1,
            "assetSerial": 36,
            "publishes": 0
          },
          {
            "name": "wall.arch.01",
            "assetVersion": 1,
            "assetSerial": 37,
            "publishes": 0
          },
          {
            "name": "wall.arch.02",
            "assetVersion": 1,
            "assetSerial": 38,
            "publishes": 0
          },
          {
            "name": "wall.arch.03",
            "assetVersion": 1,
            "assetSerial": 39,
            "publishes": 0
          },
          {
            "name": "wall.arch.04",
            "assetVersion": 1,
            "assetSerial": 40,
            "publishes": 0
          },
          {
            "name": "wall.arch.05",
            "assetVersion": 1,
            "assetSerial": 41,
            "publishes": 0
          },
          {
            "name": "wall.arch.06",
            "assetVersion": 1,
            "assetSerial": 42,
            "publishes": 0
          },
          {
            "name": "wall.arch.07",
            "assetVersion": 1,
            "assetSerial": 43,
            "publishes": 0
          },
          {
            "name": "wall.arch.08",
            "assetVersion": 1,
            "assetSerial": 44,
            "publishes": 0
          },
          {
            "name": "wall.arch.09",
            "assetVersion": 1,
            "assetSerial": 45,
            "publishes": 0
          },
          {
            "name": "wall.arch.10",
            "assetVersion": 1,
            "assetSerial": 46,
            "publishes": 0
          },
          {
            "name": "wall.arch.11",
            "assetVersion": 1,
            "assetSerial": 47,
            "publishes": 0
          },
          {
            "name": "wall.cap",
            "assetVersion": 1,
            "assetSerial": 48,
            "publishes": 0
          },
          {
            "name": "wall.lamp.backplate",
            "assetVersion": 1,
            "assetSerial": 49,
            "publishes": 0
          },
          {
            "name": "wall.lamp.diffuser",
            "assetVersion": 1,
            "assetSerial": 50,
            "publishes": 0
          },
          {
            "name": "pipe.hollow-elbow.outer",
            "assetVersion": 1,
            "assetSerial": 51,
            "publishes": 0
          },
          {
            "name": "pipe.hollow-elbow.inner",
            "assetVersion": 1,
            "assetSerial": 52,
            "publishes": 0
          },
          {
            "name": "pipe.hollow-elbow.rims",
            "assetVersion": 1,
            "assetSerial": 53,
            "publishes": 0
          },
          {
            "name": "prop.crate.body",
            "assetVersion": 1,
            "assetSerial": 54,
            "publishes": 0
          },
          {
            "name": "prop.crate.strap-front.0",
            "assetVersion": 1,
            "assetSerial": 55,
            "publishes": 0
          },
          {
            "name": "prop.crate.strap-back.0",
            "assetVersion": 1,
            "assetSerial": 56,
            "publishes": 0
          },
          {
            "name": "prop.crate.strap-top.0",
            "assetVersion": 1,
            "assetSerial": 57,
            "publishes": 0
          },
          {
            "name": "prop.crate.strap-front.1",
            "assetVersion": 1,
            "assetSerial": 58,
            "publishes": 0
          },
          {
            "name": "prop.crate.strap-back.1",
            "assetVersion": 1,
            "assetSerial": 59,
            "publishes": 0
          },
          {
            "name": "prop.crate.strap-top.1",
            "assetVersion": 1,
            "assetSerial": 60,
            "publishes": 0
          },
          {
            "name": "prop.drum.body",
            "assetVersion": 1,
            "assetSerial": 61,
            "publishes": 0
          },
          {
            "name": "prop.drum.band.0",
            "assetVersion": 1,
            "assetSerial": 62,
            "publishes": 0
          },
          {
            "name": "prop.drum.band.1",
            "assetVersion": 1,
            "assetSerial": 63,
            "publishes": 0
          },
          {
            "name": "prop.bollard",
            "assetVersion": 1,
            "assetSerial": 64,
            "publishes": 0
          },
          {
            "name": "prop.bollard.cap",
            "assetVersion": 1,
            "assetSerial": 65,
            "publishes": 0
          }
        ],
        "definitions": {
          "sceneId": "UUID allocated once inside and stored on the actual ECS world; original world reference checked at every publication.",
          "entityId": "Native ECS index:generation, obtained from serializeEntityRef; no author-assigned substitute.",
          "meshId": "Native stable MeshHandle.id used by the ECS MeshRenderer and asset registry.",
          "entityCount": "Actual world.entityVersionTrackingSize(), covering live mesh, camera and light entities.",
          "meshAssetReplacements": "Successful meshes.publish calls that replace an existing native MeshAsset object; initial assets are separate.",
          "publishedVertexArrayReplacements": "New published vertex stream typed-array objects, separate from real GPUBuffer counters.",
          "publishedIndexArrayReplacements": "New published native index typed-array objects, excluding nonindexed draws.",
          "entityCreateCalls": "Observed actual world.createEntity calls since author system init, including camera and lights.",
          "entityDestroyCalls": "Observed destroy calls on entities returned by that native world.",
          "assetSerial": "Observation number of actual native MeshAsset object creation/publication; it changes on replacement and is not a mesh identity."
        }
      }
    },
    {
      "rawBytesChecked": 220704,
      "rawBuffersChecked": 66,
      "negativeZeros": 444,
      "rawResetEquivalent": true,
      "id": "s02-c1-reset-shoulder",
      "revision": 3,
      "snapshotFrame": 2,
      "meshCount": 65,
      "entityCount": 70,
      "nativeChecks": 261,
      "nativeChecksOk": true,
      "identityStable": true,
      "resetEquivalent": true,
      "snapshotDrawCount": 65,
      "resources": {
        "initialMeshAssets": 65,
        "meshAssetReplacements": 44,
        "publishedVertexArrayReplacements": 44,
        "publishedIndexArrayReplacements": 0,
        "entityCreateCalls": 70,
        "entityDestroyCalls": 0,
        "currentMeshAssets": 65,
        "changedMeshes": [
          {
            "name": "crane.boom.lower",
            "version": 3
          },
          {
            "name": "crane.boom.upper",
            "version": 3
          },
          {
            "name": "crane.pin.elbow",
            "version": 3
          },
          {
            "name": "crane.pin-cap.elbow",
            "version": 3
          },
          {
            "name": "crane.pin.tip",
            "version": 3
          },
          {
            "name": "crane.pin-cap.tip",
            "version": 3
          },
          {
            "name": "crane.hydraulic.body",
            "version": 3
          },
          {
            "name": "crane.hydraulic.rod",
            "version": 3
          },
          {
            "name": "crane.hydraulic.eye.boom",
            "version": 3
          },
          {
            "name": "crane.hoist.cable",
            "version": 3
          },
          {
            "name": "crane.hook",
            "version": 3
          },
          {
            "name": "crane.load.body",
            "version": 3
          },
          {
            "name": "crane.load.strap-front.0",
            "version": 3
          },
          {
            "name": "crane.load.strap-back.0",
            "version": 3
          },
          {
            "name": "crane.load.strap-top.0",
            "version": 3
          },
          {
            "name": "crane.load.strap-front.1",
            "version": 3
          },
          {
            "name": "crane.load.strap-back.1",
            "version": 3
          },
          {
            "name": "crane.load.strap-top.1",
            "version": 3
          },
          {
            "name": "crane.sling.0",
            "version": 3
          },
          {
            "name": "crane.sling.1",
            "version": 3
          },
          {
            "name": "crane.sling.2",
            "version": 3
          },
          {
            "name": "crane.sling.3",
            "version": 3
          }
        ],
        "assetVersions": [
          {
            "name": "courtyard.slab",
            "assetVersion": 1,
            "assetSerial": 1,
            "publishes": 0
          },
          {
            "name": "platform.lower",
            "assetVersion": 1,
            "assetSerial": 2,
            "publishes": 0
          },
          {
            "name": "platform.middle",
            "assetVersion": 1,
            "assetSerial": 3,
            "publishes": 0
          },
          {
            "name": "platform.upper",
            "assetVersion": 1,
            "assetSerial": 4,
            "publishes": 0
          },
          {
            "name": "crane.foot",
            "assetVersion": 1,
            "assetSerial": 5,
            "publishes": 0
          },
          {
            "name": "crane.turntable",
            "assetVersion": 1,
            "assetSerial": 6,
            "publishes": 0
          },
          {
            "name": "crane.pedestal",
            "assetVersion": 1,
            "assetSerial": 7,
            "publishes": 0
          },
          {
            "name": "crane.counterweight",
            "assetVersion": 1,
            "assetSerial": 8,
            "publishes": 0
          },
          {
            "name": "crane.boom.lower",
            "assetVersion": 3,
            "assetSerial": 88,
            "publishes": 2
          },
          {
            "name": "crane.boom.upper",
            "assetVersion": 3,
            "assetSerial": 89,
            "publishes": 2
          },
          {
            "name": "crane.pin.shoulder",
            "assetVersion": 1,
            "assetSerial": 11,
            "publishes": 0
          },
          {
            "name": "crane.pin-cap.shoulder",
            "assetVersion": 1,
            "assetSerial": 12,
            "publishes": 0
          },
          {
            "name": "crane.pin.elbow",
            "assetVersion": 3,
            "assetSerial": 90,
            "publishes": 2
          },
          {
            "name": "crane.pin-cap.elbow",
            "assetVersion": 3,
            "assetSerial": 91,
            "publishes": 2
          },
          {
            "name": "crane.pin.tip",
            "assetVersion": 3,
            "assetSerial": 92,
            "publishes": 2
          },
          {
            "name": "crane.pin-cap.tip",
            "assetVersion": 3,
            "assetSerial": 93,
            "publishes": 2
          },
          {
            "name": "crane.hydraulic-mount",
            "assetVersion": 1,
            "assetSerial": 17,
            "publishes": 0
          },
          {
            "name": "crane.hydraulic.body",
            "assetVersion": 3,
            "assetSerial": 94,
            "publishes": 2
          },
          {
            "name": "crane.hydraulic.rod",
            "assetVersion": 3,
            "assetSerial": 95,
            "publishes": 2
          },
          {
            "name": "crane.hydraulic.eye.base",
            "assetVersion": 1,
            "assetSerial": 20,
            "publishes": 0
          },
          {
            "name": "crane.hydraulic.eye.boom",
            "assetVersion": 3,
            "assetSerial": 96,
            "publishes": 2
          },
          {
            "name": "crane.hoist.cable",
            "assetVersion": 3,
            "assetSerial": 97,
            "publishes": 2
          },
          {
            "name": "crane.hook",
            "assetVersion": 3,
            "assetSerial": 98,
            "publishes": 2
          },
          {
            "name": "crane.load.body",
            "assetVersion": 3,
            "assetSerial": 99,
            "publishes": 2
          },
          {
            "name": "crane.load.strap-front.0",
            "assetVersion": 3,
            "assetSerial": 100,
            "publishes": 2
          },
          {
            "name": "crane.load.strap-back.0",
            "assetVersion": 3,
            "assetSerial": 101,
            "publishes": 2
          },
          {
            "name": "crane.load.strap-top.0",
            "assetVersion": 3,
            "assetSerial": 102,
            "publishes": 2
          },
          {
            "name": "crane.load.strap-front.1",
            "assetVersion": 3,
            "assetSerial": 103,
            "publishes": 2
          },
          {
            "name": "crane.load.strap-back.1",
            "assetVersion": 3,
            "assetSerial": 104,
            "publishes": 2
          },
          {
            "name": "crane.load.strap-top.1",
            "assetVersion": 3,
            "assetSerial": 105,
            "publishes": 2
          },
          {
            "name": "crane.sling.0",
            "assetVersion": 3,
            "assetSerial": 106,
            "publishes": 2
          },
          {
            "name": "crane.sling.1",
            "assetVersion": 3,
            "assetSerial": 107,
            "publishes": 2
          },
          {
            "name": "crane.sling.2",
            "assetVersion": 3,
            "assetSerial": 108,
            "publishes": 2
          },
          {
            "name": "crane.sling.3",
            "assetVersion": 3,
            "assetSerial": 109,
            "publishes": 2
          },
          {
            "name": "wall.body.continuous",
            "assetVersion": 1,
            "assetSerial": 35,
            "publishes": 0
          },
          {
            "name": "wall.arch.00",
            "assetVersion": 1,
            "assetSerial": 36,
            "publishes": 0
          },
          {
            "name": "wall.arch.01",
            "assetVersion": 1,
            "assetSerial": 37,
            "publishes": 0
          },
          {
            "name": "wall.arch.02",
            "assetVersion": 1,
            "assetSerial": 38,
            "publishes": 0
          },
          {
            "name": "wall.arch.03",
            "assetVersion": 1,
            "assetSerial": 39,
            "publishes": 0
          },
          {
            "name": "wall.arch.04",
            "assetVersion": 1,
            "assetSerial": 40,
            "publishes": 0
          },
          {
            "name": "wall.arch.05",
            "assetVersion": 1,
            "assetSerial": 41,
            "publishes": 0
          },
          {
            "name": "wall.arch.06",
            "assetVersion": 1,
            "assetSerial": 42,
            "publishes": 0
          },
          {
            "name": "wall.arch.07",
            "assetVersion": 1,
            "assetSerial": 43,
            "publishes": 0
          },
          {
            "name": "wall.arch.08",
            "assetVersion": 1,
            "assetSerial": 44,
            "publishes": 0
          },
          {
            "name": "wall.arch.09",
            "assetVersion": 1,
            "assetSerial": 45,
            "publishes": 0
          },
          {
            "name": "wall.arch.10",
            "assetVersion": 1,
            "assetSerial": 46,
            "publishes": 0
          },
          {
            "name": "wall.arch.11",
            "assetVersion": 1,
            "assetSerial": 47,
            "publishes": 0
          },
          {
            "name": "wall.cap",
            "assetVersion": 1,
            "assetSerial": 48,
            "publishes": 0
          },
          {
            "name": "wall.lamp.backplate",
            "assetVersion": 1,
            "assetSerial": 49,
            "publishes": 0
          },
          {
            "name": "wall.lamp.diffuser",
            "assetVersion": 1,
            "assetSerial": 50,
            "publishes": 0
          },
          {
            "name": "pipe.hollow-elbow.outer",
            "assetVersion": 1,
            "assetSerial": 51,
            "publishes": 0
          },
          {
            "name": "pipe.hollow-elbow.inner",
            "assetVersion": 1,
            "assetSerial": 52,
            "publishes": 0
          },
          {
            "name": "pipe.hollow-elbow.rims",
            "assetVersion": 1,
            "assetSerial": 53,
            "publishes": 0
          },
          {
            "name": "prop.crate.body",
            "assetVersion": 1,
            "assetSerial": 54,
            "publishes": 0
          },
          {
            "name": "prop.crate.strap-front.0",
            "assetVersion": 1,
            "assetSerial": 55,
            "publishes": 0
          },
          {
            "name": "prop.crate.strap-back.0",
            "assetVersion": 1,
            "assetSerial": 56,
            "publishes": 0
          },
          {
            "name": "prop.crate.strap-top.0",
            "assetVersion": 1,
            "assetSerial": 57,
            "publishes": 0
          },
          {
            "name": "prop.crate.strap-front.1",
            "assetVersion": 1,
            "assetSerial": 58,
            "publishes": 0
          },
          {
            "name": "prop.crate.strap-back.1",
            "assetVersion": 1,
            "assetSerial": 59,
            "publishes": 0
          },
          {
            "name": "prop.crate.strap-top.1",
            "assetVersion": 1,
            "assetSerial": 60,
            "publishes": 0
          },
          {
            "name": "prop.drum.body",
            "assetVersion": 1,
            "assetSerial": 61,
            "publishes": 0
          },
          {
            "name": "prop.drum.band.0",
            "assetVersion": 1,
            "assetSerial": 62,
            "publishes": 0
          },
          {
            "name": "prop.drum.band.1",
            "assetVersion": 1,
            "assetSerial": 63,
            "publishes": 0
          },
          {
            "name": "prop.bollard",
            "assetVersion": 1,
            "assetSerial": 64,
            "publishes": 0
          },
          {
            "name": "prop.bollard.cap",
            "assetVersion": 1,
            "assetSerial": 65,
            "publishes": 0
          }
        ],
        "definitions": {
          "sceneId": "UUID allocated once inside and stored on the actual ECS world; original world reference checked at every publication.",
          "entityId": "Native ECS index:generation, obtained from serializeEntityRef; no author-assigned substitute.",
          "meshId": "Native stable MeshHandle.id used by the ECS MeshRenderer and asset registry.",
          "entityCount": "Actual world.entityVersionTrackingSize(), covering live mesh, camera and light entities.",
          "meshAssetReplacements": "Successful meshes.publish calls that replace an existing native MeshAsset object; initial assets are separate.",
          "publishedVertexArrayReplacements": "New published vertex stream typed-array objects, separate from real GPUBuffer counters.",
          "publishedIndexArrayReplacements": "New published native index typed-array objects, excluding nonindexed draws.",
          "entityCreateCalls": "Observed actual world.createEntity calls since author system init, including camera and lights.",
          "entityDestroyCalls": "Observed destroy calls on entities returned by that native world.",
          "assetSerial": "Observation number of actual native MeshAsset object creation/publication; it changes on replacement and is not a mesh identity."
        }
      }
    },
    {
      "rawBytesChecked": 220704,
      "rawBuffersChecked": 66,
      "negativeZeros": 441,
      "rawResetEquivalent": true,
      "id": "s03-c1-elbow",
      "revision": 4,
      "snapshotFrame": 3,
      "meshCount": 65,
      "entityCount": 70,
      "nativeChecks": 261,
      "nativeChecksOk": true,
      "identityStable": true,
      "resetEquivalent": true,
      "snapshotDrawCount": 65,
      "resources": {
        "initialMeshAssets": 65,
        "meshAssetReplacements": 60,
        "publishedVertexArrayReplacements": 60,
        "publishedIndexArrayReplacements": 0,
        "entityCreateCalls": 70,
        "entityDestroyCalls": 0,
        "currentMeshAssets": 65,
        "changedMeshes": [
          {
            "name": "crane.boom.upper",
            "version": 4
          },
          {
            "name": "crane.pin.tip",
            "version": 4
          },
          {
            "name": "crane.pin-cap.tip",
            "version": 4
          },
          {
            "name": "crane.hoist.cable",
            "version": 4
          },
          {
            "name": "crane.hook",
            "version": 4
          },
          {
            "name": "crane.load.body",
            "version": 4
          },
          {
            "name": "crane.load.strap-front.0",
            "version": 4
          },
          {
            "name": "crane.load.strap-back.0",
            "version": 4
          },
          {
            "name": "crane.load.strap-top.0",
            "version": 4
          },
          {
            "name": "crane.load.strap-front.1",
            "version": 4
          },
          {
            "name": "crane.load.strap-back.1",
            "version": 4
          },
          {
            "name": "crane.load.strap-top.1",
            "version": 4
          },
          {
            "name": "crane.sling.0",
            "version": 4
          },
          {
            "name": "crane.sling.1",
            "version": 4
          },
          {
            "name": "crane.sling.2",
            "version": 4
          },
          {
            "name": "crane.sling.3",
            "version": 4
          }
        ],
        "assetVersions": [
          {
            "name": "courtyard.slab",
            "assetVersion": 1,
            "assetSerial": 1,
            "publishes": 0
          },
          {
            "name": "platform.lower",
            "assetVersion": 1,
            "assetSerial": 2,
            "publishes": 0
          },
          {
            "name": "platform.middle",
            "assetVersion": 1,
            "assetSerial": 3,
            "publishes": 0
          },
          {
            "name": "platform.upper",
            "assetVersion": 1,
            "assetSerial": 4,
            "publishes": 0
          },
          {
            "name": "crane.foot",
            "assetVersion": 1,
            "assetSerial": 5,
            "publishes": 0
          },
          {
            "name": "crane.turntable",
            "assetVersion": 1,
            "assetSerial": 6,
            "publishes": 0
          },
          {
            "name": "crane.pedestal",
            "assetVersion": 1,
            "assetSerial": 7,
            "publishes": 0
          },
          {
            "name": "crane.counterweight",
            "assetVersion": 1,
            "assetSerial": 8,
            "publishes": 0
          },
          {
            "name": "crane.boom.lower",
            "assetVersion": 3,
            "assetSerial": 88,
            "publishes": 2
          },
          {
            "name": "crane.boom.upper",
            "assetVersion": 4,
            "assetSerial": 110,
            "publishes": 3
          },
          {
            "name": "crane.pin.shoulder",
            "assetVersion": 1,
            "assetSerial": 11,
            "publishes": 0
          },
          {
            "name": "crane.pin-cap.shoulder",
            "assetVersion": 1,
            "assetSerial": 12,
            "publishes": 0
          },
          {
            "name": "crane.pin.elbow",
            "assetVersion": 3,
            "assetSerial": 90,
            "publishes": 2
          },
          {
            "name": "crane.pin-cap.elbow",
            "assetVersion": 3,
            "assetSerial": 91,
            "publishes": 2
          },
          {
            "name": "crane.pin.tip",
            "assetVersion": 4,
            "assetSerial": 111,
            "publishes": 3
          },
          {
            "name": "crane.pin-cap.tip",
            "assetVersion": 4,
            "assetSerial": 112,
            "publishes": 3
          },
          {
            "name": "crane.hydraulic-mount",
            "assetVersion": 1,
            "assetSerial": 17,
            "publishes": 0
          },
          {
            "name": "crane.hydraulic.body",
            "assetVersion": 3,
            "assetSerial": 94,
            "publishes": 2
          },
          {
            "name": "crane.hydraulic.rod",
            "assetVersion": 3,
            "assetSerial": 95,
            "publishes": 2
          },
          {
            "name": "crane.hydraulic.eye.base",
            "assetVersion": 1,
            "assetSerial": 20,
            "publishes": 0
          },
          {
            "name": "crane.hydraulic.eye.boom",
            "assetVersion": 3,
            "assetSerial": 96,
            "publishes": 2
          },
          {
            "name": "crane.hoist.cable",
            "assetVersion": 4,
            "assetSerial": 113,
            "publishes": 3
          },
          {
            "name": "crane.hook",
            "assetVersion": 4,
            "assetSerial": 114,
            "publishes": 3
          },
          {
            "name": "crane.load.body",
            "assetVersion": 4,
            "assetSerial": 115,
            "publishes": 3
          },
          {
            "name": "crane.load.strap-front.0",
            "assetVersion": 4,
            "assetSerial": 116,
            "publishes": 3
          },
          {
            "name": "crane.load.strap-back.0",
            "assetVersion": 4,
            "assetSerial": 117,
            "publishes": 3
          },
          {
            "name": "crane.load.strap-top.0",
            "assetVersion": 4,
            "assetSerial": 118,
            "publishes": 3
          },
          {
            "name": "crane.load.strap-front.1",
            "assetVersion": 4,
            "assetSerial": 119,
            "publishes": 3
          },
          {
            "name": "crane.load.strap-back.1",
            "assetVersion": 4,
            "assetSerial": 120,
            "publishes": 3
          },
          {
            "name": "crane.load.strap-top.1",
            "assetVersion": 4,
            "assetSerial": 121,
            "publishes": 3
          },
          {
            "name": "crane.sling.0",
            "assetVersion": 4,
            "assetSerial": 122,
            "publishes": 3
          },
          {
            "name": "crane.sling.1",
            "assetVersion": 4,
            "assetSerial": 123,
            "publishes": 3
          },
          {
            "name": "crane.sling.2",
            "assetVersion": 4,
            "assetSerial": 124,
            "publishes": 3
          },
          {
            "name": "crane.sling.3",
            "assetVersion": 4,
            "assetSerial": 125,
            "publishes": 3
          },
          {
            "name": "wall.body.continuous",
            "assetVersion": 1,
            "assetSerial": 35,
            "publishes": 0
          },
          {
            "name": "wall.arch.00",
            "assetVersion": 1,
            "assetSerial": 36,
            "publishes": 0
          },
          {
            "name": "wall.arch.01",
            "assetVersion": 1,
            "assetSerial": 37,
            "publishes": 0
          },
          {
            "name": "wall.arch.02",
            "assetVersion": 1,
            "assetSerial": 38,
            "publishes": 0
          },
          {
            "name": "wall.arch.03",
            "assetVersion": 1,
            "assetSerial": 39,
            "publishes": 0
          },
          {
            "name": "wall.arch.04",
            "assetVersion": 1,
            "assetSerial": 40,
            "publishes": 0
          },
          {
            "name": "wall.arch.05",
            "assetVersion": 1,
            "assetSerial": 41,
            "publishes": 0
          },
          {
            "name": "wall.arch.06",
            "assetVersion": 1,
            "assetSerial": 42,
            "publishes": 0
          },
          {
            "name": "wall.arch.07",
            "assetVersion": 1,
            "assetSerial": 43,
            "publishes": 0
          },
          {
            "name": "wall.arch.08",
            "assetVersion": 1,
            "assetSerial": 44,
            "publishes": 0
          },
          {
            "name": "wall.arch.09",
            "assetVersion": 1,
            "assetSerial": 45,
            "publishes": 0
          },
          {
            "name": "wall.arch.10",
            "assetVersion": 1,
            "assetSerial": 46,
            "publishes": 0
          },
          {
            "name": "wall.arch.11",
            "assetVersion": 1,
            "assetSerial": 47,
            "publishes": 0
          },
          {
            "name": "wall.cap",
            "assetVersion": 1,
            "assetSerial": 48,
            "publishes": 0
          },
          {
            "name": "wall.lamp.backplate",
            "assetVersion": 1,
            "assetSerial": 49,
            "publishes": 0
          },
          {
            "name": "wall.lamp.diffuser",
            "assetVersion": 1,
            "assetSerial": 50,
            "publishes": 0
          },
          {
            "name": "pipe.hollow-elbow.outer",
            "assetVersion": 1,
            "assetSerial": 51,
            "publishes": 0
          },
          {
            "name": "pipe.hollow-elbow.inner",
            "assetVersion": 1,
            "assetSerial": 52,
            "publishes": 0
          },
          {
            "name": "pipe.hollow-elbow.rims",
            "assetVersion": 1,
            "assetSerial": 53,
            "publishes": 0
          },
          {
            "name": "prop.crate.body",
            "assetVersion": 1,
            "assetSerial": 54,
            "publishes": 0
          },
          {
            "name": "prop.crate.strap-front.0",
            "assetVersion": 1,
            "assetSerial": 55,
            "publishes": 0
          },
          {
            "name": "prop.crate.strap-back.0",
            "assetVersion": 1,
            "assetSerial": 56,
            "publishes": 0
          },
          {
            "name": "prop.crate.strap-top.0",
            "assetVersion": 1,
            "assetSerial": 57,
            "publishes": 0
          },
          {
            "name": "prop.crate.strap-front.1",
            "assetVersion": 1,
            "assetSerial": 58,
            "publishes": 0
          },
          {
            "name": "prop.crate.strap-back.1",
            "assetVersion": 1,
            "assetSerial": 59,
            "publishes": 0
          },
          {
            "name": "prop.crate.strap-top.1",
            "assetVersion": 1,
            "assetSerial": 60,
            "publishes": 0
          },
          {
            "name": "prop.drum.body",
            "assetVersion": 1,
            "assetSerial": 61,
            "publishes": 0
          },
          {
            "name": "prop.drum.band.0",
            "assetVersion": 1,
            "assetSerial": 62,
            "publishes": 0
          },
          {
            "name": "prop.drum.band.1",
            "assetVersion": 1,
            "assetSerial": 63,
            "publishes": 0
          },
          {
            "name": "prop.bollard",
            "assetVersion": 1,
            "assetSerial": 64,
            "publishes": 0
          },
          {
            "name": "prop.bollard.cap",
            "assetVersion": 1,
            "assetSerial": 65,
            "publishes": 0
          }
        ],
        "definitions": {
          "sceneId": "UUID allocated once inside and stored on the actual ECS world; original world reference checked at every publication.",
          "entityId": "Native ECS index:generation, obtained from serializeEntityRef; no author-assigned substitute.",
          "meshId": "Native stable MeshHandle.id used by the ECS MeshRenderer and asset registry.",
          "entityCount": "Actual world.entityVersionTrackingSize(), covering live mesh, camera and light entities.",
          "meshAssetReplacements": "Successful meshes.publish calls that replace an existing native MeshAsset object; initial assets are separate.",
          "publishedVertexArrayReplacements": "New published vertex stream typed-array objects, separate from real GPUBuffer counters.",
          "publishedIndexArrayReplacements": "New published native index typed-array objects, excluding nonindexed draws.",
          "entityCreateCalls": "Observed actual world.createEntity calls since author system init, including camera and lights.",
          "entityDestroyCalls": "Observed destroy calls on entities returned by that native world.",
          "assetSerial": "Observation number of actual native MeshAsset object creation/publication; it changes on replacement and is not a mesh identity."
        }
      }
    },
    {
      "rawBytesChecked": 220704,
      "rawBuffersChecked": 66,
      "negativeZeros": 444,
      "rawResetEquivalent": true,
      "id": "s04-c1-reset-elbow",
      "revision": 5,
      "snapshotFrame": 4,
      "meshCount": 65,
      "entityCount": 70,
      "nativeChecks": 261,
      "nativeChecksOk": true,
      "identityStable": true,
      "resetEquivalent": true,
      "snapshotDrawCount": 65,
      "resources": {
        "initialMeshAssets": 65,
        "meshAssetReplacements": 76,
        "publishedVertexArrayReplacements": 76,
        "publishedIndexArrayReplacements": 0,
        "entityCreateCalls": 70,
        "entityDestroyCalls": 0,
        "currentMeshAssets": 65,
        "changedMeshes": [
          {
            "name": "crane.boom.upper",
            "version": 5
          },
          {
            "name": "crane.pin.tip",
            "version": 5
          },
          {
            "name": "crane.pin-cap.tip",
            "version": 5
          },
          {
            "name": "crane.hoist.cable",
            "version": 5
          },
          {
            "name": "crane.hook",
            "version": 5
          },
          {
            "name": "crane.load.body",
            "version": 5
          },
          {
            "name": "crane.load.strap-front.0",
            "version": 5
          },
          {
            "name": "crane.load.strap-back.0",
            "version": 5
          },
          {
            "name": "crane.load.strap-top.0",
            "version": 5
          },
          {
            "name": "crane.load.strap-front.1",
            "version": 5
          },
          {
            "name": "crane.load.strap-back.1",
            "version": 5
          },
          {
            "name": "crane.load.strap-top.1",
            "version": 5
          },
          {
            "name": "crane.sling.0",
            "version": 5
          },
          {
            "name": "crane.sling.1",
            "version": 5
          },
          {
            "name": "crane.sling.2",
            "version": 5
          },
          {
            "name": "crane.sling.3",
            "version": 5
          }
        ],
        "assetVersions": [
          {
            "name": "courtyard.slab",
            "assetVersion": 1,
            "assetSerial": 1,
            "publishes": 0
          },
          {
            "name": "platform.lower",
            "assetVersion": 1,
            "assetSerial": 2,
            "publishes": 0
          },
          {
            "name": "platform.middle",
            "assetVersion": 1,
            "assetSerial": 3,
            "publishes": 0
          },
          {
            "name": "platform.upper",
            "assetVersion": 1,
            "assetSerial": 4,
            "publishes": 0
          },
          {
            "name": "crane.foot",
            "assetVersion": 1,
            "assetSerial": 5,
            "publishes": 0
          },
          {
            "name": "crane.turntable",
            "assetVersion": 1,
            "assetSerial": 6,
            "publishes": 0
          },
          {
            "name": "crane.pedestal",
            "assetVersion": 1,
            "assetSerial": 7,
            "publishes": 0
          },
          {
            "name": "crane.counterweight",
            "assetVersion": 1,
            "assetSerial": 8,
            "publishes": 0
          },
          {
            "name": "crane.boom.lower",
            "assetVersion": 3,
            "assetSerial": 88,
            "publishes": 2
          },
          {
            "name": "crane.boom.upper",
            "assetVersion": 5,
            "assetSerial": 126,
            "publishes": 4
          },
          {
            "name": "crane.pin.shoulder",
            "assetVersion": 1,
            "assetSerial": 11,
            "publishes": 0
          },
          {
            "name": "crane.pin-cap.shoulder",
            "assetVersion": 1,
            "assetSerial": 12,
            "publishes": 0
          },
          {
            "name": "crane.pin.elbow",
            "assetVersion": 3,
            "assetSerial": 90,
            "publishes": 2
          },
          {
            "name": "crane.pin-cap.elbow",
            "assetVersion": 3,
            "assetSerial": 91,
            "publishes": 2
          },
          {
            "name": "crane.pin.tip",
            "assetVersion": 5,
            "assetSerial": 127,
            "publishes": 4
          },
          {
            "name": "crane.pin-cap.tip",
            "assetVersion": 5,
            "assetSerial": 128,
            "publishes": 4
          },
          {
            "name": "crane.hydraulic-mount",
            "assetVersion": 1,
            "assetSerial": 17,
            "publishes": 0
          },
          {
            "name": "crane.hydraulic.body",
            "assetVersion": 3,
            "assetSerial": 94,
            "publishes": 2
          },
          {
            "name": "crane.hydraulic.rod",
            "assetVersion": 3,
            "assetSerial": 95,
            "publishes": 2
          },
          {
            "name": "crane.hydraulic.eye.base",
            "assetVersion": 1,
            "assetSerial": 20,
            "publishes": 0
          },
          {
            "name": "crane.hydraulic.eye.boom",
            "assetVersion": 3,
            "assetSerial": 96,
            "publishes": 2
          },
          {
            "name": "crane.hoist.cable",
            "assetVersion": 5,
            "assetSerial": 129,
            "publishes": 4
          },
          {
            "name": "crane.hook",
            "assetVersion": 5,
            "assetSerial": 130,
            "publishes": 4
          },
          {
            "name": "crane.load.body",
            "assetVersion": 5,
            "assetSerial": 131,
            "publishes": 4
          },
          {
            "name": "crane.load.strap-front.0",
            "assetVersion": 5,
            "assetSerial": 132,
            "publishes": 4
          },
          {
            "name": "crane.load.strap-back.0",
            "assetVersion": 5,
            "assetSerial": 133,
            "publishes": 4
          },
          {
            "name": "crane.load.strap-top.0",
            "assetVersion": 5,
            "assetSerial": 134,
            "publishes": 4
          },
          {
            "name": "crane.load.strap-front.1",
            "assetVersion": 5,
            "assetSerial": 135,
            "publishes": 4
          },
          {
            "name": "crane.load.strap-back.1",
            "assetVersion": 5,
            "assetSerial": 136,
            "publishes": 4
          },
          {
            "name": "crane.load.strap-top.1",
            "assetVersion": 5,
            "assetSerial": 137,
            "publishes": 4
          },
          {
            "name": "crane.sling.0",
            "assetVersion": 5,
            "assetSerial": 138,
            "publishes": 4
          },
          {
            "name": "crane.sling.1",
            "assetVersion": 5,
            "assetSerial": 139,
            "publishes": 4
          },
          {
            "name": "crane.sling.2",
            "assetVersion": 5,
            "assetSerial": 140,
            "publishes": 4
          },
          {
            "name": "crane.sling.3",
            "assetVersion": 5,
            "assetSerial": 141,
            "publishes": 4
          },
          {
            "name": "wall.body.continuous",
            "assetVersion": 1,
            "assetSerial": 35,
            "publishes": 0
          },
          {
            "name": "wall.arch.00",
            "assetVersion": 1,
            "assetSerial": 36,
            "publishes": 0
          },
          {
            "name": "wall.arch.01",
            "assetVersion": 1,
            "assetSerial": 37,
            "publishes": 0
          },
          {
            "name": "wall.arch.02",
            "assetVersion": 1,
            "assetSerial": 38,
            "publishes": 0
          },
          {
            "name": "wall.arch.03",
            "assetVersion": 1,
            "assetSerial": 39,
            "publishes": 0
          },
          {
            "name": "wall.arch.04",
            "assetVersion": 1,
            "assetSerial": 40,
            "publishes": 0
          },
          {
            "name": "wall.arch.05",
            "assetVersion": 1,
            "assetSerial": 41,
            "publishes": 0
          },
          {
            "name": "wall.arch.06",
            "assetVersion": 1,
            "assetSerial": 42,
            "publishes": 0
          },
          {
            "name": "wall.arch.07",
            "assetVersion": 1,
            "assetSerial": 43,
            "publishes": 0
          },
          {
            "name": "wall.arch.08",
            "assetVersion": 1,
            "assetSerial": 44,
            "publishes": 0
          },
          {
            "name": "wall.arch.09",
            "assetVersion": 1,
            "assetSerial": 45,
            "publishes": 0
          },
          {
            "name": "wall.arch.10",
            "assetVersion": 1,
            "assetSerial": 46,
            "publishes": 0
          },
          {
            "name": "wall.arch.11",
            "assetVersion": 1,
            "assetSerial": 47,
            "publishes": 0
          },
          {
            "name": "wall.cap",
            "assetVersion": 1,
            "assetSerial": 48,
            "publishes": 0
          },
          {
            "name": "wall.lamp.backplate",
            "assetVersion": 1,
            "assetSerial": 49,
            "publishes": 0
          },
          {
            "name": "wall.lamp.diffuser",
            "assetVersion": 1,
            "assetSerial": 50,
            "publishes": 0
          },
          {
            "name": "pipe.hollow-elbow.outer",
            "assetVersion": 1,
            "assetSerial": 51,
            "publishes": 0
          },
          {
            "name": "pipe.hollow-elbow.inner",
            "assetVersion": 1,
            "assetSerial": 52,
            "publishes": 0
          },
          {
            "name": "pipe.hollow-elbow.rims",
            "assetVersion": 1,
            "assetSerial": 53,
            "publishes": 0
          },
          {
            "name": "prop.crate.body",
            "assetVersion": 1,
            "assetSerial": 54,
            "publishes": 0
          },
          {
            "name": "prop.crate.strap-front.0",
            "assetVersion": 1,
            "assetSerial": 55,
            "publishes": 0
          },
          {
            "name": "prop.crate.strap-back.0",
            "assetVersion": 1,
            "assetSerial": 56,
            "publishes": 0
          },
          {
            "name": "prop.crate.strap-top.0",
            "assetVersion": 1,
            "assetSerial": 57,
            "publishes": 0
          },
          {
            "name": "prop.crate.strap-front.1",
            "assetVersion": 1,
            "assetSerial": 58,
            "publishes": 0
          },
          {
            "name": "prop.crate.strap-back.1",
            "assetVersion": 1,
            "assetSerial": 59,
            "publishes": 0
          },
          {
            "name": "prop.crate.strap-top.1",
            "assetVersion": 1,
            "assetSerial": 60,
            "publishes": 0
          },
          {
            "name": "prop.drum.body",
            "assetVersion": 1,
            "assetSerial": 61,
            "publishes": 0
          },
          {
            "name": "prop.drum.band.0",
            "assetVersion": 1,
            "assetSerial": 62,
            "publishes": 0
          },
          {
            "name": "prop.drum.band.1",
            "assetVersion": 1,
            "assetSerial": 63,
            "publishes": 0
          },
          {
            "name": "prop.bollard",
            "assetVersion": 1,
            "assetSerial": 64,
            "publishes": 0
          },
          {
            "name": "prop.bollard.cap",
            "assetVersion": 1,
            "assetSerial": 65,
            "publishes": 0
          }
        ],
        "definitions": {
          "sceneId": "UUID allocated once inside and stored on the actual ECS world; original world reference checked at every publication.",
          "entityId": "Native ECS index:generation, obtained from serializeEntityRef; no author-assigned substitute.",
          "meshId": "Native stable MeshHandle.id used by the ECS MeshRenderer and asset registry.",
          "entityCount": "Actual world.entityVersionTrackingSize(), covering live mesh, camera and light entities.",
          "meshAssetReplacements": "Successful meshes.publish calls that replace an existing native MeshAsset object; initial assets are separate.",
          "publishedVertexArrayReplacements": "New published vertex stream typed-array objects, separate from real GPUBuffer counters.",
          "publishedIndexArrayReplacements": "New published native index typed-array objects, excluding nonindexed draws.",
          "entityCreateCalls": "Observed actual world.createEntity calls since author system init, including camera and lights.",
          "entityDestroyCalls": "Observed destroy calls on entities returned by that native world.",
          "assetSerial": "Observation number of actual native MeshAsset object creation/publication; it changes on replacement and is not a mesh identity."
        }
      }
    },
    {
      "rawBytesChecked": 220704,
      "rawBuffersChecked": 66,
      "negativeZeros": 444,
      "rawResetEquivalent": true,
      "id": "s05-c1-hoist",
      "revision": 6,
      "snapshotFrame": 5,
      "meshCount": 65,
      "entityCount": 70,
      "nativeChecks": 261,
      "nativeChecksOk": true,
      "identityStable": true,
      "resetEquivalent": true,
      "snapshotDrawCount": 65,
      "resources": {
        "initialMeshAssets": 65,
        "meshAssetReplacements": 89,
        "publishedVertexArrayReplacements": 89,
        "publishedIndexArrayReplacements": 0,
        "entityCreateCalls": 70,
        "entityDestroyCalls": 0,
        "currentMeshAssets": 65,
        "changedMeshes": [
          {
            "name": "crane.hoist.cable",
            "version": 6
          },
          {
            "name": "crane.hook",
            "version": 6
          },
          {
            "name": "crane.load.body",
            "version": 6
          },
          {
            "name": "crane.load.strap-front.0",
            "version": 6
          },
          {
            "name": "crane.load.strap-back.0",
            "version": 6
          },
          {
            "name": "crane.load.strap-top.0",
            "version": 6
          },
          {
            "name": "crane.load.strap-front.1",
            "version": 6
          },
          {
            "name": "crane.load.strap-back.1",
            "version": 6
          },
          {
            "name": "crane.load.strap-top.1",
            "version": 6
          },
          {
            "name": "crane.sling.0",
            "version": 6
          },
          {
            "name": "crane.sling.1",
            "version": 6
          },
          {
            "name": "crane.sling.2",
            "version": 6
          },
          {
            "name": "crane.sling.3",
            "version": 6
          }
        ],
        "assetVersions": [
          {
            "name": "courtyard.slab",
            "assetVersion": 1,
            "assetSerial": 1,
            "publishes": 0
          },
          {
            "name": "platform.lower",
            "assetVersion": 1,
            "assetSerial": 2,
            "publishes": 0
          },
          {
            "name": "platform.middle",
            "assetVersion": 1,
            "assetSerial": 3,
            "publishes": 0
          },
          {
            "name": "platform.upper",
            "assetVersion": 1,
            "assetSerial": 4,
            "publishes": 0
          },
          {
            "name": "crane.foot",
            "assetVersion": 1,
            "assetSerial": 5,
            "publishes": 0
          },
          {
            "name": "crane.turntable",
            "assetVersion": 1,
            "assetSerial": 6,
            "publishes": 0
          },
          {
            "name": "crane.pedestal",
            "assetVersion": 1,
            "assetSerial": 7,
            "publishes": 0
          },
          {
            "name": "crane.counterweight",
            "assetVersion": 1,
            "assetSerial": 8,
            "publishes": 0
          },
          {
            "name": "crane.boom.lower",
            "assetVersion": 3,
            "assetSerial": 88,
            "publishes": 2
          },
          {
            "name": "crane.boom.upper",
            "assetVersion": 5,
            "assetSerial": 126,
            "publishes": 4
          },
          {
            "name": "crane.pin.shoulder",
            "assetVersion": 1,
            "assetSerial": 11,
            "publishes": 0
          },
          {
            "name": "crane.pin-cap.shoulder",
            "assetVersion": 1,
            "assetSerial": 12,
            "publishes": 0
          },
          {
            "name": "crane.pin.elbow",
            "assetVersion": 3,
            "assetSerial": 90,
            "publishes": 2
          },
          {
            "name": "crane.pin-cap.elbow",
            "assetVersion": 3,
            "assetSerial": 91,
            "publishes": 2
          },
          {
            "name": "crane.pin.tip",
            "assetVersion": 5,
            "assetSerial": 127,
            "publishes": 4
          },
          {
            "name": "crane.pin-cap.tip",
            "assetVersion": 5,
            "assetSerial": 128,
            "publishes": 4
          },
          {
            "name": "crane.hydraulic-mount",
            "assetVersion": 1,
            "assetSerial": 17,
            "publishes": 0
          },
          {
            "name": "crane.hydraulic.body",
            "assetVersion": 3,
            "assetSerial": 94,
            "publishes": 2
          },
          {
            "name": "crane.hydraulic.rod",
            "assetVersion": 3,
            "assetSerial": 95,
            "publishes": 2
          },
          {
            "name": "crane.hydraulic.eye.base",
            "assetVersion": 1,
            "assetSerial": 20,
            "publishes": 0
          },
          {
            "name": "crane.hydraulic.eye.boom",
            "assetVersion": 3,
            "assetSerial": 96,
            "publishes": 2
          },
          {
            "name": "crane.hoist.cable",
            "assetVersion": 6,
            "assetSerial": 142,
            "publishes": 5
          },
          {
            "name": "crane.hook",
            "assetVersion": 6,
            "assetSerial": 143,
            "publishes": 5
          },
          {
            "name": "crane.load.body",
            "assetVersion": 6,
            "assetSerial": 144,
            "publishes": 5
          },
          {
            "name": "crane.load.strap-front.0",
            "assetVersion": 6,
            "assetSerial": 145,
            "publishes": 5
          },
          {
            "name": "crane.load.strap-back.0",
            "assetVersion": 6,
            "assetSerial": 146,
            "publishes": 5
          },
          {
            "name": "crane.load.strap-top.0",
            "assetVersion": 6,
            "assetSerial": 147,
            "publishes": 5
          },
          {
            "name": "crane.load.strap-front.1",
            "assetVersion": 6,
            "assetSerial": 148,
            "publishes": 5
          },
          {
            "name": "crane.load.strap-back.1",
            "assetVersion": 6,
            "assetSerial": 149,
            "publishes": 5
          },
          {
            "name": "crane.load.strap-top.1",
            "assetVersion": 6,
            "assetSerial": 150,
            "publishes": 5
          },
          {
            "name": "crane.sling.0",
            "assetVersion": 6,
            "assetSerial": 151,
            "publishes": 5
          },
          {
            "name": "crane.sling.1",
            "assetVersion": 6,
            "assetSerial": 152,
            "publishes": 5
          },
          {
            "name": "crane.sling.2",
            "assetVersion": 6,
            "assetSerial": 153,
            "publishes": 5
          },
          {
            "name": "crane.sling.3",
            "assetVersion": 6,
            "assetSerial": 154,
            "publishes": 5
          },
          {
            "name": "wall.body.continuous",
            "assetVersion": 1,
            "assetSerial": 35,
            "publishes": 0
          },
          {
            "name": "wall.arch.00",
            "assetVersion": 1,
            "assetSerial": 36,
            "publishes": 0
          },
          {
            "name": "wall.arch.01",
            "assetVersion": 1,
            "assetSerial": 37,
            "publishes": 0
          },
          {
            "name": "wall.arch.02",
            "assetVersion": 1,
            "assetSerial": 38,
            "publishes": 0
          },
          {
            "name": "wall.arch.03",
            "assetVersion": 1,
            "assetSerial": 39,
            "publishes": 0
          },
          {
            "name": "wall.arch.04",
            "assetVersion": 1,
            "assetSerial": 40,
            "publishes": 0
          },
          {
            "name": "wall.arch.05",
            "assetVersion": 1,
            "assetSerial": 41,
            "publishes": 0
          },
          {
            "name": "wall.arch.06",
            "assetVersion": 1,
            "assetSerial": 42,
            "publishes": 0
          },
          {
            "name": "wall.arch.07",
            "assetVersion": 1,
            "assetSerial": 43,
            "publishes": 0
          },
          {
            "name": "wall.arch.08",
            "assetVersion": 1,
            "assetSerial": 44,
            "publishes": 0
          },
          {
            "name": "wall.arch.09",
            "assetVersion": 1,
            "assetSerial": 45,
            "publishes": 0
          },
          {
            "name": "wall.arch.10",
            "assetVersion": 1,
            "assetSerial": 46,
            "publishes": 0
          },
          {
            "name": "wall.arch.11",
            "assetVersion": 1,
            "assetSerial": 47,
            "publishes": 0
          },
          {
            "name": "wall.cap",
            "assetVersion": 1,
            "assetSerial": 48,
            "publishes": 0
          },
          {
            "name": "wall.lamp.backplate",
            "assetVersion": 1,
            "assetSerial": 49,
            "publishes": 0
          },
          {
            "name": "wall.lamp.diffuser",
            "assetVersion": 1,
            "assetSerial": 50,
            "publishes": 0
          },
          {
            "name": "pipe.hollow-elbow.outer",
            "assetVersion": 1,
            "assetSerial": 51,
            "publishes": 0
          },
          {
            "name": "pipe.hollow-elbow.inner",
            "assetVersion": 1,
            "assetSerial": 52,
            "publishes": 0
          },
          {
            "name": "pipe.hollow-elbow.rims",
            "assetVersion": 1,
            "assetSerial": 53,
            "publishes": 0
          },
          {
            "name": "prop.crate.body",
            "assetVersion": 1,
            "assetSerial": 54,
            "publishes": 0
          },
          {
            "name": "prop.crate.strap-front.0",
            "assetVersion": 1,
            "assetSerial": 55,
            "publishes": 0
          },
          {
            "name": "prop.crate.strap-back.0",
            "assetVersion": 1,
            "assetSerial": 56,
            "publishes": 0
          },
          {
            "name": "prop.crate.strap-top.0",
            "assetVersion": 1,
            "assetSerial": 57,
            "publishes": 0
          },
          {
            "name": "prop.crate.strap-front.1",
            "assetVersion": 1,
            "assetSerial": 58,
            "publishes": 0
          },
          {
            "name": "prop.crate.strap-back.1",
            "assetVersion": 1,
            "assetSerial": 59,
            "publishes": 0
          },
          {
            "name": "prop.crate.strap-top.1",
            "assetVersion": 1,
            "assetSerial": 60,
            "publishes": 0
          },
          {
            "name": "prop.drum.body",
            "assetVersion": 1,
            "assetSerial": 61,
            "publishes": 0
          },
          {
            "name": "prop.drum.band.0",
            "assetVersion": 1,
            "assetSerial": 62,
            "publishes": 0
          },
          {
            "name": "prop.drum.band.1",
            "assetVersion": 1,
            "assetSerial": 63,
            "publishes": 0
          },
          {
            "name": "prop.bollard",
            "assetVersion": 1,
            "assetSerial": 64,
            "publishes": 0
          },
          {
            "name": "prop.bollard.cap",
            "assetVersion": 1,
            "assetSerial": 65,
            "publishes": 0
          }
        ],
        "definitions": {
          "sceneId": "UUID allocated once inside and stored on the actual ECS world; original world reference checked at every publication.",
          "entityId": "Native ECS index:generation, obtained from serializeEntityRef; no author-assigned substitute.",
          "meshId": "Native stable MeshHandle.id used by the ECS MeshRenderer and asset registry.",
          "entityCount": "Actual world.entityVersionTrackingSize(), covering live mesh, camera and light entities.",
          "meshAssetReplacements": "Successful meshes.publish calls that replace an existing native MeshAsset object; initial assets are separate.",
          "publishedVertexArrayReplacements": "New published vertex stream typed-array objects, separate from real GPUBuffer counters.",
          "publishedIndexArrayReplacements": "New published native index typed-array objects, excluding nonindexed draws.",
          "entityCreateCalls": "Observed actual world.createEntity calls since author system init, including camera and lights.",
          "entityDestroyCalls": "Observed destroy calls on entities returned by that native world.",
          "assetSerial": "Observation number of actual native MeshAsset object creation/publication; it changes on replacement and is not a mesh identity."
        }
      }
    },
    {
      "rawBytesChecked": 220704,
      "rawBuffersChecked": 66,
      "negativeZeros": 444,
      "rawResetEquivalent": true,
      "id": "s06-c1-reset-hoist",
      "revision": 7,
      "snapshotFrame": 6,
      "meshCount": 65,
      "entityCount": 70,
      "nativeChecks": 261,
      "nativeChecksOk": true,
      "identityStable": true,
      "resetEquivalent": true,
      "snapshotDrawCount": 65,
      "resources": {
        "initialMeshAssets": 65,
        "meshAssetReplacements": 102,
        "publishedVertexArrayReplacements": 102,
        "publishedIndexArrayReplacements": 0,
        "entityCreateCalls": 70,
        "entityDestroyCalls": 0,
        "currentMeshAssets": 65,
        "changedMeshes": [
          {
            "name": "crane.hoist.cable",
            "version": 7
          },
          {
            "name": "crane.hook",
            "version": 7
          },
          {
            "name": "crane.load.body",
            "version": 7
          },
          {
            "name": "crane.load.strap-front.0",
            "version": 7
          },
          {
            "name": "crane.load.strap-back.0",
            "version": 7
          },
          {
            "name": "crane.load.strap-top.0",
            "version": 7
          },
          {
            "name": "crane.load.strap-front.1",
            "version": 7
          },
          {
            "name": "crane.load.strap-back.1",
            "version": 7
          },
          {
            "name": "crane.load.strap-top.1",
            "version": 7
          },
          {
            "name": "crane.sling.0",
            "version": 7
          },
          {
            "name": "crane.sling.1",
            "version": 7
          },
          {
            "name": "crane.sling.2",
            "version": 7
          },
          {
            "name": "crane.sling.3",
            "version": 7
          }
        ],
        "assetVersions": [
          {
            "name": "courtyard.slab",
            "assetVersion": 1,
            "assetSerial": 1,
            "publishes": 0
          },
          {
            "name": "platform.lower",
            "assetVersion": 1,
            "assetSerial": 2,
            "publishes": 0
          },
          {
            "name": "platform.middle",
            "assetVersion": 1,
            "assetSerial": 3,
            "publishes": 0
          },
          {
            "name": "platform.upper",
            "assetVersion": 1,
            "assetSerial": 4,
            "publishes": 0
          },
          {
            "name": "crane.foot",
            "assetVersion": 1,
            "assetSerial": 5,
            "publishes": 0
          },
          {
            "name": "crane.turntable",
            "assetVersion": 1,
            "assetSerial": 6,
            "publishes": 0
          },
          {
            "name": "crane.pedestal",
            "assetVersion": 1,
            "assetSerial": 7,
            "publishes": 0
          },
          {
            "name": "crane.counterweight",
            "assetVersion": 1,
            "assetSerial": 8,
            "publishes": 0
          },
          {
            "name": "crane.boom.lower",
            "assetVersion": 3,
            "assetSerial": 88,
            "publishes": 2
          },
          {
            "name": "crane.boom.upper",
            "assetVersion": 5,
            "assetSerial": 126,
            "publishes": 4
          },
          {
            "name": "crane.pin.shoulder",
            "assetVersion": 1,
            "assetSerial": 11,
            "publishes": 0
          },
          {
            "name": "crane.pin-cap.shoulder",
            "assetVersion": 1,
            "assetSerial": 12,
            "publishes": 0
          },
          {
            "name": "crane.pin.elbow",
            "assetVersion": 3,
            "assetSerial": 90,
            "publishes": 2
          },
          {
            "name": "crane.pin-cap.elbow",
            "assetVersion": 3,
            "assetSerial": 91,
            "publishes": 2
          },
          {
            "name": "crane.pin.tip",
            "assetVersion": 5,
            "assetSerial": 127,
            "publishes": 4
          },
          {
            "name": "crane.pin-cap.tip",
            "assetVersion": 5,
            "assetSerial": 128,
            "publishes": 4
          },
          {
            "name": "crane.hydraulic-mount",
            "assetVersion": 1,
            "assetSerial": 17,
            "publishes": 0
          },
          {
            "name": "crane.hydraulic.body",
            "assetVersion": 3,
            "assetSerial": 94,
            "publishes": 2
          },
          {
            "name": "crane.hydraulic.rod",
            "assetVersion": 3,
            "assetSerial": 95,
            "publishes": 2
          },
          {
            "name": "crane.hydraulic.eye.base",
            "assetVersion": 1,
            "assetSerial": 20,
            "publishes": 0
          },
          {
            "name": "crane.hydraulic.eye.boom",
            "assetVersion": 3,
            "assetSerial": 96,
            "publishes": 2
          },
          {
            "name": "crane.hoist.cable",
            "assetVersion": 7,
            "assetSerial": 155,
            "publishes": 6
          },
          {
            "name": "crane.hook",
            "assetVersion": 7,
            "assetSerial": 156,
            "publishes": 6
          },
          {
            "name": "crane.load.body",
            "assetVersion": 7,
            "assetSerial": 157,
            "publishes": 6
          },
          {
            "name": "crane.load.strap-front.0",
            "assetVersion": 7,
            "assetSerial": 158,
            "publishes": 6
          },
          {
            "name": "crane.load.strap-back.0",
            "assetVersion": 7,
            "assetSerial": 159,
            "publishes": 6
          },
          {
            "name": "crane.load.strap-top.0",
            "assetVersion": 7,
            "assetSerial": 160,
            "publishes": 6
          },
          {
            "name": "crane.load.strap-front.1",
            "assetVersion": 7,
            "assetSerial": 161,
            "publishes": 6
          },
          {
            "name": "crane.load.strap-back.1",
            "assetVersion": 7,
            "assetSerial": 162,
            "publishes": 6
          },
          {
            "name": "crane.load.strap-top.1",
            "assetVersion": 7,
            "assetSerial": 163,
            "publishes": 6
          },
          {
            "name": "crane.sling.0",
            "assetVersion": 7,
            "assetSerial": 164,
            "publishes": 6
          },
          {
            "name": "crane.sling.1",
            "assetVersion": 7,
            "assetSerial": 165,
            "publishes": 6
          },
          {
            "name": "crane.sling.2",
            "assetVersion": 7,
            "assetSerial": 166,
            "publishes": 6
          },
          {
            "name": "crane.sling.3",
            "assetVersion": 7,
            "assetSerial": 167,
            "publishes": 6
          },
          {
            "name": "wall.body.continuous",
            "assetVersion": 1,
            "assetSerial": 35,
            "publishes": 0
          },
          {
            "name": "wall.arch.00",
            "assetVersion": 1,
            "assetSerial": 36,
            "publishes": 0
          },
          {
            "name": "wall.arch.01",
            "assetVersion": 1,
            "assetSerial": 37,
            "publishes": 0
          },
          {
            "name": "wall.arch.02",
            "assetVersion": 1,
            "assetSerial": 38,
            "publishes": 0
          },
          {
            "name": "wall.arch.03",
            "assetVersion": 1,
            "assetSerial": 39,
            "publishes": 0
          },
          {
            "name": "wall.arch.04",
            "assetVersion": 1,
            "assetSerial": 40,
            "publishes": 0
          },
          {
            "name": "wall.arch.05",
            "assetVersion": 1,
            "assetSerial": 41,
            "publishes": 0
          },
          {
            "name": "wall.arch.06",
            "assetVersion": 1,
            "assetSerial": 42,
            "publishes": 0
          },
          {
            "name": "wall.arch.07",
            "assetVersion": 1,
            "assetSerial": 43,
            "publishes": 0
          },
          {
            "name": "wall.arch.08",
            "assetVersion": 1,
            "assetSerial": 44,
            "publishes": 0
          },
          {
            "name": "wall.arch.09",
            "assetVersion": 1,
            "assetSerial": 45,
            "publishes": 0
          },
          {
            "name": "wall.arch.10",
            "assetVersion": 1,
            "assetSerial": 46,
            "publishes": 0
          },
          {
            "name": "wall.arch.11",
            "assetVersion": 1,
            "assetSerial": 47,
            "publishes": 0
          },
          {
            "name": "wall.cap",
            "assetVersion": 1,
            "assetSerial": 48,
            "publishes": 0
          },
          {
            "name": "wall.lamp.backplate",
            "assetVersion": 1,
            "assetSerial": 49,
            "publishes": 0
          },
          {
            "name": "wall.lamp.diffuser",
            "assetVersion": 1,
            "assetSerial": 50,
            "publishes": 0
          },
          {
            "name": "pipe.hollow-elbow.outer",
            "assetVersion": 1,
            "assetSerial": 51,
            "publishes": 0
          },
          {
            "name": "pipe.hollow-elbow.inner",
            "assetVersion": 1,
            "assetSerial": 52,
            "publishes": 0
          },
          {
            "name": "pipe.hollow-elbow.rims",
            "assetVersion": 1,
            "assetSerial": 53,
            "publishes": 0
          },
          {
            "name": "prop.crate.body",
            "assetVersion": 1,
            "assetSerial": 54,
            "publishes": 0
          },
          {
            "name": "prop.crate.strap-front.0",
            "assetVersion": 1,
            "assetSerial": 55,
            "publishes": 0
          },
          {
            "name": "prop.crate.strap-back.0",
            "assetVersion": 1,
            "assetSerial": 56,
            "publishes": 0
          },
          {
            "name": "prop.crate.strap-top.0",
            "assetVersion": 1,
            "assetSerial": 57,
            "publishes": 0
          },
          {
            "name": "prop.crate.strap-front.1",
            "assetVersion": 1,
            "assetSerial": 58,
            "publishes": 0
          },
          {
            "name": "prop.crate.strap-back.1",
            "assetVersion": 1,
            "assetSerial": 59,
            "publishes": 0
          },
          {
            "name": "prop.crate.strap-top.1",
            "assetVersion": 1,
            "assetSerial": 60,
            "publishes": 0
          },
          {
            "name": "prop.drum.body",
            "assetVersion": 1,
            "assetSerial": 61,
            "publishes": 0
          },
          {
            "name": "prop.drum.band.0",
            "assetVersion": 1,
            "assetSerial": 62,
            "publishes": 0
          },
          {
            "name": "prop.drum.band.1",
            "assetVersion": 1,
            "assetSerial": 63,
            "publishes": 0
          },
          {
            "name": "prop.bollard",
            "assetVersion": 1,
            "assetSerial": 64,
            "publishes": 0
          },
          {
            "name": "prop.bollard.cap",
            "assetVersion": 1,
            "assetSerial": 65,
            "publishes": 0
          }
        ],
        "definitions": {
          "sceneId": "UUID allocated once inside and stored on the actual ECS world; original world reference checked at every publication.",
          "entityId": "Native ECS index:generation, obtained from serializeEntityRef; no author-assigned substitute.",
          "meshId": "Native stable MeshHandle.id used by the ECS MeshRenderer and asset registry.",
          "entityCount": "Actual world.entityVersionTrackingSize(), covering live mesh, camera and light entities.",
          "meshAssetReplacements": "Successful meshes.publish calls that replace an existing native MeshAsset object; initial assets are separate.",
          "publishedVertexArrayReplacements": "New published vertex stream typed-array objects, separate from real GPUBuffer counters.",
          "publishedIndexArrayReplacements": "New published native index typed-array objects, excluding nonindexed draws.",
          "entityCreateCalls": "Observed actual world.createEntity calls since author system init, including camera and lights.",
          "entityDestroyCalls": "Observed destroy calls on entities returned by that native world.",
          "assetSerial": "Observation number of actual native MeshAsset object creation/publication; it changes on replacement and is not a mesh identity."
        }
      }
    },
    {
      "rawBytesChecked": 220704,
      "rawBuffersChecked": 66,
      "negativeZeros": 444,
      "rawResetEquivalent": true,
      "id": "s07-c1-arch",
      "revision": 8,
      "snapshotFrame": 7,
      "meshCount": 65,
      "entityCount": 70,
      "nativeChecks": 261,
      "nativeChecksOk": true,
      "identityStable": true,
      "resetEquivalent": true,
      "snapshotDrawCount": 65,
      "resources": {
        "initialMeshAssets": 65,
        "meshAssetReplacements": 115,
        "publishedVertexArrayReplacements": 115,
        "publishedIndexArrayReplacements": 1,
        "entityCreateCalls": 70,
        "entityDestroyCalls": 0,
        "currentMeshAssets": 65,
        "changedMeshes": [
          {
            "name": "wall.body.continuous",
            "version": 2
          },
          {
            "name": "wall.arch.00",
            "version": 2
          },
          {
            "name": "wall.arch.01",
            "version": 2
          },
          {
            "name": "wall.arch.02",
            "version": 2
          },
          {
            "name": "wall.arch.03",
            "version": 2
          },
          {
            "name": "wall.arch.04",
            "version": 2
          },
          {
            "name": "wall.arch.05",
            "version": 2
          },
          {
            "name": "wall.arch.06",
            "version": 2
          },
          {
            "name": "wall.arch.07",
            "version": 2
          },
          {
            "name": "wall.arch.08",
            "version": 2
          },
          {
            "name": "wall.arch.09",
            "version": 2
          },
          {
            "name": "wall.arch.10",
            "version": 2
          },
          {
            "name": "wall.arch.11",
            "version": 2
          }
        ],
        "assetVersions": [
          {
            "name": "courtyard.slab",
            "assetVersion": 1,
            "assetSerial": 1,
            "publishes": 0
          },
          {
            "name": "platform.lower",
            "assetVersion": 1,
            "assetSerial": 2,
            "publishes": 0
          },
          {
            "name": "platform.middle",
            "assetVersion": 1,
            "assetSerial": 3,
            "publishes": 0
          },
          {
            "name": "platform.upper",
            "assetVersion": 1,
            "assetSerial": 4,
            "publishes": 0
          },
          {
            "name": "crane.foot",
            "assetVersion": 1,
            "assetSerial": 5,
            "publishes": 0
          },
          {
            "name": "crane.turntable",
            "assetVersion": 1,
            "assetSerial": 6,
            "publishes": 0
          },
          {
            "name": "crane.pedestal",
            "assetVersion": 1,
            "assetSerial": 7,
            "publishes": 0
          },
          {
            "name": "crane.counterweight",
            "assetVersion": 1,
            "assetSerial": 8,
            "publishes": 0
          },
          {
            "name": "crane.boom.lower",
            "assetVersion": 3,
            "assetSerial": 88,
            "publishes": 2
          },
          {
            "name": "crane.boom.upper",
            "assetVersion": 5,
            "assetSerial": 126,
            "publishes": 4
          },
          {
            "name": "crane.pin.shoulder",
            "assetVersion": 1,
            "assetSerial": 11,
            "publishes": 0
          },
          {
            "name": "crane.pin-cap.shoulder",
            "assetVersion": 1,
            "assetSerial": 12,
            "publishes": 0
          },
          {
            "name": "crane.pin.elbow",
            "assetVersion": 3,
            "assetSerial": 90,
            "publishes": 2
          },
          {
            "name": "crane.pin-cap.elbow",
            "assetVersion": 3,
            "assetSerial": 91,
            "publishes": 2
          },
          {
            "name": "crane.pin.tip",
            "assetVersion": 5,
            "assetSerial": 127,
            "publishes": 4
          },
          {
            "name": "crane.pin-cap.tip",
            "assetVersion": 5,
            "assetSerial": 128,
            "publishes": 4
          },
          {
            "name": "crane.hydraulic-mount",
            "assetVersion": 1,
            "assetSerial": 17,
            "publishes": 0
          },
          {
            "name": "crane.hydraulic.body",
            "assetVersion": 3,
            "assetSerial": 94,
            "publishes": 2
          },
          {
            "name": "crane.hydraulic.rod",
            "assetVersion": 3,
            "assetSerial": 95,
            "publishes": 2
          },
          {
            "name": "crane.hydraulic.eye.base",
            "assetVersion": 1,
            "assetSerial": 20,
            "publishes": 0
          },
          {
            "name": "crane.hydraulic.eye.boom",
            "assetVersion": 3,
            "assetSerial": 96,
            "publishes": 2
          },
          {
            "name": "crane.hoist.cable",
            "assetVersion": 7,
            "assetSerial": 155,
            "publishes": 6
          },
          {
            "name": "crane.hook",
            "assetVersion": 7,
            "assetSerial": 156,
            "publishes": 6
          },
          {
            "name": "crane.load.body",
            "assetVersion": 7,
            "assetSerial": 157,
            "publishes": 6
          },
          {
            "name": "crane.load.strap-front.0",
            "assetVersion": 7,
            "assetSerial": 158,
            "publishes": 6
          },
          {
            "name": "crane.load.strap-back.0",
            "assetVersion": 7,
            "assetSerial": 159,
            "publishes": 6
          },
          {
            "name": "crane.load.strap-top.0",
            "assetVersion": 7,
            "assetSerial": 160,
            "publishes": 6
          },
          {
            "name": "crane.load.strap-front.1",
            "assetVersion": 7,
            "assetSerial": 161,
            "publishes": 6
          },
          {
            "name": "crane.load.strap-back.1",
            "assetVersion": 7,
            "assetSerial": 162,
            "publishes": 6
          },
          {
            "name": "crane.load.strap-top.1",
            "assetVersion": 7,
            "assetSerial": 163,
            "publishes": 6
          },
          {
            "name": "crane.sling.0",
            "assetVersion": 7,
            "assetSerial": 164,
            "publishes": 6
          },
          {
            "name": "crane.sling.1",
            "assetVersion": 7,
            "assetSerial": 165,
            "publishes": 6
          },
          {
            "name": "crane.sling.2",
            "assetVersion": 7,
            "assetSerial": 166,
            "publishes": 6
          },
          {
            "name": "crane.sling.3",
            "assetVersion": 7,
            "assetSerial": 167,
            "publishes": 6
          },
          {
            "name": "wall.body.continuous",
            "assetVersion": 2,
            "assetSerial": 168,
            "publishes": 1
          },
          {
            "name": "wall.arch.00",
            "assetVersion": 2,
            "assetSerial": 169,
            "publishes": 1
          },
          {
            "name": "wall.arch.01",
            "assetVersion": 2,
            "assetSerial": 170,
            "publishes": 1
          },
          {
            "name": "wall.arch.02",
            "assetVersion": 2,
            "assetSerial": 171,
            "publishes": 1
          },
          {
            "name": "wall.arch.03",
            "assetVersion": 2,
            "assetSerial": 172,
            "publishes": 1
          },
          {
            "name": "wall.arch.04",
            "assetVersion": 2,
            "assetSerial": 173,
            "publishes": 1
          },
          {
            "name": "wall.arch.05",
            "assetVersion": 2,
            "assetSerial": 174,
            "publishes": 1
          },
          {
            "name": "wall.arch.06",
            "assetVersion": 2,
            "assetSerial": 175,
            "publishes": 1
          },
          {
            "name": "wall.arch.07",
            "assetVersion": 2,
            "assetSerial": 176,
            "publishes": 1
          },
          {
            "name": "wall.arch.08",
            "assetVersion": 2,
            "assetSerial": 177,
            "publishes": 1
          },
          {
            "name": "wall.arch.09",
            "assetVersion": 2,
            "assetSerial": 178,
            "publishes": 1
          },
          {
            "name": "wall.arch.10",
            "assetVersion": 2,
            "assetSerial": 179,
            "publishes": 1
          },
          {
            "name": "wall.arch.11",
            "assetVersion": 2,
            "assetSerial": 180,
            "publishes": 1
          },
          {
            "name": "wall.cap",
            "assetVersion": 1,
            "assetSerial": 48,
            "publishes": 0
          },
          {
            "name": "wall.lamp.backplate",
            "assetVersion": 1,
            "assetSerial": 49,
            "publishes": 0
          },
          {
            "name": "wall.lamp.diffuser",
            "assetVersion": 1,
            "assetSerial": 50,
            "publishes": 0
          },
          {
            "name": "pipe.hollow-elbow.outer",
            "assetVersion": 1,
            "assetSerial": 51,
            "publishes": 0
          },
          {
            "name": "pipe.hollow-elbow.inner",
            "assetVersion": 1,
            "assetSerial": 52,
            "publishes": 0
          },
          {
            "name": "pipe.hollow-elbow.rims",
            "assetVersion": 1,
            "assetSerial": 53,
            "publishes": 0
          },
          {
            "name": "prop.crate.body",
            "assetVersion": 1,
            "assetSerial": 54,
            "publishes": 0
          },
          {
            "name": "prop.crate.strap-front.0",
            "assetVersion": 1,
            "assetSerial": 55,
            "publishes": 0
          },
          {
            "name": "prop.crate.strap-back.0",
            "assetVersion": 1,
            "assetSerial": 56,
            "publishes": 0
          },
          {
            "name": "prop.crate.strap-top.0",
            "assetVersion": 1,
            "assetSerial": 57,
            "publishes": 0
          },
          {
            "name": "prop.crate.strap-front.1",
            "assetVersion": 1,
            "assetSerial": 58,
            "publishes": 0
          },
          {
            "name": "prop.crate.strap-back.1",
            "assetVersion": 1,
            "assetSerial": 59,
            "publishes": 0
          },
          {
            "name": "prop.crate.strap-top.1",
            "assetVersion": 1,
            "assetSerial": 60,
            "publishes": 0
          },
          {
            "name": "prop.drum.body",
            "assetVersion": 1,
            "assetSerial": 61,
            "publishes": 0
          },
          {
            "name": "prop.drum.band.0",
            "assetVersion": 1,
            "assetSerial": 62,
            "publishes": 0
          },
          {
            "name": "prop.drum.band.1",
            "assetVersion": 1,
            "assetSerial": 63,
            "publishes": 0
          },
          {
            "name": "prop.bollard",
            "assetVersion": 1,
            "assetSerial": 64,
            "publishes": 0
          },
          {
            "name": "prop.bollard.cap",
            "assetVersion": 1,
            "assetSerial": 65,
            "publishes": 0
          }
        ],
        "definitions": {
          "sceneId": "UUID allocated once inside and stored on the actual ECS world; original world reference checked at every publication.",
          "entityId": "Native ECS index:generation, obtained from serializeEntityRef; no author-assigned substitute.",
          "meshId": "Native stable MeshHandle.id used by the ECS MeshRenderer and asset registry.",
          "entityCount": "Actual world.entityVersionTrackingSize(), covering live mesh, camera and light entities.",
          "meshAssetReplacements": "Successful meshes.publish calls that replace an existing native MeshAsset object; initial assets are separate.",
          "publishedVertexArrayReplacements": "New published vertex stream typed-array objects, separate from real GPUBuffer counters.",
          "publishedIndexArrayReplacements": "New published native index typed-array objects, excluding nonindexed draws.",
          "entityCreateCalls": "Observed actual world.createEntity calls since author system init, including camera and lights.",
          "entityDestroyCalls": "Observed destroy calls on entities returned by that native world.",
          "assetSerial": "Observation number of actual native MeshAsset object creation/publication; it changes on replacement and is not a mesh identity."
        }
      }
    },
    {
      "rawBytesChecked": 220704,
      "rawBuffersChecked": 66,
      "negativeZeros": 444,
      "rawResetEquivalent": true,
      "id": "s08-c1-reset-arch",
      "revision": 9,
      "snapshotFrame": 8,
      "meshCount": 65,
      "entityCount": 70,
      "nativeChecks": 261,
      "nativeChecksOk": true,
      "identityStable": true,
      "resetEquivalent": true,
      "snapshotDrawCount": 65,
      "resources": {
        "initialMeshAssets": 65,
        "meshAssetReplacements": 128,
        "publishedVertexArrayReplacements": 128,
        "publishedIndexArrayReplacements": 2,
        "entityCreateCalls": 70,
        "entityDestroyCalls": 0,
        "currentMeshAssets": 65,
        "changedMeshes": [
          {
            "name": "wall.body.continuous",
            "version": 3
          },
          {
            "name": "wall.arch.00",
            "version": 3
          },
          {
            "name": "wall.arch.01",
            "version": 3
          },
          {
            "name": "wall.arch.02",
            "version": 3
          },
          {
            "name": "wall.arch.03",
            "version": 3
          },
          {
            "name": "wall.arch.04",
            "version": 3
          },
          {
            "name": "wall.arch.05",
            "version": 3
          },
          {
            "name": "wall.arch.06",
            "version": 3
          },
          {
            "name": "wall.arch.07",
            "version": 3
          },
          {
            "name": "wall.arch.08",
            "version": 3
          },
          {
            "name": "wall.arch.09",
            "version": 3
          },
          {
            "name": "wall.arch.10",
            "version": 3
          },
          {
            "name": "wall.arch.11",
            "version": 3
          }
        ],
        "assetVersions": [
          {
            "name": "courtyard.slab",
            "assetVersion": 1,
            "assetSerial": 1,
            "publishes": 0
          },
          {
            "name": "platform.lower",
            "assetVersion": 1,
            "assetSerial": 2,
            "publishes": 0
          },
          {
            "name": "platform.middle",
            "assetVersion": 1,
            "assetSerial": 3,
            "publishes": 0
          },
          {
            "name": "platform.upper",
            "assetVersion": 1,
            "assetSerial": 4,
            "publishes": 0
          },
          {
            "name": "crane.foot",
            "assetVersion": 1,
            "assetSerial": 5,
            "publishes": 0
          },
          {
            "name": "crane.turntable",
            "assetVersion": 1,
            "assetSerial": 6,
            "publishes": 0
          },
          {
            "name": "crane.pedestal",
            "assetVersion": 1,
            "assetSerial": 7,
            "publishes": 0
          },
          {
            "name": "crane.counterweight",
            "assetVersion": 1,
            "assetSerial": 8,
            "publishes": 0
          },
          {
            "name": "crane.boom.lower",
            "assetVersion": 3,
            "assetSerial": 88,
            "publishes": 2
          },
          {
            "name": "crane.boom.upper",
            "assetVersion": 5,
            "assetSerial": 126,
            "publishes": 4
          },
          {
            "name": "crane.pin.shoulder",
            "assetVersion": 1,
            "assetSerial": 11,
            "publishes": 0
          },
          {
            "name": "crane.pin-cap.shoulder",
            "assetVersion": 1,
            "assetSerial": 12,
            "publishes": 0
          },
          {
            "name": "crane.pin.elbow",
            "assetVersion": 3,
            "assetSerial": 90,
            "publishes": 2
          },
          {
            "name": "crane.pin-cap.elbow",
            "assetVersion": 3,
            "assetSerial": 91,
            "publishes": 2
          },
          {
            "name": "crane.pin.tip",
            "assetVersion": 5,
            "assetSerial": 127,
            "publishes": 4
          },
          {
            "name": "crane.pin-cap.tip",
            "assetVersion": 5,
            "assetSerial": 128,
            "publishes": 4
          },
          {
            "name": "crane.hydraulic-mount",
            "assetVersion": 1,
            "assetSerial": 17,
            "publishes": 0
          },
          {
            "name": "crane.hydraulic.body",
            "assetVersion": 3,
            "assetSerial": 94,
            "publishes": 2
          },
          {
            "name": "crane.hydraulic.rod",
            "assetVersion": 3,
            "assetSerial": 95,
            "publishes": 2
          },
          {
            "name": "crane.hydraulic.eye.base",
            "assetVersion": 1,
            "assetSerial": 20,
            "publishes": 0
          },
          {
            "name": "crane.hydraulic.eye.boom",
            "assetVersion": 3,
            "assetSerial": 96,
            "publishes": 2
          },
          {
            "name": "crane.hoist.cable",
            "assetVersion": 7,
            "assetSerial": 155,
            "publishes": 6
          },
          {
            "name": "crane.hook",
            "assetVersion": 7,
            "assetSerial": 156,
            "publishes": 6
          },
          {
            "name": "crane.load.body",
            "assetVersion": 7,
            "assetSerial": 157,
            "publishes": 6
          },
          {
            "name": "crane.load.strap-front.0",
            "assetVersion": 7,
            "assetSerial": 158,
            "publishes": 6
          },
          {
            "name": "crane.load.strap-back.0",
            "assetVersion": 7,
            "assetSerial": 159,
            "publishes": 6
          },
          {
            "name": "crane.load.strap-top.0",
            "assetVersion": 7,
            "assetSerial": 160,
            "publishes": 6
          },
          {
            "name": "crane.load.strap-front.1",
            "assetVersion": 7,
            "assetSerial": 161,
            "publishes": 6
          },
          {
            "name": "crane.load.strap-back.1",
            "assetVersion": 7,
            "assetSerial": 162,
            "publishes": 6
          },
          {
            "name": "crane.load.strap-top.1",
            "assetVersion": 7,
            "assetSerial": 163,
            "publishes": 6
          },
          {
            "name": "crane.sling.0",
            "assetVersion": 7,
            "assetSerial": 164,
            "publishes": 6
          },
          {
            "name": "crane.sling.1",
            "assetVersion": 7,
            "assetSerial": 165,
            "publishes": 6
          },
          {
            "name": "crane.sling.2",
            "assetVersion": 7,
            "assetSerial": 166,
            "publishes": 6
          },
          {
            "name": "crane.sling.3",
            "assetVersion": 7,
            "assetSerial": 167,
            "publishes": 6
          },
          {
            "name": "wall.body.continuous",
            "assetVersion": 3,
            "assetSerial": 181,
            "publishes": 2
          },
          {
            "name": "wall.arch.00",
            "assetVersion": 3,
            "assetSerial": 182,
            "publishes": 2
          },
          {
            "name": "wall.arch.01",
            "assetVersion": 3,
            "assetSerial": 183,
            "publishes": 2
          },
          {
            "name": "wall.arch.02",
            "assetVersion": 3,
            "assetSerial": 184,
            "publishes": 2
          },
          {
            "name": "wall.arch.03",
            "assetVersion": 3,
            "assetSerial": 185,
            "publishes": 2
          },
          {
            "name": "wall.arch.04",
            "assetVersion": 3,
            "assetSerial": 186,
            "publishes": 2
          },
          {
            "name": "wall.arch.05",
            "assetVersion": 3,
            "assetSerial": 187,
            "publishes": 2
          },
          {
            "name": "wall.arch.06",
            "assetVersion": 3,
            "assetSerial": 188,
            "publishes": 2
          },
          {
            "name": "wall.arch.07",
            "assetVersion": 3,
            "assetSerial": 189,
            "publishes": 2
          },
          {
            "name": "wall.arch.08",
            "assetVersion": 3,
            "assetSerial": 190,
            "publishes": 2
          },
          {
            "name": "wall.arch.09",
            "assetVersion": 3,
            "assetSerial": 191,
            "publishes": 2
          },
          {
            "name": "wall.arch.10",
            "assetVersion": 3,
            "assetSerial": 192,
            "publishes": 2
          },
          {
            "name": "wall.arch.11",
            "assetVersion": 3,
            "assetSerial": 193,
            "publishes": 2
          },
          {
            "name": "wall.cap",
            "assetVersion": 1,
            "assetSerial": 48,
            "publishes": 0
          },
          {
            "name": "wall.lamp.backplate",
            "assetVersion": 1,
            "assetSerial": 49,
            "publishes": 0
          },
          {
            "name": "wall.lamp.diffuser",
            "assetVersion": 1,
            "assetSerial": 50,
            "publishes": 0
          },
          {
            "name": "pipe.hollow-elbow.outer",
            "assetVersion": 1,
            "assetSerial": 51,
            "publishes": 0
          },
          {
            "name": "pipe.hollow-elbow.inner",
            "assetVersion": 1,
            "assetSerial": 52,
            "publishes": 0
          },
          {
            "name": "pipe.hollow-elbow.rims",
            "assetVersion": 1,
            "assetSerial": 53,
            "publishes": 0
          },
          {
            "name": "prop.crate.body",
            "assetVersion": 1,
            "assetSerial": 54,
            "publishes": 0
          },
          {
            "name": "prop.crate.strap-front.0",
            "assetVersion": 1,
            "assetSerial": 55,
            "publishes": 0
          },
          {
            "name": "prop.crate.strap-back.0",
            "assetVersion": 1,
            "assetSerial": 56,
            "publishes": 0
          },
          {
            "name": "prop.crate.strap-top.0",
            "assetVersion": 1,
            "assetSerial": 57,
            "publishes": 0
          },
          {
            "name": "prop.crate.strap-front.1",
            "assetVersion": 1,
            "assetSerial": 58,
            "publishes": 0
          },
          {
            "name": "prop.crate.strap-back.1",
            "assetVersion": 1,
            "assetSerial": 59,
            "publishes": 0
          },
          {
            "name": "prop.crate.strap-top.1",
            "assetVersion": 1,
            "assetSerial": 60,
            "publishes": 0
          },
          {
            "name": "prop.drum.body",
            "assetVersion": 1,
            "assetSerial": 61,
            "publishes": 0
          },
          {
            "name": "prop.drum.band.0",
            "assetVersion": 1,
            "assetSerial": 62,
            "publishes": 0
          },
          {
            "name": "prop.drum.band.1",
            "assetVersion": 1,
            "assetSerial": 63,
            "publishes": 0
          },
          {
            "name": "prop.bollard",
            "assetVersion": 1,
            "assetSerial": 64,
            "publishes": 0
          },
          {
            "name": "prop.bollard.cap",
            "assetVersion": 1,
            "assetSerial": 65,
            "publishes": 0
          }
        ],
        "definitions": {
          "sceneId": "UUID allocated once inside and stored on the actual ECS world; original world reference checked at every publication.",
          "entityId": "Native ECS index:generation, obtained from serializeEntityRef; no author-assigned substitute.",
          "meshId": "Native stable MeshHandle.id used by the ECS MeshRenderer and asset registry.",
          "entityCount": "Actual world.entityVersionTrackingSize(), covering live mesh, camera and light entities.",
          "meshAssetReplacements": "Successful meshes.publish calls that replace an existing native MeshAsset object; initial assets are separate.",
          "publishedVertexArrayReplacements": "New published vertex stream typed-array objects, separate from real GPUBuffer counters.",
          "publishedIndexArrayReplacements": "New published native index typed-array objects, excluding nonindexed draws.",
          "entityCreateCalls": "Observed actual world.createEntity calls since author system init, including camera and lights.",
          "entityDestroyCalls": "Observed destroy calls on entities returned by that native world.",
          "assetSerial": "Observation number of actual native MeshAsset object creation/publication; it changes on replacement and is not a mesh identity."
        }
      }
    },
    {
      "rawBytesChecked": 220704,
      "rawBuffersChecked": 66,
      "negativeZeros": 444,
      "rawResetEquivalent": true,
      "id": "s09-c1-pipe",
      "revision": 10,
      "snapshotFrame": 9,
      "meshCount": 65,
      "entityCount": 70,
      "nativeChecks": 261,
      "nativeChecksOk": true,
      "identityStable": true,
      "resetEquivalent": true,
      "snapshotDrawCount": 65,
      "resources": {
        "initialMeshAssets": 65,
        "meshAssetReplacements": 131,
        "publishedVertexArrayReplacements": 131,
        "publishedIndexArrayReplacements": 2,
        "entityCreateCalls": 70,
        "entityDestroyCalls": 0,
        "currentMeshAssets": 65,
        "changedMeshes": [
          {
            "name": "pipe.hollow-elbow.outer",
            "version": 2
          },
          {
            "name": "pipe.hollow-elbow.inner",
            "version": 2
          },
          {
            "name": "pipe.hollow-elbow.rims",
            "version": 2
          }
        ],
        "assetVersions": [
          {
            "name": "courtyard.slab",
            "assetVersion": 1,
            "assetSerial": 1,
            "publishes": 0
          },
          {
            "name": "platform.lower",
            "assetVersion": 1,
            "assetSerial": 2,
            "publishes": 0
          },
          {
            "name": "platform.middle",
            "assetVersion": 1,
            "assetSerial": 3,
            "publishes": 0
          },
          {
            "name": "platform.upper",
            "assetVersion": 1,
            "assetSerial": 4,
            "publishes": 0
          },
          {
            "name": "crane.foot",
            "assetVersion": 1,
            "assetSerial": 5,
            "publishes": 0
          },
          {
            "name": "crane.turntable",
            "assetVersion": 1,
            "assetSerial": 6,
            "publishes": 0
          },
          {
            "name": "crane.pedestal",
            "assetVersion": 1,
            "assetSerial": 7,
            "publishes": 0
          },
          {
            "name": "crane.counterweight",
            "assetVersion": 1,
            "assetSerial": 8,
            "publishes": 0
          },
          {
            "name": "crane.boom.lower",
            "assetVersion": 3,
            "assetSerial": 88,
            "publishes": 2
          },
          {
            "name": "crane.boom.upper",
            "assetVersion": 5,
            "assetSerial": 126,
            "publishes": 4
          },
          {
            "name": "crane.pin.shoulder",
            "assetVersion": 1,
            "assetSerial": 11,
            "publishes": 0
          },
          {
            "name": "crane.pin-cap.shoulder",
            "assetVersion": 1,
            "assetSerial": 12,
            "publishes": 0
          },
          {
            "name": "crane.pin.elbow",
            "assetVersion": 3,
            "assetSerial": 90,
            "publishes": 2
          },
          {
            "name": "crane.pin-cap.elbow",
            "assetVersion": 3,
            "assetSerial": 91,
            "publishes": 2
          },
          {
            "name": "crane.pin.tip",
            "assetVersion": 5,
            "assetSerial": 127,
            "publishes": 4
          },
          {
            "name": "crane.pin-cap.tip",
            "assetVersion": 5,
            "assetSerial": 128,
            "publishes": 4
          },
          {
            "name": "crane.hydraulic-mount",
            "assetVersion": 1,
            "assetSerial": 17,
            "publishes": 0
          },
          {
            "name": "crane.hydraulic.body",
            "assetVersion": 3,
            "assetSerial": 94,
            "publishes": 2
          },
          {
            "name": "crane.hydraulic.rod",
            "assetVersion": 3,
            "assetSerial": 95,
            "publishes": 2
          },
          {
            "name": "crane.hydraulic.eye.base",
            "assetVersion": 1,
            "assetSerial": 20,
            "publishes": 0
          },
          {
            "name": "crane.hydraulic.eye.boom",
            "assetVersion": 3,
            "assetSerial": 96,
            "publishes": 2
          },
          {
            "name": "crane.hoist.cable",
            "assetVersion": 7,
            "assetSerial": 155,
            "publishes": 6
          },
          {
            "name": "crane.hook",
            "assetVersion": 7,
            "assetSerial": 156,
            "publishes": 6
          },
          {
            "name": "crane.load.body",
            "assetVersion": 7,
            "assetSerial": 157,
            "publishes": 6
          },
          {
            "name": "crane.load.strap-front.0",
            "assetVersion": 7,
            "assetSerial": 158,
            "publishes": 6
          },
          {
            "name": "crane.load.strap-back.0",
            "assetVersion": 7,
            "assetSerial": 159,
            "publishes": 6
          },
          {
            "name": "crane.load.strap-top.0",
            "assetVersion": 7,
            "assetSerial": 160,
            "publishes": 6
          },
          {
            "name": "crane.load.strap-front.1",
            "assetVersion": 7,
            "assetSerial": 161,
            "publishes": 6
          },
          {
            "name": "crane.load.strap-back.1",
            "assetVersion": 7,
            "assetSerial": 162,
            "publishes": 6
          },
          {
            "name": "crane.load.strap-top.1",
            "assetVersion": 7,
            "assetSerial": 163,
            "publishes": 6
          },
          {
            "name": "crane.sling.0",
            "assetVersion": 7,
            "assetSerial": 164,
            "publishes": 6
          },
          {
            "name": "crane.sling.1",
            "assetVersion": 7,
            "assetSerial": 165,
            "publishes": 6
          },
          {
            "name": "crane.sling.2",
            "assetVersion": 7,
            "assetSerial": 166,
            "publishes": 6
          },
          {
            "name": "crane.sling.3",
            "assetVersion": 7,
            "assetSerial": 167,
            "publishes": 6
          },
          {
            "name": "wall.body.continuous",
            "assetVersion": 3,
            "assetSerial": 181,
            "publishes": 2
          },
          {
            "name": "wall.arch.00",
            "assetVersion": 3,
            "assetSerial": 182,
            "publishes": 2
          },
          {
            "name": "wall.arch.01",
            "assetVersion": 3,
            "assetSerial": 183,
            "publishes": 2
          },
          {
            "name": "wall.arch.02",
            "assetVersion": 3,
            "assetSerial": 184,
            "publishes": 2
          },
          {
            "name": "wall.arch.03",
            "assetVersion": 3,
            "assetSerial": 185,
            "publishes": 2
          },
          {
            "name": "wall.arch.04",
            "assetVersion": 3,
            "assetSerial": 186,
            "publishes": 2
          },
          {
            "name": "wall.arch.05",
            "assetVersion": 3,
            "assetSerial": 187,
            "publishes": 2
          },
          {
            "name": "wall.arch.06",
            "assetVersion": 3,
            "assetSerial": 188,
            "publishes": 2
          },
          {
            "name": "wall.arch.07",
            "assetVersion": 3,
            "assetSerial": 189,
            "publishes": 2
          },
          {
            "name": "wall.arch.08",
            "assetVersion": 3,
            "assetSerial": 190,
            "publishes": 2
          },
          {
            "name": "wall.arch.09",
            "assetVersion": 3,
            "assetSerial": 191,
            "publishes": 2
          },
          {
            "name": "wall.arch.10",
            "assetVersion": 3,
            "assetSerial": 192,
            "publishes": 2
          },
          {
            "name": "wall.arch.11",
            "assetVersion": 3,
            "assetSerial": 193,
            "publishes": 2
          },
          {
            "name": "wall.cap",
            "assetVersion": 1,
            "assetSerial": 48,
            "publishes": 0
          },
          {
            "name": "wall.lamp.backplate",
            "assetVersion": 1,
            "assetSerial": 49,
            "publishes": 0
          },
          {
            "name": "wall.lamp.diffuser",
            "assetVersion": 1,
            "assetSerial": 50,
            "publishes": 0
          },
          {
            "name": "pipe.hollow-elbow.outer",
            "assetVersion": 2,
            "assetSerial": 194,
            "publishes": 1
          },
          {
            "name": "pipe.hollow-elbow.inner",
            "assetVersion": 2,
            "assetSerial": 195,
            "publishes": 1
          },
          {
            "name": "pipe.hollow-elbow.rims",
            "assetVersion": 2,
            "assetSerial": 196,
            "publishes": 1
          },
          {
            "name": "prop.crate.body",
            "assetVersion": 1,
            "assetSerial": 54,
            "publishes": 0
          },
          {
            "name": "prop.crate.strap-front.0",
            "assetVersion": 1,
            "assetSerial": 55,
            "publishes": 0
          },
          {
            "name": "prop.crate.strap-back.0",
            "assetVersion": 1,
            "assetSerial": 56,
            "publishes": 0
          },
          {
            "name": "prop.crate.strap-top.0",
            "assetVersion": 1,
            "assetSerial": 57,
            "publishes": 0
          },
          {
            "name": "prop.crate.strap-front.1",
            "assetVersion": 1,
            "assetSerial": 58,
            "publishes": 0
          },
          {
            "name": "prop.crate.strap-back.1",
            "assetVersion": 1,
            "assetSerial": 59,
            "publishes": 0
          },
          {
            "name": "prop.crate.strap-top.1",
            "assetVersion": 1,
            "assetSerial": 60,
            "publishes": 0
          },
          {
            "name": "prop.drum.body",
            "assetVersion": 1,
            "assetSerial": 61,
            "publishes": 0
          },
          {
            "name": "prop.drum.band.0",
            "assetVersion": 1,
            "assetSerial": 62,
            "publishes": 0
          },
          {
            "name": "prop.drum.band.1",
            "assetVersion": 1,
            "assetSerial": 63,
            "publishes": 0
          },
          {
            "name": "prop.bollard",
            "assetVersion": 1,
            "assetSerial": 64,
            "publishes": 0
          },
          {
            "name": "prop.bollard.cap",
            "assetVersion": 1,
            "assetSerial": 65,
            "publishes": 0
          }
        ],
        "definitions": {
          "sceneId": "UUID allocated once inside and stored on the actual ECS world; original world reference checked at every publication.",
          "entityId": "Native ECS index:generation, obtained from serializeEntityRef; no author-assigned substitute.",
          "meshId": "Native stable MeshHandle.id used by the ECS MeshRenderer and asset registry.",
          "entityCount": "Actual world.entityVersionTrackingSize(), covering live mesh, camera and light entities.",
          "meshAssetReplacements": "Successful meshes.publish calls that replace an existing native MeshAsset object; initial assets are separate.",
          "publishedVertexArrayReplacements": "New published vertex stream typed-array objects, separate from real GPUBuffer counters.",
          "publishedIndexArrayReplacements": "New published native index typed-array objects, excluding nonindexed draws.",
          "entityCreateCalls": "Observed actual world.createEntity calls since author system init, including camera and lights.",
          "entityDestroyCalls": "Observed destroy calls on entities returned by that native world.",
          "assetSerial": "Observation number of actual native MeshAsset object creation/publication; it changes on replacement and is not a mesh identity."
        }
      }
    },
    {
      "rawBytesChecked": 220704,
      "rawBuffersChecked": 66,
      "negativeZeros": 444,
      "rawResetEquivalent": true,
      "id": "s10-c1-reset-pipe",
      "revision": 11,
      "snapshotFrame": 10,
      "meshCount": 65,
      "entityCount": 70,
      "nativeChecks": 261,
      "nativeChecksOk": true,
      "identityStable": true,
      "resetEquivalent": true,
      "snapshotDrawCount": 65,
      "resources": {
        "initialMeshAssets": 65,
        "meshAssetReplacements": 134,
        "publishedVertexArrayReplacements": 134,
        "publishedIndexArrayReplacements": 2,
        "entityCreateCalls": 70,
        "entityDestroyCalls": 0,
        "currentMeshAssets": 65,
        "changedMeshes": [
          {
            "name": "pipe.hollow-elbow.outer",
            "version": 3
          },
          {
            "name": "pipe.hollow-elbow.inner",
            "version": 3
          },
          {
            "name": "pipe.hollow-elbow.rims",
            "version": 3
          }
        ],
        "assetVersions": [
          {
            "name": "courtyard.slab",
            "assetVersion": 1,
            "assetSerial": 1,
            "publishes": 0
          },
          {
            "name": "platform.lower",
            "assetVersion": 1,
            "assetSerial": 2,
            "publishes": 0
          },
          {
            "name": "platform.middle",
            "assetVersion": 1,
            "assetSerial": 3,
            "publishes": 0
          },
          {
            "name": "platform.upper",
            "assetVersion": 1,
            "assetSerial": 4,
            "publishes": 0
          },
          {
            "name": "crane.foot",
            "assetVersion": 1,
            "assetSerial": 5,
            "publishes": 0
          },
          {
            "name": "crane.turntable",
            "assetVersion": 1,
            "assetSerial": 6,
            "publishes": 0
          },
          {
            "name": "crane.pedestal",
            "assetVersion": 1,
            "assetSerial": 7,
            "publishes": 0
          },
          {
            "name": "crane.counterweight",
            "assetVersion": 1,
            "assetSerial": 8,
            "publishes": 0
          },
          {
            "name": "crane.boom.lower",
            "assetVersion": 3,
            "assetSerial": 88,
            "publishes": 2
          },
          {
            "name": "crane.boom.upper",
            "assetVersion": 5,
            "assetSerial": 126,
            "publishes": 4
          },
          {
            "name": "crane.pin.shoulder",
            "assetVersion": 1,
            "assetSerial": 11,
            "publishes": 0
          },
          {
            "name": "crane.pin-cap.shoulder",
            "assetVersion": 1,
            "assetSerial": 12,
            "publishes": 0
          },
          {
            "name": "crane.pin.elbow",
            "assetVersion": 3,
            "assetSerial": 90,
            "publishes": 2
          },
          {
            "name": "crane.pin-cap.elbow",
            "assetVersion": 3,
            "assetSerial": 91,
            "publishes": 2
          },
          {
            "name": "crane.pin.tip",
            "assetVersion": 5,
            "assetSerial": 127,
            "publishes": 4
          },
          {
            "name": "crane.pin-cap.tip",
            "assetVersion": 5,
            "assetSerial": 128,
            "publishes": 4
          },
          {
            "name": "crane.hydraulic-mount",
            "assetVersion": 1,
            "assetSerial": 17,
            "publishes": 0
          },
          {
            "name": "crane.hydraulic.body",
            "assetVersion": 3,
            "assetSerial": 94,
            "publishes": 2
          },
          {
            "name": "crane.hydraulic.rod",
            "assetVersion": 3,
            "assetSerial": 95,
            "publishes": 2
          },
          {
            "name": "crane.hydraulic.eye.base",
            "assetVersion": 1,
            "assetSerial": 20,
            "publishes": 0
          },
          {
            "name": "crane.hydraulic.eye.boom",
            "assetVersion": 3,
            "assetSerial": 96,
            "publishes": 2
          },
          {
            "name": "crane.hoist.cable",
            "assetVersion": 7,
            "assetSerial": 155,
            "publishes": 6
          },
          {
            "name": "crane.hook",
            "assetVersion": 7,
            "assetSerial": 156,
            "publishes": 6
          },
          {
            "name": "crane.load.body",
            "assetVersion": 7,
            "assetSerial": 157,
            "publishes": 6
          },
          {
            "name": "crane.load.strap-front.0",
            "assetVersion": 7,
            "assetSerial": 158,
            "publishes": 6
          },
          {
            "name": "crane.load.strap-back.0",
            "assetVersion": 7,
            "assetSerial": 159,
            "publishes": 6
          },
          {
            "name": "crane.load.strap-top.0",
            "assetVersion": 7,
            "assetSerial": 160,
            "publishes": 6
          },
          {
            "name": "crane.load.strap-front.1",
            "assetVersion": 7,
            "assetSerial": 161,
            "publishes": 6
          },
          {
            "name": "crane.load.strap-back.1",
            "assetVersion": 7,
            "assetSerial": 162,
            "publishes": 6
          },
          {
            "name": "crane.load.strap-top.1",
            "assetVersion": 7,
            "assetSerial": 163,
            "publishes": 6
          },
          {
            "name": "crane.sling.0",
            "assetVersion": 7,
            "assetSerial": 164,
            "publishes": 6
          },
          {
            "name": "crane.sling.1",
            "assetVersion": 7,
            "assetSerial": 165,
            "publishes": 6
          },
          {
            "name": "crane.sling.2",
            "assetVersion": 7,
            "assetSerial": 166,
            "publishes": 6
          },
          {
            "name": "crane.sling.3",
            "assetVersion": 7,
            "assetSerial": 167,
            "publishes": 6
          },
          {
            "name": "wall.body.continuous",
            "assetVersion": 3,
            "assetSerial": 181,
            "publishes": 2
          },
          {
            "name": "wall.arch.00",
            "assetVersion": 3,
            "assetSerial": 182,
            "publishes": 2
          },
          {
            "name": "wall.arch.01",
            "assetVersion": 3,
            "assetSerial": 183,
            "publishes": 2
          },
          {
            "name": "wall.arch.02",
            "assetVersion": 3,
            "assetSerial": 184,
            "publishes": 2
          },
          {
            "name": "wall.arch.03",
            "assetVersion": 3,
            "assetSerial": 185,
            "publishes": 2
          },
          {
            "name": "wall.arch.04",
            "assetVersion": 3,
            "assetSerial": 186,
            "publishes": 2
          },
          {
            "name": "wall.arch.05",
            "assetVersion": 3,
            "assetSerial": 187,
            "publishes": 2
          },
          {
            "name": "wall.arch.06",
            "assetVersion": 3,
            "assetSerial": 188,
            "publishes": 2
          },
          {
            "name": "wall.arch.07",
            "assetVersion": 3,
            "assetSerial": 189,
            "publishes": 2
          },
          {
            "name": "wall.arch.08",
            "assetVersion": 3,
            "assetSerial": 190,
            "publishes": 2
          },
          {
            "name": "wall.arch.09",
            "assetVersion": 3,
            "assetSerial": 191,
            "publishes": 2
          },
          {
            "name": "wall.arch.10",
            "assetVersion": 3,
            "assetSerial": 192,
            "publishes": 2
          },
          {
            "name": "wall.arch.11",
            "assetVersion": 3,
            "assetSerial": 193,
            "publishes": 2
          },
          {
            "name": "wall.cap",
            "assetVersion": 1,
            "assetSerial": 48,
            "publishes": 0
          },
          {
            "name": "wall.lamp.backplate",
            "assetVersion": 1,
            "assetSerial": 49,
            "publishes": 0
          },
          {
            "name": "wall.lamp.diffuser",
            "assetVersion": 1,
            "assetSerial": 50,
            "publishes": 0
          },
          {
            "name": "pipe.hollow-elbow.outer",
            "assetVersion": 3,
            "assetSerial": 197,
            "publishes": 2
          },
          {
            "name": "pipe.hollow-elbow.inner",
            "assetVersion": 3,
            "assetSerial": 198,
            "publishes": 2
          },
          {
            "name": "pipe.hollow-elbow.rims",
            "assetVersion": 3,
            "assetSerial": 199,
            "publishes": 2
          },
          {
            "name": "prop.crate.body",
            "assetVersion": 1,
            "assetSerial": 54,
            "publishes": 0
          },
          {
            "name": "prop.crate.strap-front.0",
            "assetVersion": 1,
            "assetSerial": 55,
            "publishes": 0
          },
          {
            "name": "prop.crate.strap-back.0",
            "assetVersion": 1,
            "assetSerial": 56,
            "publishes": 0
          },
          {
            "name": "prop.crate.strap-top.0",
            "assetVersion": 1,
            "assetSerial": 57,
            "publishes": 0
          },
          {
            "name": "prop.crate.strap-front.1",
            "assetVersion": 1,
            "assetSerial": 58,
            "publishes": 0
          },
          {
            "name": "prop.crate.strap-back.1",
            "assetVersion": 1,
            "assetSerial": 59,
            "publishes": 0
          },
          {
            "name": "prop.crate.strap-top.1",
            "assetVersion": 1,
            "assetSerial": 60,
            "publishes": 0
          },
          {
            "name": "prop.drum.body",
            "assetVersion": 1,
            "assetSerial": 61,
            "publishes": 0
          },
          {
            "name": "prop.drum.band.0",
            "assetVersion": 1,
            "assetSerial": 62,
            "publishes": 0
          },
          {
            "name": "prop.drum.band.1",
            "assetVersion": 1,
            "assetSerial": 63,
            "publishes": 0
          },
          {
            "name": "prop.bollard",
            "assetVersion": 1,
            "assetSerial": 64,
            "publishes": 0
          },
          {
            "name": "prop.bollard.cap",
            "assetVersion": 1,
            "assetSerial": 65,
            "publishes": 0
          }
        ],
        "definitions": {
          "sceneId": "UUID allocated once inside and stored on the actual ECS world; original world reference checked at every publication.",
          "entityId": "Native ECS index:generation, obtained from serializeEntityRef; no author-assigned substitute.",
          "meshId": "Native stable MeshHandle.id used by the ECS MeshRenderer and asset registry.",
          "entityCount": "Actual world.entityVersionTrackingSize(), covering live mesh, camera and light entities.",
          "meshAssetReplacements": "Successful meshes.publish calls that replace an existing native MeshAsset object; initial assets are separate.",
          "publishedVertexArrayReplacements": "New published vertex stream typed-array objects, separate from real GPUBuffer counters.",
          "publishedIndexArrayReplacements": "New published native index typed-array objects, excluding nonindexed draws.",
          "entityCreateCalls": "Observed actual world.createEntity calls since author system init, including camera and lights.",
          "entityDestroyCalls": "Observed destroy calls on entities returned by that native world.",
          "assetSerial": "Observation number of actual native MeshAsset object creation/publication; it changes on replacement and is not a mesh identity."
        }
      }
    },
    {
      "rawBytesChecked": 220704,
      "rawBuffersChecked": 66,
      "negativeZeros": 444,
      "rawResetEquivalent": true,
      "id": "s11-c1-tier",
      "revision": 12,
      "snapshotFrame": 11,
      "meshCount": 65,
      "entityCount": 70,
      "nativeChecks": 261,
      "nativeChecksOk": true,
      "identityStable": true,
      "resetEquivalent": true,
      "snapshotDrawCount": 65,
      "resources": {
        "initialMeshAssets": 65,
        "meshAssetReplacements": 165,
        "publishedVertexArrayReplacements": 165,
        "publishedIndexArrayReplacements": 2,
        "entityCreateCalls": 70,
        "entityDestroyCalls": 0,
        "currentMeshAssets": 65,
        "changedMeshes": [
          {
            "name": "platform.upper",
            "version": 2
          },
          {
            "name": "crane.foot",
            "version": 2
          },
          {
            "name": "crane.turntable",
            "version": 2
          },
          {
            "name": "crane.pedestal",
            "version": 2
          },
          {
            "name": "crane.counterweight",
            "version": 2
          },
          {
            "name": "crane.boom.lower",
            "version": 4
          },
          {
            "name": "crane.boom.upper",
            "version": 6
          },
          {
            "name": "crane.pin.shoulder",
            "version": 2
          },
          {
            "name": "crane.pin-cap.shoulder",
            "version": 2
          },
          {
            "name": "crane.pin.elbow",
            "version": 4
          },
          {
            "name": "crane.pin-cap.elbow",
            "version": 4
          },
          {
            "name": "crane.pin.tip",
            "version": 6
          },
          {
            "name": "crane.pin-cap.tip",
            "version": 6
          },
          {
            "name": "crane.hydraulic-mount",
            "version": 2
          },
          {
            "name": "crane.hydraulic.body",
            "version": 4
          },
          {
            "name": "crane.hydraulic.rod",
            "version": 4
          },
          {
            "name": "crane.hydraulic.eye.base",
            "version": 2
          },
          {
            "name": "crane.hydraulic.eye.boom",
            "version": 4
          },
          {
            "name": "crane.hoist.cable",
            "version": 8
          },
          {
            "name": "crane.hook",
            "version": 8
          },
          {
            "name": "crane.load.body",
            "version": 8
          },
          {
            "name": "crane.load.strap-front.0",
            "version": 8
          },
          {
            "name": "crane.load.strap-back.0",
            "version": 8
          },
          {
            "name": "crane.load.strap-top.0",
            "version": 8
          },
          {
            "name": "crane.load.strap-front.1",
            "version": 8
          },
          {
            "name": "crane.load.strap-back.1",
            "version": 8
          },
          {
            "name": "crane.load.strap-top.1",
            "version": 8
          },
          {
            "name": "crane.sling.0",
            "version": 8
          },
          {
            "name": "crane.sling.1",
            "version": 8
          },
          {
            "name": "crane.sling.2",
            "version": 8
          },
          {
            "name": "crane.sling.3",
            "version": 8
          }
        ],
        "assetVersions": [
          {
            "name": "courtyard.slab",
            "assetVersion": 1,
            "assetSerial": 1,
            "publishes": 0
          },
          {
            "name": "platform.lower",
            "assetVersion": 1,
            "assetSerial": 2,
            "publishes": 0
          },
          {
            "name": "platform.middle",
            "assetVersion": 1,
            "assetSerial": 3,
            "publishes": 0
          },
          {
            "name": "platform.upper",
            "assetVersion": 2,
            "assetSerial": 200,
            "publishes": 1
          },
          {
            "name": "crane.foot",
            "assetVersion": 2,
            "assetSerial": 201,
            "publishes": 1
          },
          {
            "name": "crane.turntable",
            "assetVersion": 2,
            "assetSerial": 202,
            "publishes": 1
          },
          {
            "name": "crane.pedestal",
            "assetVersion": 2,
            "assetSerial": 203,
            "publishes": 1
          },
          {
            "name": "crane.counterweight",
            "assetVersion": 2,
            "assetSerial": 204,
            "publishes": 1
          },
          {
            "name": "crane.boom.lower",
            "assetVersion": 4,
            "assetSerial": 205,
            "publishes": 3
          },
          {
            "name": "crane.boom.upper",
            "assetVersion": 6,
            "assetSerial": 206,
            "publishes": 5
          },
          {
            "name": "crane.pin.shoulder",
            "assetVersion": 2,
            "assetSerial": 207,
            "publishes": 1
          },
          {
            "name": "crane.pin-cap.shoulder",
            "assetVersion": 2,
            "assetSerial": 208,
            "publishes": 1
          },
          {
            "name": "crane.pin.elbow",
            "assetVersion": 4,
            "assetSerial": 209,
            "publishes": 3
          },
          {
            "name": "crane.pin-cap.elbow",
            "assetVersion": 4,
            "assetSerial": 210,
            "publishes": 3
          },
          {
            "name": "crane.pin.tip",
            "assetVersion": 6,
            "assetSerial": 211,
            "publishes": 5
          },
          {
            "name": "crane.pin-cap.tip",
            "assetVersion": 6,
            "assetSerial": 212,
            "publishes": 5
          },
          {
            "name": "crane.hydraulic-mount",
            "assetVersion": 2,
            "assetSerial": 213,
            "publishes": 1
          },
          {
            "name": "crane.hydraulic.body",
            "assetVersion": 4,
            "assetSerial": 214,
            "publishes": 3
          },
          {
            "name": "crane.hydraulic.rod",
            "assetVersion": 4,
            "assetSerial": 215,
            "publishes": 3
          },
          {
            "name": "crane.hydraulic.eye.base",
            "assetVersion": 2,
            "assetSerial": 216,
            "publishes": 1
          },
          {
            "name": "crane.hydraulic.eye.boom",
            "assetVersion": 4,
            "assetSerial": 217,
            "publishes": 3
          },
          {
            "name": "crane.hoist.cable",
            "assetVersion": 8,
            "assetSerial": 218,
            "publishes": 7
          },
          {
            "name": "crane.hook",
            "assetVersion": 8,
            "assetSerial": 219,
            "publishes": 7
          },
          {
            "name": "crane.load.body",
            "assetVersion": 8,
            "assetSerial": 220,
            "publishes": 7
          },
          {
            "name": "crane.load.strap-front.0",
            "assetVersion": 8,
            "assetSerial": 221,
            "publishes": 7
          },
          {
            "name": "crane.load.strap-back.0",
            "assetVersion": 8,
            "assetSerial": 222,
            "publishes": 7
          },
          {
            "name": "crane.load.strap-top.0",
            "assetVersion": 8,
            "assetSerial": 223,
            "publishes": 7
          },
          {
            "name": "crane.load.strap-front.1",
            "assetVersion": 8,
            "assetSerial": 224,
            "publishes": 7
          },
          {
            "name": "crane.load.strap-back.1",
            "assetVersion": 8,
            "assetSerial": 225,
            "publishes": 7
          },
          {
            "name": "crane.load.strap-top.1",
            "assetVersion": 8,
            "assetSerial": 226,
            "publishes": 7
          },
          {
            "name": "crane.sling.0",
            "assetVersion": 8,
            "assetSerial": 227,
            "publishes": 7
          },
          {
            "name": "crane.sling.1",
            "assetVersion": 8,
            "assetSerial": 228,
            "publishes": 7
          },
          {
            "name": "crane.sling.2",
            "assetVersion": 8,
            "assetSerial": 229,
            "publishes": 7
          },
          {
            "name": "crane.sling.3",
            "assetVersion": 8,
            "assetSerial": 230,
            "publishes": 7
          },
          {
            "name": "wall.body.continuous",
            "assetVersion": 3,
            "assetSerial": 181,
            "publishes": 2
          },
          {
            "name": "wall.arch.00",
            "assetVersion": 3,
            "assetSerial": 182,
            "publishes": 2
          },
          {
            "name": "wall.arch.01",
            "assetVersion": 3,
            "assetSerial": 183,
            "publishes": 2
          },
          {
            "name": "wall.arch.02",
            "assetVersion": 3,
            "assetSerial": 184,
            "publishes": 2
          },
          {
            "name": "wall.arch.03",
            "assetVersion": 3,
            "assetSerial": 185,
            "publishes": 2
          },
          {
            "name": "wall.arch.04",
            "assetVersion": 3,
            "assetSerial": 186,
            "publishes": 2
          },
          {
            "name": "wall.arch.05",
            "assetVersion": 3,
            "assetSerial": 187,
            "publishes": 2
          },
          {
            "name": "wall.arch.06",
            "assetVersion": 3,
            "assetSerial": 188,
            "publishes": 2
          },
          {
            "name": "wall.arch.07",
            "assetVersion": 3,
            "assetSerial": 189,
            "publishes": 2
          },
          {
            "name": "wall.arch.08",
            "assetVersion": 3,
            "assetSerial": 190,
            "publishes": 2
          },
          {
            "name": "wall.arch.09",
            "assetVersion": 3,
            "assetSerial": 191,
            "publishes": 2
          },
          {
            "name": "wall.arch.10",
            "assetVersion": 3,
            "assetSerial": 192,
            "publishes": 2
          },
          {
            "name": "wall.arch.11",
            "assetVersion": 3,
            "assetSerial": 193,
            "publishes": 2
          },
          {
            "name": "wall.cap",
            "assetVersion": 1,
            "assetSerial": 48,
            "publishes": 0
          },
          {
            "name": "wall.lamp.backplate",
            "assetVersion": 1,
            "assetSerial": 49,
            "publishes": 0
          },
          {
            "name": "wall.lamp.diffuser",
            "assetVersion": 1,
            "assetSerial": 50,
            "publishes": 0
          },
          {
            "name": "pipe.hollow-elbow.outer",
            "assetVersion": 3,
            "assetSerial": 197,
            "publishes": 2
          },
          {
            "name": "pipe.hollow-elbow.inner",
            "assetVersion": 3,
            "assetSerial": 198,
            "publishes": 2
          },
          {
            "name": "pipe.hollow-elbow.rims",
            "assetVersion": 3,
            "assetSerial": 199,
            "publishes": 2
          },
          {
            "name": "prop.crate.body",
            "assetVersion": 1,
            "assetSerial": 54,
            "publishes": 0
          },
          {
            "name": "prop.crate.strap-front.0",
            "assetVersion": 1,
            "assetSerial": 55,
            "publishes": 0
          },
          {
            "name": "prop.crate.strap-back.0",
            "assetVersion": 1,
            "assetSerial": 56,
            "publishes": 0
          },
          {
            "name": "prop.crate.strap-top.0",
            "assetVersion": 1,
            "assetSerial": 57,
            "publishes": 0
          },
          {
            "name": "prop.crate.strap-front.1",
            "assetVersion": 1,
            "assetSerial": 58,
            "publishes": 0
          },
          {
            "name": "prop.crate.strap-back.1",
            "assetVersion": 1,
            "assetSerial": 59,
            "publishes": 0
          },
          {
            "name": "prop.crate.strap-top.1",
            "assetVersion": 1,
            "assetSerial": 60,
            "publishes": 0
          },
          {
            "name": "prop.drum.body",
            "assetVersion": 1,
            "assetSerial": 61,
            "publishes": 0
          },
          {
            "name": "prop.drum.band.0",
            "assetVersion": 1,
            "assetSerial": 62,
            "publishes": 0
          },
          {
            "name": "prop.drum.band.1",
            "assetVersion": 1,
            "assetSerial": 63,
            "publishes": 0
          },
          {
            "name": "prop.bollard",
            "assetVersion": 1,
            "assetSerial": 64,
            "publishes": 0
          },
          {
            "name": "prop.bollard.cap",
            "assetVersion": 1,
            "assetSerial": 65,
            "publishes": 0
          }
        ],
        "definitions": {
          "sceneId": "UUID allocated once inside and stored on the actual ECS world; original world reference checked at every publication.",
          "entityId": "Native ECS index:generation, obtained from serializeEntityRef; no author-assigned substitute.",
          "meshId": "Native stable MeshHandle.id used by the ECS MeshRenderer and asset registry.",
          "entityCount": "Actual world.entityVersionTrackingSize(), covering live mesh, camera and light entities.",
          "meshAssetReplacements": "Successful meshes.publish calls that replace an existing native MeshAsset object; initial assets are separate.",
          "publishedVertexArrayReplacements": "New published vertex stream typed-array objects, separate from real GPUBuffer counters.",
          "publishedIndexArrayReplacements": "New published native index typed-array objects, excluding nonindexed draws.",
          "entityCreateCalls": "Observed actual world.createEntity calls since author system init, including camera and lights.",
          "entityDestroyCalls": "Observed destroy calls on entities returned by that native world.",
          "assetSerial": "Observation number of actual native MeshAsset object creation/publication; it changes on replacement and is not a mesh identity."
        }
      }
    },
    {
      "rawBytesChecked": 220704,
      "rawBuffersChecked": 66,
      "negativeZeros": 444,
      "rawResetEquivalent": true,
      "id": "s12-c1-reset-tier",
      "revision": 13,
      "snapshotFrame": 12,
      "meshCount": 65,
      "entityCount": 70,
      "nativeChecks": 261,
      "nativeChecksOk": true,
      "identityStable": true,
      "resetEquivalent": true,
      "snapshotDrawCount": 65,
      "resources": {
        "initialMeshAssets": 65,
        "meshAssetReplacements": 196,
        "publishedVertexArrayReplacements": 196,
        "publishedIndexArrayReplacements": 2,
        "entityCreateCalls": 70,
        "entityDestroyCalls": 0,
        "currentMeshAssets": 65,
        "changedMeshes": [
          {
            "name": "platform.upper",
            "version": 3
          },
          {
            "name": "crane.foot",
            "version": 3
          },
          {
            "name": "crane.turntable",
            "version": 3
          },
          {
            "name": "crane.pedestal",
            "version": 3
          },
          {
            "name": "crane.counterweight",
            "version": 3
          },
          {
            "name": "crane.boom.lower",
            "version": 5
          },
          {
            "name": "crane.boom.upper",
            "version": 7
          },
          {
            "name": "crane.pin.shoulder",
            "version": 3
          },
          {
            "name": "crane.pin-cap.shoulder",
            "version": 3
          },
          {
            "name": "crane.pin.elbow",
            "version": 5
          },
          {
            "name": "crane.pin-cap.elbow",
            "version": 5
          },
          {
            "name": "crane.pin.tip",
            "version": 7
          },
          {
            "name": "crane.pin-cap.tip",
            "version": 7
          },
          {
            "name": "crane.hydraulic-mount",
            "version": 3
          },
          {
            "name": "crane.hydraulic.body",
            "version": 5
          },
          {
            "name": "crane.hydraulic.rod",
            "version": 5
          },
          {
            "name": "crane.hydraulic.eye.base",
            "version": 3
          },
          {
            "name": "crane.hydraulic.eye.boom",
            "version": 5
          },
          {
            "name": "crane.hoist.cable",
            "version": 9
          },
          {
            "name": "crane.hook",
            "version": 9
          },
          {
            "name": "crane.load.body",
            "version": 9
          },
          {
            "name": "crane.load.strap-front.0",
            "version": 9
          },
          {
            "name": "crane.load.strap-back.0",
            "version": 9
          },
          {
            "name": "crane.load.strap-top.0",
            "version": 9
          },
          {
            "name": "crane.load.strap-front.1",
            "version": 9
          },
          {
            "name": "crane.load.strap-back.1",
            "version": 9
          },
          {
            "name": "crane.load.strap-top.1",
            "version": 9
          },
          {
            "name": "crane.sling.0",
            "version": 9
          },
          {
            "name": "crane.sling.1",
            "version": 9
          },
          {
            "name": "crane.sling.2",
            "version": 9
          },
          {
            "name": "crane.sling.3",
            "version": 9
          }
        ],
        "assetVersions": [
          {
            "name": "courtyard.slab",
            "assetVersion": 1,
            "assetSerial": 1,
            "publishes": 0
          },
          {
            "name": "platform.lower",
            "assetVersion": 1,
            "assetSerial": 2,
            "publishes": 0
          },
          {
            "name": "platform.middle",
            "assetVersion": 1,
            "assetSerial": 3,
            "publishes": 0
          },
          {
            "name": "platform.upper",
            "assetVersion": 3,
            "assetSerial": 231,
            "publishes": 2
          },
          {
            "name": "crane.foot",
            "assetVersion": 3,
            "assetSerial": 232,
            "publishes": 2
          },
          {
            "name": "crane.turntable",
            "assetVersion": 3,
            "assetSerial": 233,
            "publishes": 2
          },
          {
            "name": "crane.pedestal",
            "assetVersion": 3,
            "assetSerial": 234,
            "publishes": 2
          },
          {
            "name": "crane.counterweight",
            "assetVersion": 3,
            "assetSerial": 235,
            "publishes": 2
          },
          {
            "name": "crane.boom.lower",
            "assetVersion": 5,
            "assetSerial": 236,
            "publishes": 4
          },
          {
            "name": "crane.boom.upper",
            "assetVersion": 7,
            "assetSerial": 237,
            "publishes": 6
          },
          {
            "name": "crane.pin.shoulder",
            "assetVersion": 3,
            "assetSerial": 238,
            "publishes": 2
          },
          {
            "name": "crane.pin-cap.shoulder",
            "assetVersion": 3,
            "assetSerial": 239,
            "publishes": 2
          },
          {
            "name": "crane.pin.elbow",
            "assetVersion": 5,
            "assetSerial": 240,
            "publishes": 4
          },
          {
            "name": "crane.pin-cap.elbow",
            "assetVersion": 5,
            "assetSerial": 241,
            "publishes": 4
          },
          {
            "name": "crane.pin.tip",
            "assetVersion": 7,
            "assetSerial": 242,
            "publishes": 6
          },
          {
            "name": "crane.pin-cap.tip",
            "assetVersion": 7,
            "assetSerial": 243,
            "publishes": 6
          },
          {
            "name": "crane.hydraulic-mount",
            "assetVersion": 3,
            "assetSerial": 244,
            "publishes": 2
          },
          {
            "name": "crane.hydraulic.body",
            "assetVersion": 5,
            "assetSerial": 245,
            "publishes": 4
          },
          {
            "name": "crane.hydraulic.rod",
            "assetVersion": 5,
            "assetSerial": 246,
            "publishes": 4
          },
          {
            "name": "crane.hydraulic.eye.base",
            "assetVersion": 3,
            "assetSerial": 247,
            "publishes": 2
          },
          {
            "name": "crane.hydraulic.eye.boom",
            "assetVersion": 5,
            "assetSerial": 248,
            "publishes": 4
          },
          {
            "name": "crane.hoist.cable",
            "assetVersion": 9,
            "assetSerial": 249,
            "publishes": 8
          },
          {
            "name": "crane.hook",
            "assetVersion": 9,
            "assetSerial": 250,
            "publishes": 8
          },
          {
            "name": "crane.load.body",
            "assetVersion": 9,
            "assetSerial": 251,
            "publishes": 8
          },
          {
            "name": "crane.load.strap-front.0",
            "assetVersion": 9,
            "assetSerial": 252,
            "publishes": 8
          },
          {
            "name": "crane.load.strap-back.0",
            "assetVersion": 9,
            "assetSerial": 253,
            "publishes": 8
          },
          {
            "name": "crane.load.strap-top.0",
            "assetVersion": 9,
            "assetSerial": 254,
            "publishes": 8
          },
          {
            "name": "crane.load.strap-front.1",
            "assetVersion": 9,
            "assetSerial": 255,
            "publishes": 8
          },
          {
            "name": "crane.load.strap-back.1",
            "assetVersion": 9,
            "assetSerial": 256,
            "publishes": 8
          },
          {
            "name": "crane.load.strap-top.1",
            "assetVersion": 9,
            "assetSerial": 257,
            "publishes": 8
          },
          {
            "name": "crane.sling.0",
            "assetVersion": 9,
            "assetSerial": 258,
            "publishes": 8
          },
          {
            "name": "crane.sling.1",
            "assetVersion": 9,
            "assetSerial": 259,
            "publishes": 8
          },
          {
            "name": "crane.sling.2",
            "assetVersion": 9,
            "assetSerial": 260,
            "publishes": 8
          },
          {
            "name": "crane.sling.3",
            "assetVersion": 9,
            "assetSerial": 261,
            "publishes": 8
          },
          {
            "name": "wall.body.continuous",
            "assetVersion": 3,
            "assetSerial": 181,
            "publishes": 2
          },
          {
            "name": "wall.arch.00",
            "assetVersion": 3,
            "assetSerial": 182,
            "publishes": 2
          },
          {
            "name": "wall.arch.01",
            "assetVersion": 3,
            "assetSerial": 183,
            "publishes": 2
          },
          {
            "name": "wall.arch.02",
            "assetVersion": 3,
            "assetSerial": 184,
            "publishes": 2
          },
          {
            "name": "wall.arch.03",
            "assetVersion": 3,
            "assetSerial": 185,
            "publishes": 2
          },
          {
            "name": "wall.arch.04",
            "assetVersion": 3,
            "assetSerial": 186,
            "publishes": 2
          },
          {
            "name": "wall.arch.05",
            "assetVersion": 3,
            "assetSerial": 187,
            "publishes": 2
          },
          {
            "name": "wall.arch.06",
            "assetVersion": 3,
            "assetSerial": 188,
            "publishes": 2
          },
          {
            "name": "wall.arch.07",
            "assetVersion": 3,
            "assetSerial": 189,
            "publishes": 2
          },
          {
            "name": "wall.arch.08",
            "assetVersion": 3,
            "assetSerial": 190,
            "publishes": 2
          },
          {
            "name": "wall.arch.09",
            "assetVersion": 3,
            "assetSerial": 191,
            "publishes": 2
          },
          {
            "name": "wall.arch.10",
            "assetVersion": 3,
            "assetSerial": 192,
            "publishes": 2
          },
          {
            "name": "wall.arch.11",
            "assetVersion": 3,
            "assetSerial": 193,
            "publishes": 2
          },
          {
            "name": "wall.cap",
            "assetVersion": 1,
            "assetSerial": 48,
            "publishes": 0
          },
          {
            "name": "wall.lamp.backplate",
            "assetVersion": 1,
            "assetSerial": 49,
            "publishes": 0
          },
          {
            "name": "wall.lamp.diffuser",
            "assetVersion": 1,
            "assetSerial": 50,
            "publishes": 0
          },
          {
            "name": "pipe.hollow-elbow.outer",
            "assetVersion": 3,
            "assetSerial": 197,
            "publishes": 2
          },
          {
            "name": "pipe.hollow-elbow.inner",
            "assetVersion": 3,
            "assetSerial": 198,
            "publishes": 2
          },
          {
            "name": "pipe.hollow-elbow.rims",
            "assetVersion": 3,
            "assetSerial": 199,
            "publishes": 2
          },
          {
            "name": "prop.crate.body",
            "assetVersion": 1,
            "assetSerial": 54,
            "publishes": 0
          },
          {
            "name": "prop.crate.strap-front.0",
            "assetVersion": 1,
            "assetSerial": 55,
            "publishes": 0
          },
          {
            "name": "prop.crate.strap-back.0",
            "assetVersion": 1,
            "assetSerial": 56,
            "publishes": 0
          },
          {
            "name": "prop.crate.strap-top.0",
            "assetVersion": 1,
            "assetSerial": 57,
            "publishes": 0
          },
          {
            "name": "prop.crate.strap-front.1",
            "assetVersion": 1,
            "assetSerial": 58,
            "publishes": 0
          },
          {
            "name": "prop.crate.strap-back.1",
            "assetVersion": 1,
            "assetSerial": 59,
            "publishes": 0
          },
          {
            "name": "prop.crate.strap-top.1",
            "assetVersion": 1,
            "assetSerial": 60,
            "publishes": 0
          },
          {
            "name": "prop.drum.body",
            "assetVersion": 1,
            "assetSerial": 61,
            "publishes": 0
          },
          {
            "name": "prop.drum.band.0",
            "assetVersion": 1,
            "assetSerial": 62,
            "publishes": 0
          },
          {
            "name": "prop.drum.band.1",
            "assetVersion": 1,
            "assetSerial": 63,
            "publishes": 0
          },
          {
            "name": "prop.bollard",
            "assetVersion": 1,
            "assetSerial": 64,
            "publishes": 0
          },
          {
            "name": "prop.bollard.cap",
            "assetVersion": 1,
            "assetSerial": 65,
            "publishes": 0
          }
        ],
        "definitions": {
          "sceneId": "UUID allocated once inside and stored on the actual ECS world; original world reference checked at every publication.",
          "entityId": "Native ECS index:generation, obtained from serializeEntityRef; no author-assigned substitute.",
          "meshId": "Native stable MeshHandle.id used by the ECS MeshRenderer and asset registry.",
          "entityCount": "Actual world.entityVersionTrackingSize(), covering live mesh, camera and light entities.",
          "meshAssetReplacements": "Successful meshes.publish calls that replace an existing native MeshAsset object; initial assets are separate.",
          "publishedVertexArrayReplacements": "New published vertex stream typed-array objects, separate from real GPUBuffer counters.",
          "publishedIndexArrayReplacements": "New published native index typed-array objects, excluding nonindexed draws.",
          "entityCreateCalls": "Observed actual world.createEntity calls since author system init, including camera and lights.",
          "entityDestroyCalls": "Observed destroy calls on entities returned by that native world.",
          "assetSerial": "Observation number of actual native MeshAsset object creation/publication; it changes on replacement and is not a mesh identity."
        }
      }
    },
    {
      "rawBytesChecked": 220704,
      "rawBuffersChecked": 66,
      "negativeZeros": 384,
      "rawResetEquivalent": true,
      "id": "s13-c1-assembly",
      "revision": 14,
      "snapshotFrame": 13,
      "meshCount": 65,
      "entityCount": 70,
      "nativeChecks": 261,
      "nativeChecksOk": true,
      "identityStable": true,
      "resetEquivalent": true,
      "snapshotDrawCount": 65,
      "resources": {
        "initialMeshAssets": 65,
        "meshAssetReplacements": 229,
        "publishedVertexArrayReplacements": 229,
        "publishedIndexArrayReplacements": 2,
        "entityCreateCalls": 70,
        "entityDestroyCalls": 0,
        "currentMeshAssets": 65,
        "changedMeshes": [
          {
            "name": "platform.lower",
            "version": 2
          },
          {
            "name": "platform.middle",
            "version": 2
          },
          {
            "name": "platform.upper",
            "version": 4
          },
          {
            "name": "crane.foot",
            "version": 4
          },
          {
            "name": "crane.turntable",
            "version": 4
          },
          {
            "name": "crane.pedestal",
            "version": 4
          },
          {
            "name": "crane.counterweight",
            "version": 4
          },
          {
            "name": "crane.boom.lower",
            "version": 6
          },
          {
            "name": "crane.boom.upper",
            "version": 8
          },
          {
            "name": "crane.pin.shoulder",
            "version": 4
          },
          {
            "name": "crane.pin-cap.shoulder",
            "version": 4
          },
          {
            "name": "crane.pin.elbow",
            "version": 6
          },
          {
            "name": "crane.pin-cap.elbow",
            "version": 6
          },
          {
            "name": "crane.pin.tip",
            "version": 8
          },
          {
            "name": "crane.pin-cap.tip",
            "version": 8
          },
          {
            "name": "crane.hydraulic-mount",
            "version": 4
          },
          {
            "name": "crane.hydraulic.body",
            "version": 6
          },
          {
            "name": "crane.hydraulic.rod",
            "version": 6
          },
          {
            "name": "crane.hydraulic.eye.base",
            "version": 4
          },
          {
            "name": "crane.hydraulic.eye.boom",
            "version": 6
          },
          {
            "name": "crane.hoist.cable",
            "version": 10
          },
          {
            "name": "crane.hook",
            "version": 10
          },
          {
            "name": "crane.load.body",
            "version": 10
          },
          {
            "name": "crane.load.strap-front.0",
            "version": 10
          },
          {
            "name": "crane.load.strap-back.0",
            "version": 10
          },
          {
            "name": "crane.load.strap-top.0",
            "version": 10
          },
          {
            "name": "crane.load.strap-front.1",
            "version": 10
          },
          {
            "name": "crane.load.strap-back.1",
            "version": 10
          },
          {
            "name": "crane.load.strap-top.1",
            "version": 10
          },
          {
            "name": "crane.sling.0",
            "version": 10
          },
          {
            "name": "crane.sling.1",
            "version": 10
          },
          {
            "name": "crane.sling.2",
            "version": 10
          },
          {
            "name": "crane.sling.3",
            "version": 10
          }
        ],
        "assetVersions": [
          {
            "name": "courtyard.slab",
            "assetVersion": 1,
            "assetSerial": 1,
            "publishes": 0
          },
          {
            "name": "platform.lower",
            "assetVersion": 2,
            "assetSerial": 262,
            "publishes": 1
          },
          {
            "name": "platform.middle",
            "assetVersion": 2,
            "assetSerial": 263,
            "publishes": 1
          },
          {
            "name": "platform.upper",
            "assetVersion": 4,
            "assetSerial": 264,
            "publishes": 3
          },
          {
            "name": "crane.foot",
            "assetVersion": 4,
            "assetSerial": 265,
            "publishes": 3
          },
          {
            "name": "crane.turntable",
            "assetVersion": 4,
            "assetSerial": 266,
            "publishes": 3
          },
          {
            "name": "crane.pedestal",
            "assetVersion": 4,
            "assetSerial": 267,
            "publishes": 3
          },
          {
            "name": "crane.counterweight",
            "assetVersion": 4,
            "assetSerial": 268,
            "publishes": 3
          },
          {
            "name": "crane.boom.lower",
            "assetVersion": 6,
            "assetSerial": 269,
            "publishes": 5
          },
          {
            "name": "crane.boom.upper",
            "assetVersion": 8,
            "assetSerial": 270,
            "publishes": 7
          },
          {
            "name": "crane.pin.shoulder",
            "assetVersion": 4,
            "assetSerial": 271,
            "publishes": 3
          },
          {
            "name": "crane.pin-cap.shoulder",
            "assetVersion": 4,
            "assetSerial": 272,
            "publishes": 3
          },
          {
            "name": "crane.pin.elbow",
            "assetVersion": 6,
            "assetSerial": 273,
            "publishes": 5
          },
          {
            "name": "crane.pin-cap.elbow",
            "assetVersion": 6,
            "assetSerial": 274,
            "publishes": 5
          },
          {
            "name": "crane.pin.tip",
            "assetVersion": 8,
            "assetSerial": 275,
            "publishes": 7
          },
          {
            "name": "crane.pin-cap.tip",
            "assetVersion": 8,
            "assetSerial": 276,
            "publishes": 7
          },
          {
            "name": "crane.hydraulic-mount",
            "assetVersion": 4,
            "assetSerial": 277,
            "publishes": 3
          },
          {
            "name": "crane.hydraulic.body",
            "assetVersion": 6,
            "assetSerial": 278,
            "publishes": 5
          },
          {
            "name": "crane.hydraulic.rod",
            "assetVersion": 6,
            "assetSerial": 279,
            "publishes": 5
          },
          {
            "name": "crane.hydraulic.eye.base",
            "assetVersion": 4,
            "assetSerial": 280,
            "publishes": 3
          },
          {
            "name": "crane.hydraulic.eye.boom",
            "assetVersion": 6,
            "assetSerial": 281,
            "publishes": 5
          },
          {
            "name": "crane.hoist.cable",
            "assetVersion": 10,
            "assetSerial": 282,
            "publishes": 9
          },
          {
            "name": "crane.hook",
            "assetVersion": 10,
            "assetSerial": 283,
            "publishes": 9
          },
          {
            "name": "crane.load.body",
            "assetVersion": 10,
            "assetSerial": 284,
            "publishes": 9
          },
          {
            "name": "crane.load.strap-front.0",
            "assetVersion": 10,
            "assetSerial": 285,
            "publishes": 9
          },
          {
            "name": "crane.load.strap-back.0",
            "assetVersion": 10,
            "assetSerial": 286,
            "publishes": 9
          },
          {
            "name": "crane.load.strap-top.0",
            "assetVersion": 10,
            "assetSerial": 287,
            "publishes": 9
          },
          {
            "name": "crane.load.strap-front.1",
            "assetVersion": 10,
            "assetSerial": 288,
            "publishes": 9
          },
          {
            "name": "crane.load.strap-back.1",
            "assetVersion": 10,
            "assetSerial": 289,
            "publishes": 9
          },
          {
            "name": "crane.load.strap-top.1",
            "assetVersion": 10,
            "assetSerial": 290,
            "publishes": 9
          },
          {
            "name": "crane.sling.0",
            "assetVersion": 10,
            "assetSerial": 291,
            "publishes": 9
          },
          {
            "name": "crane.sling.1",
            "assetVersion": 10,
            "assetSerial": 292,
            "publishes": 9
          },
          {
            "name": "crane.sling.2",
            "assetVersion": 10,
            "assetSerial": 293,
            "publishes": 9
          },
          {
            "name": "crane.sling.3",
            "assetVersion": 10,
            "assetSerial": 294,
            "publishes": 9
          },
          {
            "name": "wall.body.continuous",
            "assetVersion": 3,
            "assetSerial": 181,
            "publishes": 2
          },
          {
            "name": "wall.arch.00",
            "assetVersion": 3,
            "assetSerial": 182,
            "publishes": 2
          },
          {
            "name": "wall.arch.01",
            "assetVersion": 3,
            "assetSerial": 183,
            "publishes": 2
          },
          {
            "name": "wall.arch.02",
            "assetVersion": 3,
            "assetSerial": 184,
            "publishes": 2
          },
          {
            "name": "wall.arch.03",
            "assetVersion": 3,
            "assetSerial": 185,
            "publishes": 2
          },
          {
            "name": "wall.arch.04",
            "assetVersion": 3,
            "assetSerial": 186,
            "publishes": 2
          },
          {
            "name": "wall.arch.05",
            "assetVersion": 3,
            "assetSerial": 187,
            "publishes": 2
          },
          {
            "name": "wall.arch.06",
            "assetVersion": 3,
            "assetSerial": 188,
            "publishes": 2
          },
          {
            "name": "wall.arch.07",
            "assetVersion": 3,
            "assetSerial": 189,
            "publishes": 2
          },
          {
            "name": "wall.arch.08",
            "assetVersion": 3,
            "assetSerial": 190,
            "publishes": 2
          },
          {
            "name": "wall.arch.09",
            "assetVersion": 3,
            "assetSerial": 191,
            "publishes": 2
          },
          {
            "name": "wall.arch.10",
            "assetVersion": 3,
            "assetSerial": 192,
            "publishes": 2
          },
          {
            "name": "wall.arch.11",
            "assetVersion": 3,
            "assetSerial": 193,
            "publishes": 2
          },
          {
            "name": "wall.cap",
            "assetVersion": 1,
            "assetSerial": 48,
            "publishes": 0
          },
          {
            "name": "wall.lamp.backplate",
            "assetVersion": 1,
            "assetSerial": 49,
            "publishes": 0
          },
          {
            "name": "wall.lamp.diffuser",
            "assetVersion": 1,
            "assetSerial": 50,
            "publishes": 0
          },
          {
            "name": "pipe.hollow-elbow.outer",
            "assetVersion": 3,
            "assetSerial": 197,
            "publishes": 2
          },
          {
            "name": "pipe.hollow-elbow.inner",
            "assetVersion": 3,
            "assetSerial": 198,
            "publishes": 2
          },
          {
            "name": "pipe.hollow-elbow.rims",
            "assetVersion": 3,
            "assetSerial": 199,
            "publishes": 2
          },
          {
            "name": "prop.crate.body",
            "assetVersion": 1,
            "assetSerial": 54,
            "publishes": 0
          },
          {
            "name": "prop.crate.strap-front.0",
            "assetVersion": 1,
            "assetSerial": 55,
            "publishes": 0
          },
          {
            "name": "prop.crate.strap-back.0",
            "assetVersion": 1,
            "assetSerial": 56,
            "publishes": 0
          },
          {
            "name": "prop.crate.strap-top.0",
            "assetVersion": 1,
            "assetSerial": 57,
            "publishes": 0
          },
          {
            "name": "prop.crate.strap-front.1",
            "assetVersion": 1,
            "assetSerial": 58,
            "publishes": 0
          },
          {
            "name": "prop.crate.strap-back.1",
            "assetVersion": 1,
            "assetSerial": 59,
            "publishes": 0
          },
          {
            "name": "prop.crate.strap-top.1",
            "assetVersion": 1,
            "assetSerial": 60,
            "publishes": 0
          },
          {
            "name": "prop.drum.body",
            "assetVersion": 1,
            "assetSerial": 61,
            "publishes": 0
          },
          {
            "name": "prop.drum.band.0",
            "assetVersion": 1,
            "assetSerial": 62,
            "publishes": 0
          },
          {
            "name": "prop.drum.band.1",
            "assetVersion": 1,
            "assetSerial": 63,
            "publishes": 0
          },
          {
            "name": "prop.bollard",
            "assetVersion": 1,
            "assetSerial": 64,
            "publishes": 0
          },
          {
            "name": "prop.bollard.cap",
            "assetVersion": 1,
            "assetSerial": 65,
            "publishes": 0
          }
        ],
        "definitions": {
          "sceneId": "UUID allocated once inside and stored on the actual ECS world; original world reference checked at every publication.",
          "entityId": "Native ECS index:generation, obtained from serializeEntityRef; no author-assigned substitute.",
          "meshId": "Native stable MeshHandle.id used by the ECS MeshRenderer and asset registry.",
          "entityCount": "Actual world.entityVersionTrackingSize(), covering live mesh, camera and light entities.",
          "meshAssetReplacements": "Successful meshes.publish calls that replace an existing native MeshAsset object; initial assets are separate.",
          "publishedVertexArrayReplacements": "New published vertex stream typed-array objects, separate from real GPUBuffer counters.",
          "publishedIndexArrayReplacements": "New published native index typed-array objects, excluding nonindexed draws.",
          "entityCreateCalls": "Observed actual world.createEntity calls since author system init, including camera and lights.",
          "entityDestroyCalls": "Observed destroy calls on entities returned by that native world.",
          "assetSerial": "Observation number of actual native MeshAsset object creation/publication; it changes on replacement and is not a mesh identity."
        }
      }
    },
    {
      "rawBytesChecked": 220704,
      "rawBuffersChecked": 66,
      "negativeZeros": 444,
      "rawResetEquivalent": true,
      "id": "s14-c1-reset-assembly",
      "revision": 15,
      "snapshotFrame": 14,
      "meshCount": 65,
      "entityCount": 70,
      "nativeChecks": 261,
      "nativeChecksOk": true,
      "identityStable": true,
      "resetEquivalent": true,
      "snapshotDrawCount": 65,
      "resources": {
        "initialMeshAssets": 65,
        "meshAssetReplacements": 262,
        "publishedVertexArrayReplacements": 262,
        "publishedIndexArrayReplacements": 2,
        "entityCreateCalls": 70,
        "entityDestroyCalls": 0,
        "currentMeshAssets": 65,
        "changedMeshes": [
          {
            "name": "platform.lower",
            "version": 3
          },
          {
            "name": "platform.middle",
            "version": 3
          },
          {
            "name": "platform.upper",
            "version": 5
          },
          {
            "name": "crane.foot",
            "version": 5
          },
          {
            "name": "crane.turntable",
            "version": 5
          },
          {
            "name": "crane.pedestal",
            "version": 5
          },
          {
            "name": "crane.counterweight",
            "version": 5
          },
          {
            "name": "crane.boom.lower",
            "version": 7
          },
          {
            "name": "crane.boom.upper",
            "version": 9
          },
          {
            "name": "crane.pin.shoulder",
            "version": 5
          },
          {
            "name": "crane.pin-cap.shoulder",
            "version": 5
          },
          {
            "name": "crane.pin.elbow",
            "version": 7
          },
          {
            "name": "crane.pin-cap.elbow",
            "version": 7
          },
          {
            "name": "crane.pin.tip",
            "version": 9
          },
          {
            "name": "crane.pin-cap.tip",
            "version": 9
          },
          {
            "name": "crane.hydraulic-mount",
            "version": 5
          },
          {
            "name": "crane.hydraulic.body",
            "version": 7
          },
          {
            "name": "crane.hydraulic.rod",
            "version": 7
          },
          {
            "name": "crane.hydraulic.eye.base",
            "version": 5
          },
          {
            "name": "crane.hydraulic.eye.boom",
            "version": 7
          },
          {
            "name": "crane.hoist.cable",
            "version": 11
          },
          {
            "name": "crane.hook",
            "version": 11
          },
          {
            "name": "crane.load.body",
            "version": 11
          },
          {
            "name": "crane.load.strap-front.0",
            "version": 11
          },
          {
            "name": "crane.load.strap-back.0",
            "version": 11
          },
          {
            "name": "crane.load.strap-top.0",
            "version": 11
          },
          {
            "name": "crane.load.strap-front.1",
            "version": 11
          },
          {
            "name": "crane.load.strap-back.1",
            "version": 11
          },
          {
            "name": "crane.load.strap-top.1",
            "version": 11
          },
          {
            "name": "crane.sling.0",
            "version": 11
          },
          {
            "name": "crane.sling.1",
            "version": 11
          },
          {
            "name": "crane.sling.2",
            "version": 11
          },
          {
            "name": "crane.sling.3",
            "version": 11
          }
        ],
        "assetVersions": [
          {
            "name": "courtyard.slab",
            "assetVersion": 1,
            "assetSerial": 1,
            "publishes": 0
          },
          {
            "name": "platform.lower",
            "assetVersion": 3,
            "assetSerial": 295,
            "publishes": 2
          },
          {
            "name": "platform.middle",
            "assetVersion": 3,
            "assetSerial": 296,
            "publishes": 2
          },
          {
            "name": "platform.upper",
            "assetVersion": 5,
            "assetSerial": 297,
            "publishes": 4
          },
          {
            "name": "crane.foot",
            "assetVersion": 5,
            "assetSerial": 298,
            "publishes": 4
          },
          {
            "name": "crane.turntable",
            "assetVersion": 5,
            "assetSerial": 299,
            "publishes": 4
          },
          {
            "name": "crane.pedestal",
            "assetVersion": 5,
            "assetSerial": 300,
            "publishes": 4
          },
          {
            "name": "crane.counterweight",
            "assetVersion": 5,
            "assetSerial": 301,
            "publishes": 4
          },
          {
            "name": "crane.boom.lower",
            "assetVersion": 7,
            "assetSerial": 302,
            "publishes": 6
          },
          {
            "name": "crane.boom.upper",
            "assetVersion": 9,
            "assetSerial": 303,
            "publishes": 8
          },
          {
            "name": "crane.pin.shoulder",
            "assetVersion": 5,
            "assetSerial": 304,
            "publishes": 4
          },
          {
            "name": "crane.pin-cap.shoulder",
            "assetVersion": 5,
            "assetSerial": 305,
            "publishes": 4
          },
          {
            "name": "crane.pin.elbow",
            "assetVersion": 7,
            "assetSerial": 306,
            "publishes": 6
          },
          {
            "name": "crane.pin-cap.elbow",
            "assetVersion": 7,
            "assetSerial": 307,
            "publishes": 6
          },
          {
            "name": "crane.pin.tip",
            "assetVersion": 9,
            "assetSerial": 308,
            "publishes": 8
          },
          {
            "name": "crane.pin-cap.tip",
            "assetVersion": 9,
            "assetSerial": 309,
            "publishes": 8
          },
          {
            "name": "crane.hydraulic-mount",
            "assetVersion": 5,
            "assetSerial": 310,
            "publishes": 4
          },
          {
            "name": "crane.hydraulic.body",
            "assetVersion": 7,
            "assetSerial": 311,
            "publishes": 6
          },
          {
            "name": "crane.hydraulic.rod",
            "assetVersion": 7,
            "assetSerial": 312,
            "publishes": 6
          },
          {
            "name": "crane.hydraulic.eye.base",
            "assetVersion": 5,
            "assetSerial": 313,
            "publishes": 4
          },
          {
            "name": "crane.hydraulic.eye.boom",
            "assetVersion": 7,
            "assetSerial": 314,
            "publishes": 6
          },
          {
            "name": "crane.hoist.cable",
            "assetVersion": 11,
            "assetSerial": 315,
            "publishes": 10
          },
          {
            "name": "crane.hook",
            "assetVersion": 11,
            "assetSerial": 316,
            "publishes": 10
          },
          {
            "name": "crane.load.body",
            "assetVersion": 11,
            "assetSerial": 317,
            "publishes": 10
          },
          {
            "name": "crane.load.strap-front.0",
            "assetVersion": 11,
            "assetSerial": 318,
            "publishes": 10
          },
          {
            "name": "crane.load.strap-back.0",
            "assetVersion": 11,
            "assetSerial": 319,
            "publishes": 10
          },
          {
            "name": "crane.load.strap-top.0",
            "assetVersion": 11,
            "assetSerial": 320,
            "publishes": 10
          },
          {
            "name": "crane.load.strap-front.1",
            "assetVersion": 11,
            "assetSerial": 321,
            "publishes": 10
          },
          {
            "name": "crane.load.strap-back.1",
            "assetVersion": 11,
            "assetSerial": 322,
            "publishes": 10
          },
          {
            "name": "crane.load.strap-top.1",
            "assetVersion": 11,
            "assetSerial": 323,
            "publishes": 10
          },
          {
            "name": "crane.sling.0",
            "assetVersion": 11,
            "assetSerial": 324,
            "publishes": 10
          },
          {
            "name": "crane.sling.1",
            "assetVersion": 11,
            "assetSerial": 325,
            "publishes": 10
          },
          {
            "name": "crane.sling.2",
            "assetVersion": 11,
            "assetSerial": 326,
            "publishes": 10
          },
          {
            "name": "crane.sling.3",
            "assetVersion": 11,
            "assetSerial": 327,
            "publishes": 10
          },
          {
            "name": "wall.body.continuous",
            "assetVersion": 3,
            "assetSerial": 181,
            "publishes": 2
          },
          {
            "name": "wall.arch.00",
            "assetVersion": 3,
            "assetSerial": 182,
            "publishes": 2
          },
          {
            "name": "wall.arch.01",
            "assetVersion": 3,
            "assetSerial": 183,
            "publishes": 2
          },
          {
            "name": "wall.arch.02",
            "assetVersion": 3,
            "assetSerial": 184,
            "publishes": 2
          },
          {
            "name": "wall.arch.03",
            "assetVersion": 3,
            "assetSerial": 185,
            "publishes": 2
          },
          {
            "name": "wall.arch.04",
            "assetVersion": 3,
            "assetSerial": 186,
            "publishes": 2
          },
          {
            "name": "wall.arch.05",
            "assetVersion": 3,
            "assetSerial": 187,
            "publishes": 2
          },
          {
            "name": "wall.arch.06",
            "assetVersion": 3,
            "assetSerial": 188,
            "publishes": 2
          },
          {
            "name": "wall.arch.07",
            "assetVersion": 3,
            "assetSerial": 189,
            "publishes": 2
          },
          {
            "name": "wall.arch.08",
            "assetVersion": 3,
            "assetSerial": 190,
            "publishes": 2
          },
          {
            "name": "wall.arch.09",
            "assetVersion": 3,
            "assetSerial": 191,
            "publishes": 2
          },
          {
            "name": "wall.arch.10",
            "assetVersion": 3,
            "assetSerial": 192,
            "publishes": 2
          },
          {
            "name": "wall.arch.11",
            "assetVersion": 3,
            "assetSerial": 193,
            "publishes": 2
          },
          {
            "name": "wall.cap",
            "assetVersion": 1,
            "assetSerial": 48,
            "publishes": 0
          },
          {
            "name": "wall.lamp.backplate",
            "assetVersion": 1,
            "assetSerial": 49,
            "publishes": 0
          },
          {
            "name": "wall.lamp.diffuser",
            "assetVersion": 1,
            "assetSerial": 50,
            "publishes": 0
          },
          {
            "name": "pipe.hollow-elbow.outer",
            "assetVersion": 3,
            "assetSerial": 197,
            "publishes": 2
          },
          {
            "name": "pipe.hollow-elbow.inner",
            "assetVersion": 3,
            "assetSerial": 198,
            "publishes": 2
          },
          {
            "name": "pipe.hollow-elbow.rims",
            "assetVersion": 3,
            "assetSerial": 199,
            "publishes": 2
          },
          {
            "name": "prop.crate.body",
            "assetVersion": 1,
            "assetSerial": 54,
            "publishes": 0
          },
          {
            "name": "prop.crate.strap-front.0",
            "assetVersion": 1,
            "assetSerial": 55,
            "publishes": 0
          },
          {
            "name": "prop.crate.strap-back.0",
            "assetVersion": 1,
            "assetSerial": 56,
            "publishes": 0
          },
          {
            "name": "prop.crate.strap-top.0",
            "assetVersion": 1,
            "assetSerial": 57,
            "publishes": 0
          },
          {
            "name": "prop.crate.strap-front.1",
            "assetVersion": 1,
            "assetSerial": 58,
            "publishes": 0
          },
          {
            "name": "prop.crate.strap-back.1",
            "assetVersion": 1,
            "assetSerial": 59,
            "publishes": 0
          },
          {
            "name": "prop.crate.strap-top.1",
            "assetVersion": 1,
            "assetSerial": 60,
            "publishes": 0
          },
          {
            "name": "prop.drum.body",
            "assetVersion": 1,
            "assetSerial": 61,
            "publishes": 0
          },
          {
            "name": "prop.drum.band.0",
            "assetVersion": 1,
            "assetSerial": 62,
            "publishes": 0
          },
          {
            "name": "prop.drum.band.1",
            "assetVersion": 1,
            "assetSerial": 63,
            "publishes": 0
          },
          {
            "name": "prop.bollard",
            "assetVersion": 1,
            "assetSerial": 64,
            "publishes": 0
          },
          {
            "name": "prop.bollard.cap",
            "assetVersion": 1,
            "assetSerial": 65,
            "publishes": 0
          }
        ],
        "definitions": {
          "sceneId": "UUID allocated once inside and stored on the actual ECS world; original world reference checked at every publication.",
          "entityId": "Native ECS index:generation, obtained from serializeEntityRef; no author-assigned substitute.",
          "meshId": "Native stable MeshHandle.id used by the ECS MeshRenderer and asset registry.",
          "entityCount": "Actual world.entityVersionTrackingSize(), covering live mesh, camera and light entities.",
          "meshAssetReplacements": "Successful meshes.publish calls that replace an existing native MeshAsset object; initial assets are separate.",
          "publishedVertexArrayReplacements": "New published vertex stream typed-array objects, separate from real GPUBuffer counters.",
          "publishedIndexArrayReplacements": "New published native index typed-array objects, excluding nonindexed draws.",
          "entityCreateCalls": "Observed actual world.createEntity calls since author system init, including camera and lights.",
          "entityDestroyCalls": "Observed destroy calls on entities returned by that native world.",
          "assetSerial": "Observation number of actual native MeshAsset object creation/publication; it changes on replacement and is not a mesh identity."
        }
      }
    },
    {
      "rawBytesChecked": 220704,
      "rawBuffersChecked": 66,
      "negativeZeros": 432,
      "rawResetEquivalent": true,
      "id": "s15-c2-shoulder",
      "revision": 16,
      "snapshotFrame": 15,
      "meshCount": 65,
      "entityCount": 70,
      "nativeChecks": 261,
      "nativeChecksOk": true,
      "identityStable": true,
      "resetEquivalent": true,
      "snapshotDrawCount": 65,
      "resources": {
        "initialMeshAssets": 65,
        "meshAssetReplacements": 284,
        "publishedVertexArrayReplacements": 284,
        "publishedIndexArrayReplacements": 2,
        "entityCreateCalls": 70,
        "entityDestroyCalls": 0,
        "currentMeshAssets": 65,
        "changedMeshes": [
          {
            "name": "crane.boom.lower",
            "version": 8
          },
          {
            "name": "crane.boom.upper",
            "version": 10
          },
          {
            "name": "crane.pin.elbow",
            "version": 8
          },
          {
            "name": "crane.pin-cap.elbow",
            "version": 8
          },
          {
            "name": "crane.pin.tip",
            "version": 10
          },
          {
            "name": "crane.pin-cap.tip",
            "version": 10
          },
          {
            "name": "crane.hydraulic.body",
            "version": 8
          },
          {
            "name": "crane.hydraulic.rod",
            "version": 8
          },
          {
            "name": "crane.hydraulic.eye.boom",
            "version": 8
          },
          {
            "name": "crane.hoist.cable",
            "version": 12
          },
          {
            "name": "crane.hook",
            "version": 12
          },
          {
            "name": "crane.load.body",
            "version": 12
          },
          {
            "name": "crane.load.strap-front.0",
            "version": 12
          },
          {
            "name": "crane.load.strap-back.0",
            "version": 12
          },
          {
            "name": "crane.load.strap-top.0",
            "version": 12
          },
          {
            "name": "crane.load.strap-front.1",
            "version": 12
          },
          {
            "name": "crane.load.strap-back.1",
            "version": 12
          },
          {
            "name": "crane.load.strap-top.1",
            "version": 12
          },
          {
            "name": "crane.sling.0",
            "version": 12
          },
          {
            "name": "crane.sling.1",
            "version": 12
          },
          {
            "name": "crane.sling.2",
            "version": 12
          },
          {
            "name": "crane.sling.3",
            "version": 12
          }
        ],
        "assetVersions": [
          {
            "name": "courtyard.slab",
            "assetVersion": 1,
            "assetSerial": 1,
            "publishes": 0
          },
          {
            "name": "platform.lower",
            "assetVersion": 3,
            "assetSerial": 295,
            "publishes": 2
          },
          {
            "name": "platform.middle",
            "assetVersion": 3,
            "assetSerial": 296,
            "publishes": 2
          },
          {
            "name": "platform.upper",
            "assetVersion": 5,
            "assetSerial": 297,
            "publishes": 4
          },
          {
            "name": "crane.foot",
            "assetVersion": 5,
            "assetSerial": 298,
            "publishes": 4
          },
          {
            "name": "crane.turntable",
            "assetVersion": 5,
            "assetSerial": 299,
            "publishes": 4
          },
          {
            "name": "crane.pedestal",
            "assetVersion": 5,
            "assetSerial": 300,
            "publishes": 4
          },
          {
            "name": "crane.counterweight",
            "assetVersion": 5,
            "assetSerial": 301,
            "publishes": 4
          },
          {
            "name": "crane.boom.lower",
            "assetVersion": 8,
            "assetSerial": 328,
            "publishes": 7
          },
          {
            "name": "crane.boom.upper",
            "assetVersion": 10,
            "assetSerial": 329,
            "publishes": 9
          },
          {
            "name": "crane.pin.shoulder",
            "assetVersion": 5,
            "assetSerial": 304,
            "publishes": 4
          },
          {
            "name": "crane.pin-cap.shoulder",
            "assetVersion": 5,
            "assetSerial": 305,
            "publishes": 4
          },
          {
            "name": "crane.pin.elbow",
            "assetVersion": 8,
            "assetSerial": 330,
            "publishes": 7
          },
          {
            "name": "crane.pin-cap.elbow",
            "assetVersion": 8,
            "assetSerial": 331,
            "publishes": 7
          },
          {
            "name": "crane.pin.tip",
            "assetVersion": 10,
            "assetSerial": 332,
            "publishes": 9
          },
          {
            "name": "crane.pin-cap.tip",
            "assetVersion": 10,
            "assetSerial": 333,
            "publishes": 9
          },
          {
            "name": "crane.hydraulic-mount",
            "assetVersion": 5,
            "assetSerial": 310,
            "publishes": 4
          },
          {
            "name": "crane.hydraulic.body",
            "assetVersion": 8,
            "assetSerial": 334,
            "publishes": 7
          },
          {
            "name": "crane.hydraulic.rod",
            "assetVersion": 8,
            "assetSerial": 335,
            "publishes": 7
          },
          {
            "name": "crane.hydraulic.eye.base",
            "assetVersion": 5,
            "assetSerial": 313,
            "publishes": 4
          },
          {
            "name": "crane.hydraulic.eye.boom",
            "assetVersion": 8,
            "assetSerial": 336,
            "publishes": 7
          },
          {
            "name": "crane.hoist.cable",
            "assetVersion": 12,
            "assetSerial": 337,
            "publishes": 11
          },
          {
            "name": "crane.hook",
            "assetVersion": 12,
            "assetSerial": 338,
            "publishes": 11
          },
          {
            "name": "crane.load.body",
            "assetVersion": 12,
            "assetSerial": 339,
            "publishes": 11
          },
          {
            "name": "crane.load.strap-front.0",
            "assetVersion": 12,
            "assetSerial": 340,
            "publishes": 11
          },
          {
            "name": "crane.load.strap-back.0",
            "assetVersion": 12,
            "assetSerial": 341,
            "publishes": 11
          },
          {
            "name": "crane.load.strap-top.0",
            "assetVersion": 12,
            "assetSerial": 342,
            "publishes": 11
          },
          {
            "name": "crane.load.strap-front.1",
            "assetVersion": 12,
            "assetSerial": 343,
            "publishes": 11
          },
          {
            "name": "crane.load.strap-back.1",
            "assetVersion": 12,
            "assetSerial": 344,
            "publishes": 11
          },
          {
            "name": "crane.load.strap-top.1",
            "assetVersion": 12,
            "assetSerial": 345,
            "publishes": 11
          },
          {
            "name": "crane.sling.0",
            "assetVersion": 12,
            "assetSerial": 346,
            "publishes": 11
          },
          {
            "name": "crane.sling.1",
            "assetVersion": 12,
            "assetSerial": 347,
            "publishes": 11
          },
          {
            "name": "crane.sling.2",
            "assetVersion": 12,
            "assetSerial": 348,
            "publishes": 11
          },
          {
            "name": "crane.sling.3",
            "assetVersion": 12,
            "assetSerial": 349,
            "publishes": 11
          },
          {
            "name": "wall.body.continuous",
            "assetVersion": 3,
            "assetSerial": 181,
            "publishes": 2
          },
          {
            "name": "wall.arch.00",
            "assetVersion": 3,
            "assetSerial": 182,
            "publishes": 2
          },
          {
            "name": "wall.arch.01",
            "assetVersion": 3,
            "assetSerial": 183,
            "publishes": 2
          },
          {
            "name": "wall.arch.02",
            "assetVersion": 3,
            "assetSerial": 184,
            "publishes": 2
          },
          {
            "name": "wall.arch.03",
            "assetVersion": 3,
            "assetSerial": 185,
            "publishes": 2
          },
          {
            "name": "wall.arch.04",
            "assetVersion": 3,
            "assetSerial": 186,
            "publishes": 2
          },
          {
            "name": "wall.arch.05",
            "assetVersion": 3,
            "assetSerial": 187,
            "publishes": 2
          },
          {
            "name": "wall.arch.06",
            "assetVersion": 3,
            "assetSerial": 188,
            "publishes": 2
          },
          {
            "name": "wall.arch.07",
            "assetVersion": 3,
            "assetSerial": 189,
            "publishes": 2
          },
          {
            "name": "wall.arch.08",
            "assetVersion": 3,
            "assetSerial": 190,
            "publishes": 2
          },
          {
            "name": "wall.arch.09",
            "assetVersion": 3,
            "assetSerial": 191,
            "publishes": 2
          },
          {
            "name": "wall.arch.10",
            "assetVersion": 3,
            "assetSerial": 192,
            "publishes": 2
          },
          {
            "name": "wall.arch.11",
            "assetVersion": 3,
            "assetSerial": 193,
            "publishes": 2
          },
          {
            "name": "wall.cap",
            "assetVersion": 1,
            "assetSerial": 48,
            "publishes": 0
          },
          {
            "name": "wall.lamp.backplate",
            "assetVersion": 1,
            "assetSerial": 49,
            "publishes": 0
          },
          {
            "name": "wall.lamp.diffuser",
            "assetVersion": 1,
            "assetSerial": 50,
            "publishes": 0
          },
          {
            "name": "pipe.hollow-elbow.outer",
            "assetVersion": 3,
            "assetSerial": 197,
            "publishes": 2
          },
          {
            "name": "pipe.hollow-elbow.inner",
            "assetVersion": 3,
            "assetSerial": 198,
            "publishes": 2
          },
          {
            "name": "pipe.hollow-elbow.rims",
            "assetVersion": 3,
            "assetSerial": 199,
            "publishes": 2
          },
          {
            "name": "prop.crate.body",
            "assetVersion": 1,
            "assetSerial": 54,
            "publishes": 0
          },
          {
            "name": "prop.crate.strap-front.0",
            "assetVersion": 1,
            "assetSerial": 55,
            "publishes": 0
          },
          {
            "name": "prop.crate.strap-back.0",
            "assetVersion": 1,
            "assetSerial": 56,
            "publishes": 0
          },
          {
            "name": "prop.crate.strap-top.0",
            "assetVersion": 1,
            "assetSerial": 57,
            "publishes": 0
          },
          {
            "name": "prop.crate.strap-front.1",
            "assetVersion": 1,
            "assetSerial": 58,
            "publishes": 0
          },
          {
            "name": "prop.crate.strap-back.1",
            "assetVersion": 1,
            "assetSerial": 59,
            "publishes": 0
          },
          {
            "name": "prop.crate.strap-top.1",
            "assetVersion": 1,
            "assetSerial": 60,
            "publishes": 0
          },
          {
            "name": "prop.drum.body",
            "assetVersion": 1,
            "assetSerial": 61,
            "publishes": 0
          },
          {
            "name": "prop.drum.band.0",
            "assetVersion": 1,
            "assetSerial": 62,
            "publishes": 0
          },
          {
            "name": "prop.drum.band.1",
            "assetVersion": 1,
            "assetSerial": 63,
            "publishes": 0
          },
          {
            "name": "prop.bollard",
            "assetVersion": 1,
            "assetSerial": 64,
            "publishes": 0
          },
          {
            "name": "prop.bollard.cap",
            "assetVersion": 1,
            "assetSerial": 65,
            "publishes": 0
          }
        ],
        "definitions": {
          "sceneId": "UUID allocated once inside and stored on the actual ECS world; original world reference checked at every publication.",
          "entityId": "Native ECS index:generation, obtained from serializeEntityRef; no author-assigned substitute.",
          "meshId": "Native stable MeshHandle.id used by the ECS MeshRenderer and asset registry.",
          "entityCount": "Actual world.entityVersionTrackingSize(), covering live mesh, camera and light entities.",
          "meshAssetReplacements": "Successful meshes.publish calls that replace an existing native MeshAsset object; initial assets are separate.",
          "publishedVertexArrayReplacements": "New published vertex stream typed-array objects, separate from real GPUBuffer counters.",
          "publishedIndexArrayReplacements": "New published native index typed-array objects, excluding nonindexed draws.",
          "entityCreateCalls": "Observed actual world.createEntity calls since author system init, including camera and lights.",
          "entityDestroyCalls": "Observed destroy calls on entities returned by that native world.",
          "assetSerial": "Observation number of actual native MeshAsset object creation/publication; it changes on replacement and is not a mesh identity."
        }
      }
    },
    {
      "rawBytesChecked": 220704,
      "rawBuffersChecked": 66,
      "negativeZeros": 444,
      "rawResetEquivalent": true,
      "id": "s16-c2-reset-shoulder",
      "revision": 17,
      "snapshotFrame": 16,
      "meshCount": 65,
      "entityCount": 70,
      "nativeChecks": 261,
      "nativeChecksOk": true,
      "identityStable": true,
      "resetEquivalent": true,
      "snapshotDrawCount": 65,
      "resources": {
        "initialMeshAssets": 65,
        "meshAssetReplacements": 306,
        "publishedVertexArrayReplacements": 306,
        "publishedIndexArrayReplacements": 2,
        "entityCreateCalls": 70,
        "entityDestroyCalls": 0,
        "currentMeshAssets": 65,
        "changedMeshes": [
          {
            "name": "crane.boom.lower",
            "version": 9
          },
          {
            "name": "crane.boom.upper",
            "version": 11
          },
          {
            "name": "crane.pin.elbow",
            "version": 9
          },
          {
            "name": "crane.pin-cap.elbow",
            "version": 9
          },
          {
            "name": "crane.pin.tip",
            "version": 11
          },
          {
            "name": "crane.pin-cap.tip",
            "version": 11
          },
          {
            "name": "crane.hydraulic.body",
            "version": 9
          },
          {
            "name": "crane.hydraulic.rod",
            "version": 9
          },
          {
            "name": "crane.hydraulic.eye.boom",
            "version": 9
          },
          {
            "name": "crane.hoist.cable",
            "version": 13
          },
          {
            "name": "crane.hook",
            "version": 13
          },
          {
            "name": "crane.load.body",
            "version": 13
          },
          {
            "name": "crane.load.strap-front.0",
            "version": 13
          },
          {
            "name": "crane.load.strap-back.0",
            "version": 13
          },
          {
            "name": "crane.load.strap-top.0",
            "version": 13
          },
          {
            "name": "crane.load.strap-front.1",
            "version": 13
          },
          {
            "name": "crane.load.strap-back.1",
            "version": 13
          },
          {
            "name": "crane.load.strap-top.1",
            "version": 13
          },
          {
            "name": "crane.sling.0",
            "version": 13
          },
          {
            "name": "crane.sling.1",
            "version": 13
          },
          {
            "name": "crane.sling.2",
            "version": 13
          },
          {
            "name": "crane.sling.3",
            "version": 13
          }
        ],
        "assetVersions": [
          {
            "name": "courtyard.slab",
            "assetVersion": 1,
            "assetSerial": 1,
            "publishes": 0
          },
          {
            "name": "platform.lower",
            "assetVersion": 3,
            "assetSerial": 295,
            "publishes": 2
          },
          {
            "name": "platform.middle",
            "assetVersion": 3,
            "assetSerial": 296,
            "publishes": 2
          },
          {
            "name": "platform.upper",
            "assetVersion": 5,
            "assetSerial": 297,
            "publishes": 4
          },
          {
            "name": "crane.foot",
            "assetVersion": 5,
            "assetSerial": 298,
            "publishes": 4
          },
          {
            "name": "crane.turntable",
            "assetVersion": 5,
            "assetSerial": 299,
            "publishes": 4
          },
          {
            "name": "crane.pedestal",
            "assetVersion": 5,
            "assetSerial": 300,
            "publishes": 4
          },
          {
            "name": "crane.counterweight",
            "assetVersion": 5,
            "assetSerial": 301,
            "publishes": 4
          },
          {
            "name": "crane.boom.lower",
            "assetVersion": 9,
            "assetSerial": 350,
            "publishes": 8
          },
          {
            "name": "crane.boom.upper",
            "assetVersion": 11,
            "assetSerial": 351,
            "publishes": 10
          },
          {
            "name": "crane.pin.shoulder",
            "assetVersion": 5,
            "assetSerial": 304,
            "publishes": 4
          },
          {
            "name": "crane.pin-cap.shoulder",
            "assetVersion": 5,
            "assetSerial": 305,
            "publishes": 4
          },
          {
            "name": "crane.pin.elbow",
            "assetVersion": 9,
            "assetSerial": 352,
            "publishes": 8
          },
          {
            "name": "crane.pin-cap.elbow",
            "assetVersion": 9,
            "assetSerial": 353,
            "publishes": 8
          },
          {
            "name": "crane.pin.tip",
            "assetVersion": 11,
            "assetSerial": 354,
            "publishes": 10
          },
          {
            "name": "crane.pin-cap.tip",
            "assetVersion": 11,
            "assetSerial": 355,
            "publishes": 10
          },
          {
            "name": "crane.hydraulic-mount",
            "assetVersion": 5,
            "assetSerial": 310,
            "publishes": 4
          },
          {
            "name": "crane.hydraulic.body",
            "assetVersion": 9,
            "assetSerial": 356,
            "publishes": 8
          },
          {
            "name": "crane.hydraulic.rod",
            "assetVersion": 9,
            "assetSerial": 357,
            "publishes": 8
          },
          {
            "name": "crane.hydraulic.eye.base",
            "assetVersion": 5,
            "assetSerial": 313,
            "publishes": 4
          },
          {
            "name": "crane.hydraulic.eye.boom",
            "assetVersion": 9,
            "assetSerial": 358,
            "publishes": 8
          },
          {
            "name": "crane.hoist.cable",
            "assetVersion": 13,
            "assetSerial": 359,
            "publishes": 12
          },
          {
            "name": "crane.hook",
            "assetVersion": 13,
            "assetSerial": 360,
            "publishes": 12
          },
          {
            "name": "crane.load.body",
            "assetVersion": 13,
            "assetSerial": 361,
            "publishes": 12
          },
          {
            "name": "crane.load.strap-front.0",
            "assetVersion": 13,
            "assetSerial": 362,
            "publishes": 12
          },
          {
            "name": "crane.load.strap-back.0",
            "assetVersion": 13,
            "assetSerial": 363,
            "publishes": 12
          },
          {
            "name": "crane.load.strap-top.0",
            "assetVersion": 13,
            "assetSerial": 364,
            "publishes": 12
          },
          {
            "name": "crane.load.strap-front.1",
            "assetVersion": 13,
            "assetSerial": 365,
            "publishes": 12
          },
          {
            "name": "crane.load.strap-back.1",
            "assetVersion": 13,
            "assetSerial": 366,
            "publishes": 12
          },
          {
            "name": "crane.load.strap-top.1",
            "assetVersion": 13,
            "assetSerial": 367,
            "publishes": 12
          },
          {
            "name": "crane.sling.0",
            "assetVersion": 13,
            "assetSerial": 368,
            "publishes": 12
          },
          {
            "name": "crane.sling.1",
            "assetVersion": 13,
            "assetSerial": 369,
            "publishes": 12
          },
          {
            "name": "crane.sling.2",
            "assetVersion": 13,
            "assetSerial": 370,
            "publishes": 12
          },
          {
            "name": "crane.sling.3",
            "assetVersion": 13,
            "assetSerial": 371,
            "publishes": 12
          },
          {
            "name": "wall.body.continuous",
            "assetVersion": 3,
            "assetSerial": 181,
            "publishes": 2
          },
          {
            "name": "wall.arch.00",
            "assetVersion": 3,
            "assetSerial": 182,
            "publishes": 2
          },
          {
            "name": "wall.arch.01",
            "assetVersion": 3,
            "assetSerial": 183,
            "publishes": 2
          },
          {
            "name": "wall.arch.02",
            "assetVersion": 3,
            "assetSerial": 184,
            "publishes": 2
          },
          {
            "name": "wall.arch.03",
            "assetVersion": 3,
            "assetSerial": 185,
            "publishes": 2
          },
          {
            "name": "wall.arch.04",
            "assetVersion": 3,
            "assetSerial": 186,
            "publishes": 2
          },
          {
            "name": "wall.arch.05",
            "assetVersion": 3,
            "assetSerial": 187,
            "publishes": 2
          },
          {
            "name": "wall.arch.06",
            "assetVersion": 3,
            "assetSerial": 188,
            "publishes": 2
          },
          {
            "name": "wall.arch.07",
            "assetVersion": 3,
            "assetSerial": 189,
            "publishes": 2
          },
          {
            "name": "wall.arch.08",
            "assetVersion": 3,
            "assetSerial": 190,
            "publishes": 2
          },
          {
            "name": "wall.arch.09",
            "assetVersion": 3,
            "assetSerial": 191,
            "publishes": 2
          },
          {
            "name": "wall.arch.10",
            "assetVersion": 3,
            "assetSerial": 192,
            "publishes": 2
          },
          {
            "name": "wall.arch.11",
            "assetVersion": 3,
            "assetSerial": 193,
            "publishes": 2
          },
          {
            "name": "wall.cap",
            "assetVersion": 1,
            "assetSerial": 48,
            "publishes": 0
          },
          {
            "name": "wall.lamp.backplate",
            "assetVersion": 1,
            "assetSerial": 49,
            "publishes": 0
          },
          {
            "name": "wall.lamp.diffuser",
            "assetVersion": 1,
            "assetSerial": 50,
            "publishes": 0
          },
          {
            "name": "pipe.hollow-elbow.outer",
            "assetVersion": 3,
            "assetSerial": 197,
            "publishes": 2
          },
          {
            "name": "pipe.hollow-elbow.inner",
            "assetVersion": 3,
            "assetSerial": 198,
            "publishes": 2
          },
          {
            "name": "pipe.hollow-elbow.rims",
            "assetVersion": 3,
            "assetSerial": 199,
            "publishes": 2
          },
          {
            "name": "prop.crate.body",
            "assetVersion": 1,
            "assetSerial": 54,
            "publishes": 0
          },
          {
            "name": "prop.crate.strap-front.0",
            "assetVersion": 1,
            "assetSerial": 55,
            "publishes": 0
          },
          {
            "name": "prop.crate.strap-back.0",
            "assetVersion": 1,
            "assetSerial": 56,
            "publishes": 0
          },
          {
            "name": "prop.crate.strap-top.0",
            "assetVersion": 1,
            "assetSerial": 57,
            "publishes": 0
          },
          {
            "name": "prop.crate.strap-front.1",
            "assetVersion": 1,
            "assetSerial": 58,
            "publishes": 0
          },
          {
            "name": "prop.crate.strap-back.1",
            "assetVersion": 1,
            "assetSerial": 59,
            "publishes": 0
          },
          {
            "name": "prop.crate.strap-top.1",
            "assetVersion": 1,
            "assetSerial": 60,
            "publishes": 0
          },
          {
            "name": "prop.drum.body",
            "assetVersion": 1,
            "assetSerial": 61,
            "publishes": 0
          },
          {
            "name": "prop.drum.band.0",
            "assetVersion": 1,
            "assetSerial": 62,
            "publishes": 0
          },
          {
            "name": "prop.drum.band.1",
            "assetVersion": 1,
            "assetSerial": 63,
            "publishes": 0
          },
          {
            "name": "prop.bollard",
            "assetVersion": 1,
            "assetSerial": 64,
            "publishes": 0
          },
          {
            "name": "prop.bollard.cap",
            "assetVersion": 1,
            "assetSerial": 65,
            "publishes": 0
          }
        ],
        "definitions": {
          "sceneId": "UUID allocated once inside and stored on the actual ECS world; original world reference checked at every publication.",
          "entityId": "Native ECS index:generation, obtained from serializeEntityRef; no author-assigned substitute.",
          "meshId": "Native stable MeshHandle.id used by the ECS MeshRenderer and asset registry.",
          "entityCount": "Actual world.entityVersionTrackingSize(), covering live mesh, camera and light entities.",
          "meshAssetReplacements": "Successful meshes.publish calls that replace an existing native MeshAsset object; initial assets are separate.",
          "publishedVertexArrayReplacements": "New published vertex stream typed-array objects, separate from real GPUBuffer counters.",
          "publishedIndexArrayReplacements": "New published native index typed-array objects, excluding nonindexed draws.",
          "entityCreateCalls": "Observed actual world.createEntity calls since author system init, including camera and lights.",
          "entityDestroyCalls": "Observed destroy calls on entities returned by that native world.",
          "assetSerial": "Observation number of actual native MeshAsset object creation/publication; it changes on replacement and is not a mesh identity."
        }
      }
    },
    {
      "rawBytesChecked": 220704,
      "rawBuffersChecked": 66,
      "negativeZeros": 441,
      "rawResetEquivalent": true,
      "id": "s17-c2-elbow",
      "revision": 18,
      "snapshotFrame": 17,
      "meshCount": 65,
      "entityCount": 70,
      "nativeChecks": 261,
      "nativeChecksOk": true,
      "identityStable": true,
      "resetEquivalent": true,
      "snapshotDrawCount": 65,
      "resources": {
        "initialMeshAssets": 65,
        "meshAssetReplacements": 322,
        "publishedVertexArrayReplacements": 322,
        "publishedIndexArrayReplacements": 2,
        "entityCreateCalls": 70,
        "entityDestroyCalls": 0,
        "currentMeshAssets": 65,
        "changedMeshes": [
          {
            "name": "crane.boom.upper",
            "version": 12
          },
          {
            "name": "crane.pin.tip",
            "version": 12
          },
          {
            "name": "crane.pin-cap.tip",
            "version": 12
          },
          {
            "name": "crane.hoist.cable",
            "version": 14
          },
          {
            "name": "crane.hook",
            "version": 14
          },
          {
            "name": "crane.load.body",
            "version": 14
          },
          {
            "name": "crane.load.strap-front.0",
            "version": 14
          },
          {
            "name": "crane.load.strap-back.0",
            "version": 14
          },
          {
            "name": "crane.load.strap-top.0",
            "version": 14
          },
          {
            "name": "crane.load.strap-front.1",
            "version": 14
          },
          {
            "name": "crane.load.strap-back.1",
            "version": 14
          },
          {
            "name": "crane.load.strap-top.1",
            "version": 14
          },
          {
            "name": "crane.sling.0",
            "version": 14
          },
          {
            "name": "crane.sling.1",
            "version": 14
          },
          {
            "name": "crane.sling.2",
            "version": 14
          },
          {
            "name": "crane.sling.3",
            "version": 14
          }
        ],
        "assetVersions": [
          {
            "name": "courtyard.slab",
            "assetVersion": 1,
            "assetSerial": 1,
            "publishes": 0
          },
          {
            "name": "platform.lower",
            "assetVersion": 3,
            "assetSerial": 295,
            "publishes": 2
          },
          {
            "name": "platform.middle",
            "assetVersion": 3,
            "assetSerial": 296,
            "publishes": 2
          },
          {
            "name": "platform.upper",
            "assetVersion": 5,
            "assetSerial": 297,
            "publishes": 4
          },
          {
            "name": "crane.foot",
            "assetVersion": 5,
            "assetSerial": 298,
            "publishes": 4
          },
          {
            "name": "crane.turntable",
            "assetVersion": 5,
            "assetSerial": 299,
            "publishes": 4
          },
          {
            "name": "crane.pedestal",
            "assetVersion": 5,
            "assetSerial": 300,
            "publishes": 4
          },
          {
            "name": "crane.counterweight",
            "assetVersion": 5,
            "assetSerial": 301,
            "publishes": 4
          },
          {
            "name": "crane.boom.lower",
            "assetVersion": 9,
            "assetSerial": 350,
            "publishes": 8
          },
          {
            "name": "crane.boom.upper",
            "assetVersion": 12,
            "assetSerial": 372,
            "publishes": 11
          },
          {
            "name": "crane.pin.shoulder",
            "assetVersion": 5,
            "assetSerial": 304,
            "publishes": 4
          },
          {
            "name": "crane.pin-cap.shoulder",
            "assetVersion": 5,
            "assetSerial": 305,
            "publishes": 4
          },
          {
            "name": "crane.pin.elbow",
            "assetVersion": 9,
            "assetSerial": 352,
            "publishes": 8
          },
          {
            "name": "crane.pin-cap.elbow",
            "assetVersion": 9,
            "assetSerial": 353,
            "publishes": 8
          },
          {
            "name": "crane.pin.tip",
            "assetVersion": 12,
            "assetSerial": 373,
            "publishes": 11
          },
          {
            "name": "crane.pin-cap.tip",
            "assetVersion": 12,
            "assetSerial": 374,
            "publishes": 11
          },
          {
            "name": "crane.hydraulic-mount",
            "assetVersion": 5,
            "assetSerial": 310,
            "publishes": 4
          },
          {
            "name": "crane.hydraulic.body",
            "assetVersion": 9,
            "assetSerial": 356,
            "publishes": 8
          },
          {
            "name": "crane.hydraulic.rod",
            "assetVersion": 9,
            "assetSerial": 357,
            "publishes": 8
          },
          {
            "name": "crane.hydraulic.eye.base",
            "assetVersion": 5,
            "assetSerial": 313,
            "publishes": 4
          },
          {
            "name": "crane.hydraulic.eye.boom",
            "assetVersion": 9,
            "assetSerial": 358,
            "publishes": 8
          },
          {
            "name": "crane.hoist.cable",
            "assetVersion": 14,
            "assetSerial": 375,
            "publishes": 13
          },
          {
            "name": "crane.hook",
            "assetVersion": 14,
            "assetSerial": 376,
            "publishes": 13
          },
          {
            "name": "crane.load.body",
            "assetVersion": 14,
            "assetSerial": 377,
            "publishes": 13
          },
          {
            "name": "crane.load.strap-front.0",
            "assetVersion": 14,
            "assetSerial": 378,
            "publishes": 13
          },
          {
            "name": "crane.load.strap-back.0",
            "assetVersion": 14,
            "assetSerial": 379,
            "publishes": 13
          },
          {
            "name": "crane.load.strap-top.0",
            "assetVersion": 14,
            "assetSerial": 380,
            "publishes": 13
          },
          {
            "name": "crane.load.strap-front.1",
            "assetVersion": 14,
            "assetSerial": 381,
            "publishes": 13
          },
          {
            "name": "crane.load.strap-back.1",
            "assetVersion": 14,
            "assetSerial": 382,
            "publishes": 13
          },
          {
            "name": "crane.load.strap-top.1",
            "assetVersion": 14,
            "assetSerial": 383,
            "publishes": 13
          },
          {
            "name": "crane.sling.0",
            "assetVersion": 14,
            "assetSerial": 384,
            "publishes": 13
          },
          {
            "name": "crane.sling.1",
            "assetVersion": 14,
            "assetSerial": 385,
            "publishes": 13
          },
          {
            "name": "crane.sling.2",
            "assetVersion": 14,
            "assetSerial": 386,
            "publishes": 13
          },
          {
            "name": "crane.sling.3",
            "assetVersion": 14,
            "assetSerial": 387,
            "publishes": 13
          },
          {
            "name": "wall.body.continuous",
            "assetVersion": 3,
            "assetSerial": 181,
            "publishes": 2
          },
          {
            "name": "wall.arch.00",
            "assetVersion": 3,
            "assetSerial": 182,
            "publishes": 2
          },
          {
            "name": "wall.arch.01",
            "assetVersion": 3,
            "assetSerial": 183,
            "publishes": 2
          },
          {
            "name": "wall.arch.02",
            "assetVersion": 3,
            "assetSerial": 184,
            "publishes": 2
          },
          {
            "name": "wall.arch.03",
            "assetVersion": 3,
            "assetSerial": 185,
            "publishes": 2
          },
          {
            "name": "wall.arch.04",
            "assetVersion": 3,
            "assetSerial": 186,
            "publishes": 2
          },
          {
            "name": "wall.arch.05",
            "assetVersion": 3,
            "assetSerial": 187,
            "publishes": 2
          },
          {
            "name": "wall.arch.06",
            "assetVersion": 3,
            "assetSerial": 188,
            "publishes": 2
          },
          {
            "name": "wall.arch.07",
            "assetVersion": 3,
            "assetSerial": 189,
            "publishes": 2
          },
          {
            "name": "wall.arch.08",
            "assetVersion": 3,
            "assetSerial": 190,
            "publishes": 2
          },
          {
            "name": "wall.arch.09",
            "assetVersion": 3,
            "assetSerial": 191,
            "publishes": 2
          },
          {
            "name": "wall.arch.10",
            "assetVersion": 3,
            "assetSerial": 192,
            "publishes": 2
          },
          {
            "name": "wall.arch.11",
            "assetVersion": 3,
            "assetSerial": 193,
            "publishes": 2
          },
          {
            "name": "wall.cap",
            "assetVersion": 1,
            "assetSerial": 48,
            "publishes": 0
          },
          {
            "name": "wall.lamp.backplate",
            "assetVersion": 1,
            "assetSerial": 49,
            "publishes": 0
          },
          {
            "name": "wall.lamp.diffuser",
            "assetVersion": 1,
            "assetSerial": 50,
            "publishes": 0
          },
          {
            "name": "pipe.hollow-elbow.outer",
            "assetVersion": 3,
            "assetSerial": 197,
            "publishes": 2
          },
          {
            "name": "pipe.hollow-elbow.inner",
            "assetVersion": 3,
            "assetSerial": 198,
            "publishes": 2
          },
          {
            "name": "pipe.hollow-elbow.rims",
            "assetVersion": 3,
            "assetSerial": 199,
            "publishes": 2
          },
          {
            "name": "prop.crate.body",
            "assetVersion": 1,
            "assetSerial": 54,
            "publishes": 0
          },
          {
            "name": "prop.crate.strap-front.0",
            "assetVersion": 1,
            "assetSerial": 55,
            "publishes": 0
          },
          {
            "name": "prop.crate.strap-back.0",
            "assetVersion": 1,
            "assetSerial": 56,
            "publishes": 0
          },
          {
            "name": "prop.crate.strap-top.0",
            "assetVersion": 1,
            "assetSerial": 57,
            "publishes": 0
          },
          {
            "name": "prop.crate.strap-front.1",
            "assetVersion": 1,
            "assetSerial": 58,
            "publishes": 0
          },
          {
            "name": "prop.crate.strap-back.1",
            "assetVersion": 1,
            "assetSerial": 59,
            "publishes": 0
          },
          {
            "name": "prop.crate.strap-top.1",
            "assetVersion": 1,
            "assetSerial": 60,
            "publishes": 0
          },
          {
            "name": "prop.drum.body",
            "assetVersion": 1,
            "assetSerial": 61,
            "publishes": 0
          },
          {
            "name": "prop.drum.band.0",
            "assetVersion": 1,
            "assetSerial": 62,
            "publishes": 0
          },
          {
            "name": "prop.drum.band.1",
            "assetVersion": 1,
            "assetSerial": 63,
            "publishes": 0
          },
          {
            "name": "prop.bollard",
            "assetVersion": 1,
            "assetSerial": 64,
            "publishes": 0
          },
          {
            "name": "prop.bollard.cap",
            "assetVersion": 1,
            "assetSerial": 65,
            "publishes": 0
          }
        ],
        "definitions": {
          "sceneId": "UUID allocated once inside and stored on the actual ECS world; original world reference checked at every publication.",
          "entityId": "Native ECS index:generation, obtained from serializeEntityRef; no author-assigned substitute.",
          "meshId": "Native stable MeshHandle.id used by the ECS MeshRenderer and asset registry.",
          "entityCount": "Actual world.entityVersionTrackingSize(), covering live mesh, camera and light entities.",
          "meshAssetReplacements": "Successful meshes.publish calls that replace an existing native MeshAsset object; initial assets are separate.",
          "publishedVertexArrayReplacements": "New published vertex stream typed-array objects, separate from real GPUBuffer counters.",
          "publishedIndexArrayReplacements": "New published native index typed-array objects, excluding nonindexed draws.",
          "entityCreateCalls": "Observed actual world.createEntity calls since author system init, including camera and lights.",
          "entityDestroyCalls": "Observed destroy calls on entities returned by that native world.",
          "assetSerial": "Observation number of actual native MeshAsset object creation/publication; it changes on replacement and is not a mesh identity."
        }
      }
    },
    {
      "rawBytesChecked": 220704,
      "rawBuffersChecked": 66,
      "negativeZeros": 444,
      "rawResetEquivalent": true,
      "id": "s18-c2-reset-elbow",
      "revision": 19,
      "snapshotFrame": 18,
      "meshCount": 65,
      "entityCount": 70,
      "nativeChecks": 261,
      "nativeChecksOk": true,
      "identityStable": true,
      "resetEquivalent": true,
      "snapshotDrawCount": 65,
      "resources": {
        "initialMeshAssets": 65,
        "meshAssetReplacements": 338,
        "publishedVertexArrayReplacements": 338,
        "publishedIndexArrayReplacements": 2,
        "entityCreateCalls": 70,
        "entityDestroyCalls": 0,
        "currentMeshAssets": 65,
        "changedMeshes": [
          {
            "name": "crane.boom.upper",
            "version": 13
          },
          {
            "name": "crane.pin.tip",
            "version": 13
          },
          {
            "name": "crane.pin-cap.tip",
            "version": 13
          },
          {
            "name": "crane.hoist.cable",
            "version": 15
          },
          {
            "name": "crane.hook",
            "version": 15
          },
          {
            "name": "crane.load.body",
            "version": 15
          },
          {
            "name": "crane.load.strap-front.0",
            "version": 15
          },
          {
            "name": "crane.load.strap-back.0",
            "version": 15
          },
          {
            "name": "crane.load.strap-top.0",
            "version": 15
          },
          {
            "name": "crane.load.strap-front.1",
            "version": 15
          },
          {
            "name": "crane.load.strap-back.1",
            "version": 15
          },
          {
            "name": "crane.load.strap-top.1",
            "version": 15
          },
          {
            "name": "crane.sling.0",
            "version": 15
          },
          {
            "name": "crane.sling.1",
            "version": 15
          },
          {
            "name": "crane.sling.2",
            "version": 15
          },
          {
            "name": "crane.sling.3",
            "version": 15
          }
        ],
        "assetVersions": [
          {
            "name": "courtyard.slab",
            "assetVersion": 1,
            "assetSerial": 1,
            "publishes": 0
          },
          {
            "name": "platform.lower",
            "assetVersion": 3,
            "assetSerial": 295,
            "publishes": 2
          },
          {
            "name": "platform.middle",
            "assetVersion": 3,
            "assetSerial": 296,
            "publishes": 2
          },
          {
            "name": "platform.upper",
            "assetVersion": 5,
            "assetSerial": 297,
            "publishes": 4
          },
          {
            "name": "crane.foot",
            "assetVersion": 5,
            "assetSerial": 298,
            "publishes": 4
          },
          {
            "name": "crane.turntable",
            "assetVersion": 5,
            "assetSerial": 299,
            "publishes": 4
          },
          {
            "name": "crane.pedestal",
            "assetVersion": 5,
            "assetSerial": 300,
            "publishes": 4
          },
          {
            "name": "crane.counterweight",
            "assetVersion": 5,
            "assetSerial": 301,
            "publishes": 4
          },
          {
            "name": "crane.boom.lower",
            "assetVersion": 9,
            "assetSerial": 350,
            "publishes": 8
          },
          {
            "name": "crane.boom.upper",
            "assetVersion": 13,
            "assetSerial": 388,
            "publishes": 12
          },
          {
            "name": "crane.pin.shoulder",
            "assetVersion": 5,
            "assetSerial": 304,
            "publishes": 4
          },
          {
            "name": "crane.pin-cap.shoulder",
            "assetVersion": 5,
            "assetSerial": 305,
            "publishes": 4
          },
          {
            "name": "crane.pin.elbow",
            "assetVersion": 9,
            "assetSerial": 352,
            "publishes": 8
          },
          {
            "name": "crane.pin-cap.elbow",
            "assetVersion": 9,
            "assetSerial": 353,
            "publishes": 8
          },
          {
            "name": "crane.pin.tip",
            "assetVersion": 13,
            "assetSerial": 389,
            "publishes": 12
          },
          {
            "name": "crane.pin-cap.tip",
            "assetVersion": 13,
            "assetSerial": 390,
            "publishes": 12
          },
          {
            "name": "crane.hydraulic-mount",
            "assetVersion": 5,
            "assetSerial": 310,
            "publishes": 4
          },
          {
            "name": "crane.hydraulic.body",
            "assetVersion": 9,
            "assetSerial": 356,
            "publishes": 8
          },
          {
            "name": "crane.hydraulic.rod",
            "assetVersion": 9,
            "assetSerial": 357,
            "publishes": 8
          },
          {
            "name": "crane.hydraulic.eye.base",
            "assetVersion": 5,
            "assetSerial": 313,
            "publishes": 4
          },
          {
            "name": "crane.hydraulic.eye.boom",
            "assetVersion": 9,
            "assetSerial": 358,
            "publishes": 8
          },
          {
            "name": "crane.hoist.cable",
            "assetVersion": 15,
            "assetSerial": 391,
            "publishes": 14
          },
          {
            "name": "crane.hook",
            "assetVersion": 15,
            "assetSerial": 392,
            "publishes": 14
          },
          {
            "name": "crane.load.body",
            "assetVersion": 15,
            "assetSerial": 393,
            "publishes": 14
          },
          {
            "name": "crane.load.strap-front.0",
            "assetVersion": 15,
            "assetSerial": 394,
            "publishes": 14
          },
          {
            "name": "crane.load.strap-back.0",
            "assetVersion": 15,
            "assetSerial": 395,
            "publishes": 14
          },
          {
            "name": "crane.load.strap-top.0",
            "assetVersion": 15,
            "assetSerial": 396,
            "publishes": 14
          },
          {
            "name": "crane.load.strap-front.1",
            "assetVersion": 15,
            "assetSerial": 397,
            "publishes": 14
          },
          {
            "name": "crane.load.strap-back.1",
            "assetVersion": 15,
            "assetSerial": 398,
            "publishes": 14
          },
          {
            "name": "crane.load.strap-top.1",
            "assetVersion": 15,
            "assetSerial": 399,
            "publishes": 14
          },
          {
            "name": "crane.sling.0",
            "assetVersion": 15,
            "assetSerial": 400,
            "publishes": 14
          },
          {
            "name": "crane.sling.1",
            "assetVersion": 15,
            "assetSerial": 401,
            "publishes": 14
          },
          {
            "name": "crane.sling.2",
            "assetVersion": 15,
            "assetSerial": 402,
            "publishes": 14
          },
          {
            "name": "crane.sling.3",
            "assetVersion": 15,
            "assetSerial": 403,
            "publishes": 14
          },
          {
            "name": "wall.body.continuous",
            "assetVersion": 3,
            "assetSerial": 181,
            "publishes": 2
          },
          {
            "name": "wall.arch.00",
            "assetVersion": 3,
            "assetSerial": 182,
            "publishes": 2
          },
          {
            "name": "wall.arch.01",
            "assetVersion": 3,
            "assetSerial": 183,
            "publishes": 2
          },
          {
            "name": "wall.arch.02",
            "assetVersion": 3,
            "assetSerial": 184,
            "publishes": 2
          },
          {
            "name": "wall.arch.03",
            "assetVersion": 3,
            "assetSerial": 185,
            "publishes": 2
          },
          {
            "name": "wall.arch.04",
            "assetVersion": 3,
            "assetSerial": 186,
            "publishes": 2
          },
          {
            "name": "wall.arch.05",
            "assetVersion": 3,
            "assetSerial": 187,
            "publishes": 2
          },
          {
            "name": "wall.arch.06",
            "assetVersion": 3,
            "assetSerial": 188,
            "publishes": 2
          },
          {
            "name": "wall.arch.07",
            "assetVersion": 3,
            "assetSerial": 189,
            "publishes": 2
          },
          {
            "name": "wall.arch.08",
            "assetVersion": 3,
            "assetSerial": 190,
            "publishes": 2
          },
          {
            "name": "wall.arch.09",
            "assetVersion": 3,
            "assetSerial": 191,
            "publishes": 2
          },
          {
            "name": "wall.arch.10",
            "assetVersion": 3,
            "assetSerial": 192,
            "publishes": 2
          },
          {
            "name": "wall.arch.11",
            "assetVersion": 3,
            "assetSerial": 193,
            "publishes": 2
          },
          {
            "name": "wall.cap",
            "assetVersion": 1,
            "assetSerial": 48,
            "publishes": 0
          },
          {
            "name": "wall.lamp.backplate",
            "assetVersion": 1,
            "assetSerial": 49,
            "publishes": 0
          },
          {
            "name": "wall.lamp.diffuser",
            "assetVersion": 1,
            "assetSerial": 50,
            "publishes": 0
          },
          {
            "name": "pipe.hollow-elbow.outer",
            "assetVersion": 3,
            "assetSerial": 197,
            "publishes": 2
          },
          {
            "name": "pipe.hollow-elbow.inner",
            "assetVersion": 3,
            "assetSerial": 198,
            "publishes": 2
          },
          {
            "name": "pipe.hollow-elbow.rims",
            "assetVersion": 3,
            "assetSerial": 199,
            "publishes": 2
          },
          {
            "name": "prop.crate.body",
            "assetVersion": 1,
            "assetSerial": 54,
            "publishes": 0
          },
          {
            "name": "prop.crate.strap-front.0",
            "assetVersion": 1,
            "assetSerial": 55,
            "publishes": 0
          },
          {
            "name": "prop.crate.strap-back.0",
            "assetVersion": 1,
            "assetSerial": 56,
            "publishes": 0
          },
          {
            "name": "prop.crate.strap-top.0",
            "assetVersion": 1,
            "assetSerial": 57,
            "publishes": 0
          },
          {
            "name": "prop.crate.strap-front.1",
            "assetVersion": 1,
            "assetSerial": 58,
            "publishes": 0
          },
          {
            "name": "prop.crate.strap-back.1",
            "assetVersion": 1,
            "assetSerial": 59,
            "publishes": 0
          },
          {
            "name": "prop.crate.strap-top.1",
            "assetVersion": 1,
            "assetSerial": 60,
            "publishes": 0
          },
          {
            "name": "prop.drum.body",
            "assetVersion": 1,
            "assetSerial": 61,
            "publishes": 0
          },
          {
            "name": "prop.drum.band.0",
            "assetVersion": 1,
            "assetSerial": 62,
            "publishes": 0
          },
          {
            "name": "prop.drum.band.1",
            "assetVersion": 1,
            "assetSerial": 63,
            "publishes": 0
          },
          {
            "name": "prop.bollard",
            "assetVersion": 1,
            "assetSerial": 64,
            "publishes": 0
          },
          {
            "name": "prop.bollard.cap",
            "assetVersion": 1,
            "assetSerial": 65,
            "publishes": 0
          }
        ],
        "definitions": {
          "sceneId": "UUID allocated once inside and stored on the actual ECS world; original world reference checked at every publication.",
          "entityId": "Native ECS index:generation, obtained from serializeEntityRef; no author-assigned substitute.",
          "meshId": "Native stable MeshHandle.id used by the ECS MeshRenderer and asset registry.",
          "entityCount": "Actual world.entityVersionTrackingSize(), covering live mesh, camera and light entities.",
          "meshAssetReplacements": "Successful meshes.publish calls that replace an existing native MeshAsset object; initial assets are separate.",
          "publishedVertexArrayReplacements": "New published vertex stream typed-array objects, separate from real GPUBuffer counters.",
          "publishedIndexArrayReplacements": "New published native index typed-array objects, excluding nonindexed draws.",
          "entityCreateCalls": "Observed actual world.createEntity calls since author system init, including camera and lights.",
          "entityDestroyCalls": "Observed destroy calls on entities returned by that native world.",
          "assetSerial": "Observation number of actual native MeshAsset object creation/publication; it changes on replacement and is not a mesh identity."
        }
      }
    },
    {
      "rawBytesChecked": 220704,
      "rawBuffersChecked": 66,
      "negativeZeros": 444,
      "rawResetEquivalent": true,
      "id": "s19-c2-hoist",
      "revision": 20,
      "snapshotFrame": 19,
      "meshCount": 65,
      "entityCount": 70,
      "nativeChecks": 261,
      "nativeChecksOk": true,
      "identityStable": true,
      "resetEquivalent": true,
      "snapshotDrawCount": 65,
      "resources": {
        "initialMeshAssets": 65,
        "meshAssetReplacements": 351,
        "publishedVertexArrayReplacements": 351,
        "publishedIndexArrayReplacements": 2,
        "entityCreateCalls": 70,
        "entityDestroyCalls": 0,
        "currentMeshAssets": 65,
        "changedMeshes": [
          {
            "name": "crane.hoist.cable",
            "version": 16
          },
          {
            "name": "crane.hook",
            "version": 16
          },
          {
            "name": "crane.load.body",
            "version": 16
          },
          {
            "name": "crane.load.strap-front.0",
            "version": 16
          },
          {
            "name": "crane.load.strap-back.0",
            "version": 16
          },
          {
            "name": "crane.load.strap-top.0",
            "version": 16
          },
          {
            "name": "crane.load.strap-front.1",
            "version": 16
          },
          {
            "name": "crane.load.strap-back.1",
            "version": 16
          },
          {
            "name": "crane.load.strap-top.1",
            "version": 16
          },
          {
            "name": "crane.sling.0",
            "version": 16
          },
          {
            "name": "crane.sling.1",
            "version": 16
          },
          {
            "name": "crane.sling.2",
            "version": 16
          },
          {
            "name": "crane.sling.3",
            "version": 16
          }
        ],
        "assetVersions": [
          {
            "name": "courtyard.slab",
            "assetVersion": 1,
            "assetSerial": 1,
            "publishes": 0
          },
          {
            "name": "platform.lower",
            "assetVersion": 3,
            "assetSerial": 295,
            "publishes": 2
          },
          {
            "name": "platform.middle",
            "assetVersion": 3,
            "assetSerial": 296,
            "publishes": 2
          },
          {
            "name": "platform.upper",
            "assetVersion": 5,
            "assetSerial": 297,
            "publishes": 4
          },
          {
            "name": "crane.foot",
            "assetVersion": 5,
            "assetSerial": 298,
            "publishes": 4
          },
          {
            "name": "crane.turntable",
            "assetVersion": 5,
            "assetSerial": 299,
            "publishes": 4
          },
          {
            "name": "crane.pedestal",
            "assetVersion": 5,
            "assetSerial": 300,
            "publishes": 4
          },
          {
            "name": "crane.counterweight",
            "assetVersion": 5,
            "assetSerial": 301,
            "publishes": 4
          },
          {
            "name": "crane.boom.lower",
            "assetVersion": 9,
            "assetSerial": 350,
            "publishes": 8
          },
          {
            "name": "crane.boom.upper",
            "assetVersion": 13,
            "assetSerial": 388,
            "publishes": 12
          },
          {
            "name": "crane.pin.shoulder",
            "assetVersion": 5,
            "assetSerial": 304,
            "publishes": 4
          },
          {
            "name": "crane.pin-cap.shoulder",
            "assetVersion": 5,
            "assetSerial": 305,
            "publishes": 4
          },
          {
            "name": "crane.pin.elbow",
            "assetVersion": 9,
            "assetSerial": 352,
            "publishes": 8
          },
          {
            "name": "crane.pin-cap.elbow",
            "assetVersion": 9,
            "assetSerial": 353,
            "publishes": 8
          },
          {
            "name": "crane.pin.tip",
            "assetVersion": 13,
            "assetSerial": 389,
            "publishes": 12
          },
          {
            "name": "crane.pin-cap.tip",
            "assetVersion": 13,
            "assetSerial": 390,
            "publishes": 12
          },
          {
            "name": "crane.hydraulic-mount",
            "assetVersion": 5,
            "assetSerial": 310,
            "publishes": 4
          },
          {
            "name": "crane.hydraulic.body",
            "assetVersion": 9,
            "assetSerial": 356,
            "publishes": 8
          },
          {
            "name": "crane.hydraulic.rod",
            "assetVersion": 9,
            "assetSerial": 357,
            "publishes": 8
          },
          {
            "name": "crane.hydraulic.eye.base",
            "assetVersion": 5,
            "assetSerial": 313,
            "publishes": 4
          },
          {
            "name": "crane.hydraulic.eye.boom",
            "assetVersion": 9,
            "assetSerial": 358,
            "publishes": 8
          },
          {
            "name": "crane.hoist.cable",
            "assetVersion": 16,
            "assetSerial": 404,
            "publishes": 15
          },
          {
            "name": "crane.hook",
            "assetVersion": 16,
            "assetSerial": 405,
            "publishes": 15
          },
          {
            "name": "crane.load.body",
            "assetVersion": 16,
            "assetSerial": 406,
            "publishes": 15
          },
          {
            "name": "crane.load.strap-front.0",
            "assetVersion": 16,
            "assetSerial": 407,
            "publishes": 15
          },
          {
            "name": "crane.load.strap-back.0",
            "assetVersion": 16,
            "assetSerial": 408,
            "publishes": 15
          },
          {
            "name": "crane.load.strap-top.0",
            "assetVersion": 16,
            "assetSerial": 409,
            "publishes": 15
          },
          {
            "name": "crane.load.strap-front.1",
            "assetVersion": 16,
            "assetSerial": 410,
            "publishes": 15
          },
          {
            "name": "crane.load.strap-back.1",
            "assetVersion": 16,
            "assetSerial": 411,
            "publishes": 15
          },
          {
            "name": "crane.load.strap-top.1",
            "assetVersion": 16,
            "assetSerial": 412,
            "publishes": 15
          },
          {
            "name": "crane.sling.0",
            "assetVersion": 16,
            "assetSerial": 413,
            "publishes": 15
          },
          {
            "name": "crane.sling.1",
            "assetVersion": 16,
            "assetSerial": 414,
            "publishes": 15
          },
          {
            "name": "crane.sling.2",
            "assetVersion": 16,
            "assetSerial": 415,
            "publishes": 15
          },
          {
            "name": "crane.sling.3",
            "assetVersion": 16,
            "assetSerial": 416,
            "publishes": 15
          },
          {
            "name": "wall.body.continuous",
            "assetVersion": 3,
            "assetSerial": 181,
            "publishes": 2
          },
          {
            "name": "wall.arch.00",
            "assetVersion": 3,
            "assetSerial": 182,
            "publishes": 2
          },
          {
            "name": "wall.arch.01",
            "assetVersion": 3,
            "assetSerial": 183,
            "publishes": 2
          },
          {
            "name": "wall.arch.02",
            "assetVersion": 3,
            "assetSerial": 184,
            "publishes": 2
          },
          {
            "name": "wall.arch.03",
            "assetVersion": 3,
            "assetSerial": 185,
            "publishes": 2
          },
          {
            "name": "wall.arch.04",
            "assetVersion": 3,
            "assetSerial": 186,
            "publishes": 2
          },
          {
            "name": "wall.arch.05",
            "assetVersion": 3,
            "assetSerial": 187,
            "publishes": 2
          },
          {
            "name": "wall.arch.06",
            "assetVersion": 3,
            "assetSerial": 188,
            "publishes": 2
          },
          {
            "name": "wall.arch.07",
            "assetVersion": 3,
            "assetSerial": 189,
            "publishes": 2
          },
          {
            "name": "wall.arch.08",
            "assetVersion": 3,
            "assetSerial": 190,
            "publishes": 2
          },
          {
            "name": "wall.arch.09",
            "assetVersion": 3,
            "assetSerial": 191,
            "publishes": 2
          },
          {
            "name": "wall.arch.10",
            "assetVersion": 3,
            "assetSerial": 192,
            "publishes": 2
          },
          {
            "name": "wall.arch.11",
            "assetVersion": 3,
            "assetSerial": 193,
            "publishes": 2
          },
          {
            "name": "wall.cap",
            "assetVersion": 1,
            "assetSerial": 48,
            "publishes": 0
          },
          {
            "name": "wall.lamp.backplate",
            "assetVersion": 1,
            "assetSerial": 49,
            "publishes": 0
          },
          {
            "name": "wall.lamp.diffuser",
            "assetVersion": 1,
            "assetSerial": 50,
            "publishes": 0
          },
          {
            "name": "pipe.hollow-elbow.outer",
            "assetVersion": 3,
            "assetSerial": 197,
            "publishes": 2
          },
          {
            "name": "pipe.hollow-elbow.inner",
            "assetVersion": 3,
            "assetSerial": 198,
            "publishes": 2
          },
          {
            "name": "pipe.hollow-elbow.rims",
            "assetVersion": 3,
            "assetSerial": 199,
            "publishes": 2
          },
          {
            "name": "prop.crate.body",
            "assetVersion": 1,
            "assetSerial": 54,
            "publishes": 0
          },
          {
            "name": "prop.crate.strap-front.0",
            "assetVersion": 1,
            "assetSerial": 55,
            "publishes": 0
          },
          {
            "name": "prop.crate.strap-back.0",
            "assetVersion": 1,
            "assetSerial": 56,
            "publishes": 0
          },
          {
            "name": "prop.crate.strap-top.0",
            "assetVersion": 1,
            "assetSerial": 57,
            "publishes": 0
          },
          {
            "name": "prop.crate.strap-front.1",
            "assetVersion": 1,
            "assetSerial": 58,
            "publishes": 0
          },
          {
            "name": "prop.crate.strap-back.1",
            "assetVersion": 1,
            "assetSerial": 59,
            "publishes": 0
          },
          {
            "name": "prop.crate.strap-top.1",
            "assetVersion": 1,
            "assetSerial": 60,
            "publishes": 0
          },
          {
            "name": "prop.drum.body",
            "assetVersion": 1,
            "assetSerial": 61,
            "publishes": 0
          },
          {
            "name": "prop.drum.band.0",
            "assetVersion": 1,
            "assetSerial": 62,
            "publishes": 0
          },
          {
            "name": "prop.drum.band.1",
            "assetVersion": 1,
            "assetSerial": 63,
            "publishes": 0
          },
          {
            "name": "prop.bollard",
            "assetVersion": 1,
            "assetSerial": 64,
            "publishes": 0
          },
          {
            "name": "prop.bollard.cap",
            "assetVersion": 1,
            "assetSerial": 65,
            "publishes": 0
          }
        ],
        "definitions": {
          "sceneId": "UUID allocated once inside and stored on the actual ECS world; original world reference checked at every publication.",
          "entityId": "Native ECS index:generation, obtained from serializeEntityRef; no author-assigned substitute.",
          "meshId": "Native stable MeshHandle.id used by the ECS MeshRenderer and asset registry.",
          "entityCount": "Actual world.entityVersionTrackingSize(), covering live mesh, camera and light entities.",
          "meshAssetReplacements": "Successful meshes.publish calls that replace an existing native MeshAsset object; initial assets are separate.",
          "publishedVertexArrayReplacements": "New published vertex stream typed-array objects, separate from real GPUBuffer counters.",
          "publishedIndexArrayReplacements": "New published native index typed-array objects, excluding nonindexed draws.",
          "entityCreateCalls": "Observed actual world.createEntity calls since author system init, including camera and lights.",
          "entityDestroyCalls": "Observed destroy calls on entities returned by that native world.",
          "assetSerial": "Observation number of actual native MeshAsset object creation/publication; it changes on replacement and is not a mesh identity."
        }
      }
    },
    {
      "rawBytesChecked": 220704,
      "rawBuffersChecked": 66,
      "negativeZeros": 444,
      "rawResetEquivalent": true,
      "id": "s20-c2-reset-hoist",
      "revision": 21,
      "snapshotFrame": 20,
      "meshCount": 65,
      "entityCount": 70,
      "nativeChecks": 261,
      "nativeChecksOk": true,
      "identityStable": true,
      "resetEquivalent": true,
      "snapshotDrawCount": 65,
      "resources": {
        "initialMeshAssets": 65,
        "meshAssetReplacements": 364,
        "publishedVertexArrayReplacements": 364,
        "publishedIndexArrayReplacements": 2,
        "entityCreateCalls": 70,
        "entityDestroyCalls": 0,
        "currentMeshAssets": 65,
        "changedMeshes": [
          {
            "name": "crane.hoist.cable",
            "version": 17
          },
          {
            "name": "crane.hook",
            "version": 17
          },
          {
            "name": "crane.load.body",
            "version": 17
          },
          {
            "name": "crane.load.strap-front.0",
            "version": 17
          },
          {
            "name": "crane.load.strap-back.0",
            "version": 17
          },
          {
            "name": "crane.load.strap-top.0",
            "version": 17
          },
          {
            "name": "crane.load.strap-front.1",
            "version": 17
          },
          {
            "name": "crane.load.strap-back.1",
            "version": 17
          },
          {
            "name": "crane.load.strap-top.1",
            "version": 17
          },
          {
            "name": "crane.sling.0",
            "version": 17
          },
          {
            "name": "crane.sling.1",
            "version": 17
          },
          {
            "name": "crane.sling.2",
            "version": 17
          },
          {
            "name": "crane.sling.3",
            "version": 17
          }
        ],
        "assetVersions": [
          {
            "name": "courtyard.slab",
            "assetVersion": 1,
            "assetSerial": 1,
            "publishes": 0
          },
          {
            "name": "platform.lower",
            "assetVersion": 3,
            "assetSerial": 295,
            "publishes": 2
          },
          {
            "name": "platform.middle",
            "assetVersion": 3,
            "assetSerial": 296,
            "publishes": 2
          },
          {
            "name": "platform.upper",
            "assetVersion": 5,
            "assetSerial": 297,
            "publishes": 4
          },
          {
            "name": "crane.foot",
            "assetVersion": 5,
            "assetSerial": 298,
            "publishes": 4
          },
          {
            "name": "crane.turntable",
            "assetVersion": 5,
            "assetSerial": 299,
            "publishes": 4
          },
          {
            "name": "crane.pedestal",
            "assetVersion": 5,
            "assetSerial": 300,
            "publishes": 4
          },
          {
            "name": "crane.counterweight",
            "assetVersion": 5,
            "assetSerial": 301,
            "publishes": 4
          },
          {
            "name": "crane.boom.lower",
            "assetVersion": 9,
            "assetSerial": 350,
            "publishes": 8
          },
          {
            "name": "crane.boom.upper",
            "assetVersion": 13,
            "assetSerial": 388,
            "publishes": 12
          },
          {
            "name": "crane.pin.shoulder",
            "assetVersion": 5,
            "assetSerial": 304,
            "publishes": 4
          },
          {
            "name": "crane.pin-cap.shoulder",
            "assetVersion": 5,
            "assetSerial": 305,
            "publishes": 4
          },
          {
            "name": "crane.pin.elbow",
            "assetVersion": 9,
            "assetSerial": 352,
            "publishes": 8
          },
          {
            "name": "crane.pin-cap.elbow",
            "assetVersion": 9,
            "assetSerial": 353,
            "publishes": 8
          },
          {
            "name": "crane.pin.tip",
            "assetVersion": 13,
            "assetSerial": 389,
            "publishes": 12
          },
          {
            "name": "crane.pin-cap.tip",
            "assetVersion": 13,
            "assetSerial": 390,
            "publishes": 12
          },
          {
            "name": "crane.hydraulic-mount",
            "assetVersion": 5,
            "assetSerial": 310,
            "publishes": 4
          },
          {
            "name": "crane.hydraulic.body",
            "assetVersion": 9,
            "assetSerial": 356,
            "publishes": 8
          },
          {
            "name": "crane.hydraulic.rod",
            "assetVersion": 9,
            "assetSerial": 357,
            "publishes": 8
          },
          {
            "name": "crane.hydraulic.eye.base",
            "assetVersion": 5,
            "assetSerial": 313,
            "publishes": 4
          },
          {
            "name": "crane.hydraulic.eye.boom",
            "assetVersion": 9,
            "assetSerial": 358,
            "publishes": 8
          },
          {
            "name": "crane.hoist.cable",
            "assetVersion": 17,
            "assetSerial": 417,
            "publishes": 16
          },
          {
            "name": "crane.hook",
            "assetVersion": 17,
            "assetSerial": 418,
            "publishes": 16
          },
          {
            "name": "crane.load.body",
            "assetVersion": 17,
            "assetSerial": 419,
            "publishes": 16
          },
          {
            "name": "crane.load.strap-front.0",
            "assetVersion": 17,
            "assetSerial": 420,
            "publishes": 16
          },
          {
            "name": "crane.load.strap-back.0",
            "assetVersion": 17,
            "assetSerial": 421,
            "publishes": 16
          },
          {
            "name": "crane.load.strap-top.0",
            "assetVersion": 17,
            "assetSerial": 422,
            "publishes": 16
          },
          {
            "name": "crane.load.strap-front.1",
            "assetVersion": 17,
            "assetSerial": 423,
            "publishes": 16
          },
          {
            "name": "crane.load.strap-back.1",
            "assetVersion": 17,
            "assetSerial": 424,
            "publishes": 16
          },
          {
            "name": "crane.load.strap-top.1",
            "assetVersion": 17,
            "assetSerial": 425,
            "publishes": 16
          },
          {
            "name": "crane.sling.0",
            "assetVersion": 17,
            "assetSerial": 426,
            "publishes": 16
          },
          {
            "name": "crane.sling.1",
            "assetVersion": 17,
            "assetSerial": 427,
            "publishes": 16
          },
          {
            "name": "crane.sling.2",
            "assetVersion": 17,
            "assetSerial": 428,
            "publishes": 16
          },
          {
            "name": "crane.sling.3",
            "assetVersion": 17,
            "assetSerial": 429,
            "publishes": 16
          },
          {
            "name": "wall.body.continuous",
            "assetVersion": 3,
            "assetSerial": 181,
            "publishes": 2
          },
          {
            "name": "wall.arch.00",
            "assetVersion": 3,
            "assetSerial": 182,
            "publishes": 2
          },
          {
            "name": "wall.arch.01",
            "assetVersion": 3,
            "assetSerial": 183,
            "publishes": 2
          },
          {
            "name": "wall.arch.02",
            "assetVersion": 3,
            "assetSerial": 184,
            "publishes": 2
          },
          {
            "name": "wall.arch.03",
            "assetVersion": 3,
            "assetSerial": 185,
            "publishes": 2
          },
          {
            "name": "wall.arch.04",
            "assetVersion": 3,
            "assetSerial": 186,
            "publishes": 2
          },
          {
            "name": "wall.arch.05",
            "assetVersion": 3,
            "assetSerial": 187,
            "publishes": 2
          },
          {
            "name": "wall.arch.06",
            "assetVersion": 3,
            "assetSerial": 188,
            "publishes": 2
          },
          {
            "name": "wall.arch.07",
            "assetVersion": 3,
            "assetSerial": 189,
            "publishes": 2
          },
          {
            "name": "wall.arch.08",
            "assetVersion": 3,
            "assetSerial": 190,
            "publishes": 2
          },
          {
            "name": "wall.arch.09",
            "assetVersion": 3,
            "assetSerial": 191,
            "publishes": 2
          },
          {
            "name": "wall.arch.10",
            "assetVersion": 3,
            "assetSerial": 192,
            "publishes": 2
          },
          {
            "name": "wall.arch.11",
            "assetVersion": 3,
            "assetSerial": 193,
            "publishes": 2
          },
          {
            "name": "wall.cap",
            "assetVersion": 1,
            "assetSerial": 48,
            "publishes": 0
          },
          {
            "name": "wall.lamp.backplate",
            "assetVersion": 1,
            "assetSerial": 49,
            "publishes": 0
          },
          {
            "name": "wall.lamp.diffuser",
            "assetVersion": 1,
            "assetSerial": 50,
            "publishes": 0
          },
          {
            "name": "pipe.hollow-elbow.outer",
            "assetVersion": 3,
            "assetSerial": 197,
            "publishes": 2
          },
          {
            "name": "pipe.hollow-elbow.inner",
            "assetVersion": 3,
            "assetSerial": 198,
            "publishes": 2
          },
          {
            "name": "pipe.hollow-elbow.rims",
            "assetVersion": 3,
            "assetSerial": 199,
            "publishes": 2
          },
          {
            "name": "prop.crate.body",
            "assetVersion": 1,
            "assetSerial": 54,
            "publishes": 0
          },
          {
            "name": "prop.crate.strap-front.0",
            "assetVersion": 1,
            "assetSerial": 55,
            "publishes": 0
          },
          {
            "name": "prop.crate.strap-back.0",
            "assetVersion": 1,
            "assetSerial": 56,
            "publishes": 0
          },
          {
            "name": "prop.crate.strap-top.0",
            "assetVersion": 1,
            "assetSerial": 57,
            "publishes": 0
          },
          {
            "name": "prop.crate.strap-front.1",
            "assetVersion": 1,
            "assetSerial": 58,
            "publishes": 0
          },
          {
            "name": "prop.crate.strap-back.1",
            "assetVersion": 1,
            "assetSerial": 59,
            "publishes": 0
          },
          {
            "name": "prop.crate.strap-top.1",
            "assetVersion": 1,
            "assetSerial": 60,
            "publishes": 0
          },
          {
            "name": "prop.drum.body",
            "assetVersion": 1,
            "assetSerial": 61,
            "publishes": 0
          },
          {
            "name": "prop.drum.band.0",
            "assetVersion": 1,
            "assetSerial": 62,
            "publishes": 0
          },
          {
            "name": "prop.drum.band.1",
            "assetVersion": 1,
            "assetSerial": 63,
            "publishes": 0
          },
          {
            "name": "prop.bollard",
            "assetVersion": 1,
            "assetSerial": 64,
            "publishes": 0
          },
          {
            "name": "prop.bollard.cap",
            "assetVersion": 1,
            "assetSerial": 65,
            "publishes": 0
          }
        ],
        "definitions": {
          "sceneId": "UUID allocated once inside and stored on the actual ECS world; original world reference checked at every publication.",
          "entityId": "Native ECS index:generation, obtained from serializeEntityRef; no author-assigned substitute.",
          "meshId": "Native stable MeshHandle.id used by the ECS MeshRenderer and asset registry.",
          "entityCount": "Actual world.entityVersionTrackingSize(), covering live mesh, camera and light entities.",
          "meshAssetReplacements": "Successful meshes.publish calls that replace an existing native MeshAsset object; initial assets are separate.",
          "publishedVertexArrayReplacements": "New published vertex stream typed-array objects, separate from real GPUBuffer counters.",
          "publishedIndexArrayReplacements": "New published native index typed-array objects, excluding nonindexed draws.",
          "entityCreateCalls": "Observed actual world.createEntity calls since author system init, including camera and lights.",
          "entityDestroyCalls": "Observed destroy calls on entities returned by that native world.",
          "assetSerial": "Observation number of actual native MeshAsset object creation/publication; it changes on replacement and is not a mesh identity."
        }
      }
    },
    {
      "rawBytesChecked": 220704,
      "rawBuffersChecked": 66,
      "negativeZeros": 444,
      "rawResetEquivalent": true,
      "id": "s21-c2-arch",
      "revision": 22,
      "snapshotFrame": 21,
      "meshCount": 65,
      "entityCount": 70,
      "nativeChecks": 261,
      "nativeChecksOk": true,
      "identityStable": true,
      "resetEquivalent": true,
      "snapshotDrawCount": 65,
      "resources": {
        "initialMeshAssets": 65,
        "meshAssetReplacements": 377,
        "publishedVertexArrayReplacements": 377,
        "publishedIndexArrayReplacements": 3,
        "entityCreateCalls": 70,
        "entityDestroyCalls": 0,
        "currentMeshAssets": 65,
        "changedMeshes": [
          {
            "name": "wall.body.continuous",
            "version": 4
          },
          {
            "name": "wall.arch.00",
            "version": 4
          },
          {
            "name": "wall.arch.01",
            "version": 4
          },
          {
            "name": "wall.arch.02",
            "version": 4
          },
          {
            "name": "wall.arch.03",
            "version": 4
          },
          {
            "name": "wall.arch.04",
            "version": 4
          },
          {
            "name": "wall.arch.05",
            "version": 4
          },
          {
            "name": "wall.arch.06",
            "version": 4
          },
          {
            "name": "wall.arch.07",
            "version": 4
          },
          {
            "name": "wall.arch.08",
            "version": 4
          },
          {
            "name": "wall.arch.09",
            "version": 4
          },
          {
            "name": "wall.arch.10",
            "version": 4
          },
          {
            "name": "wall.arch.11",
            "version": 4
          }
        ],
        "assetVersions": [
          {
            "name": "courtyard.slab",
            "assetVersion": 1,
            "assetSerial": 1,
            "publishes": 0
          },
          {
            "name": "platform.lower",
            "assetVersion": 3,
            "assetSerial": 295,
            "publishes": 2
          },
          {
            "name": "platform.middle",
            "assetVersion": 3,
            "assetSerial": 296,
            "publishes": 2
          },
          {
            "name": "platform.upper",
            "assetVersion": 5,
            "assetSerial": 297,
            "publishes": 4
          },
          {
            "name": "crane.foot",
            "assetVersion": 5,
            "assetSerial": 298,
            "publishes": 4
          },
          {
            "name": "crane.turntable",
            "assetVersion": 5,
            "assetSerial": 299,
            "publishes": 4
          },
          {
            "name": "crane.pedestal",
            "assetVersion": 5,
            "assetSerial": 300,
            "publishes": 4
          },
          {
            "name": "crane.counterweight",
            "assetVersion": 5,
            "assetSerial": 301,
            "publishes": 4
          },
          {
            "name": "crane.boom.lower",
            "assetVersion": 9,
            "assetSerial": 350,
            "publishes": 8
          },
          {
            "name": "crane.boom.upper",
            "assetVersion": 13,
            "assetSerial": 388,
            "publishes": 12
          },
          {
            "name": "crane.pin.shoulder",
            "assetVersion": 5,
            "assetSerial": 304,
            "publishes": 4
          },
          {
            "name": "crane.pin-cap.shoulder",
            "assetVersion": 5,
            "assetSerial": 305,
            "publishes": 4
          },
          {
            "name": "crane.pin.elbow",
            "assetVersion": 9,
            "assetSerial": 352,
            "publishes": 8
          },
          {
            "name": "crane.pin-cap.elbow",
            "assetVersion": 9,
            "assetSerial": 353,
            "publishes": 8
          },
          {
            "name": "crane.pin.tip",
            "assetVersion": 13,
            "assetSerial": 389,
            "publishes": 12
          },
          {
            "name": "crane.pin-cap.tip",
            "assetVersion": 13,
            "assetSerial": 390,
            "publishes": 12
          },
          {
            "name": "crane.hydraulic-mount",
            "assetVersion": 5,
            "assetSerial": 310,
            "publishes": 4
          },
          {
            "name": "crane.hydraulic.body",
            "assetVersion": 9,
            "assetSerial": 356,
            "publishes": 8
          },
          {
            "name": "crane.hydraulic.rod",
            "assetVersion": 9,
            "assetSerial": 357,
            "publishes": 8
          },
          {
            "name": "crane.hydraulic.eye.base",
            "assetVersion": 5,
            "assetSerial": 313,
            "publishes": 4
          },
          {
            "name": "crane.hydraulic.eye.boom",
            "assetVersion": 9,
            "assetSerial": 358,
            "publishes": 8
          },
          {
            "name": "crane.hoist.cable",
            "assetVersion": 17,
            "assetSerial": 417,
            "publishes": 16
          },
          {
            "name": "crane.hook",
            "assetVersion": 17,
            "assetSerial": 418,
            "publishes": 16
          },
          {
            "name": "crane.load.body",
            "assetVersion": 17,
            "assetSerial": 419,
            "publishes": 16
          },
          {
            "name": "crane.load.strap-front.0",
            "assetVersion": 17,
            "assetSerial": 420,
            "publishes": 16
          },
          {
            "name": "crane.load.strap-back.0",
            "assetVersion": 17,
            "assetSerial": 421,
            "publishes": 16
          },
          {
            "name": "crane.load.strap-top.0",
            "assetVersion": 17,
            "assetSerial": 422,
            "publishes": 16
          },
          {
            "name": "crane.load.strap-front.1",
            "assetVersion": 17,
            "assetSerial": 423,
            "publishes": 16
          },
          {
            "name": "crane.load.strap-back.1",
            "assetVersion": 17,
            "assetSerial": 424,
            "publishes": 16
          },
          {
            "name": "crane.load.strap-top.1",
            "assetVersion": 17,
            "assetSerial": 425,
            "publishes": 16
          },
          {
            "name": "crane.sling.0",
            "assetVersion": 17,
            "assetSerial": 426,
            "publishes": 16
          },
          {
            "name": "crane.sling.1",
            "assetVersion": 17,
            "assetSerial": 427,
            "publishes": 16
          },
          {
            "name": "crane.sling.2",
            "assetVersion": 17,
            "assetSerial": 428,
            "publishes": 16
          },
          {
            "name": "crane.sling.3",
            "assetVersion": 17,
            "assetSerial": 429,
            "publishes": 16
          },
          {
            "name": "wall.body.continuous",
            "assetVersion": 4,
            "assetSerial": 430,
            "publishes": 3
          },
          {
            "name": "wall.arch.00",
            "assetVersion": 4,
            "assetSerial": 431,
            "publishes": 3
          },
          {
            "name": "wall.arch.01",
            "assetVersion": 4,
            "assetSerial": 432,
            "publishes": 3
          },
          {
            "name": "wall.arch.02",
            "assetVersion": 4,
            "assetSerial": 433,
            "publishes": 3
          },
          {
            "name": "wall.arch.03",
            "assetVersion": 4,
            "assetSerial": 434,
            "publishes": 3
          },
          {
            "name": "wall.arch.04",
            "assetVersion": 4,
            "assetSerial": 435,
            "publishes": 3
          },
          {
            "name": "wall.arch.05",
            "assetVersion": 4,
            "assetSerial": 436,
            "publishes": 3
          },
          {
            "name": "wall.arch.06",
            "assetVersion": 4,
            "assetSerial": 437,
            "publishes": 3
          },
          {
            "name": "wall.arch.07",
            "assetVersion": 4,
            "assetSerial": 438,
            "publishes": 3
          },
          {
            "name": "wall.arch.08",
            "assetVersion": 4,
            "assetSerial": 439,
            "publishes": 3
          },
          {
            "name": "wall.arch.09",
            "assetVersion": 4,
            "assetSerial": 440,
            "publishes": 3
          },
          {
            "name": "wall.arch.10",
            "assetVersion": 4,
            "assetSerial": 441,
            "publishes": 3
          },
          {
            "name": "wall.arch.11",
            "assetVersion": 4,
            "assetSerial": 442,
            "publishes": 3
          },
          {
            "name": "wall.cap",
            "assetVersion": 1,
            "assetSerial": 48,
            "publishes": 0
          },
          {
            "name": "wall.lamp.backplate",
            "assetVersion": 1,
            "assetSerial": 49,
            "publishes": 0
          },
          {
            "name": "wall.lamp.diffuser",
            "assetVersion": 1,
            "assetSerial": 50,
            "publishes": 0
          },
          {
            "name": "pipe.hollow-elbow.outer",
            "assetVersion": 3,
            "assetSerial": 197,
            "publishes": 2
          },
          {
            "name": "pipe.hollow-elbow.inner",
            "assetVersion": 3,
            "assetSerial": 198,
            "publishes": 2
          },
          {
            "name": "pipe.hollow-elbow.rims",
            "assetVersion": 3,
            "assetSerial": 199,
            "publishes": 2
          },
          {
            "name": "prop.crate.body",
            "assetVersion": 1,
            "assetSerial": 54,
            "publishes": 0
          },
          {
            "name": "prop.crate.strap-front.0",
            "assetVersion": 1,
            "assetSerial": 55,
            "publishes": 0
          },
          {
            "name": "prop.crate.strap-back.0",
            "assetVersion": 1,
            "assetSerial": 56,
            "publishes": 0
          },
          {
            "name": "prop.crate.strap-top.0",
            "assetVersion": 1,
            "assetSerial": 57,
            "publishes": 0
          },
          {
            "name": "prop.crate.strap-front.1",
            "assetVersion": 1,
            "assetSerial": 58,
            "publishes": 0
          },
          {
            "name": "prop.crate.strap-back.1",
            "assetVersion": 1,
            "assetSerial": 59,
            "publishes": 0
          },
          {
            "name": "prop.crate.strap-top.1",
            "assetVersion": 1,
            "assetSerial": 60,
            "publishes": 0
          },
          {
            "name": "prop.drum.body",
            "assetVersion": 1,
            "assetSerial": 61,
            "publishes": 0
          },
          {
            "name": "prop.drum.band.0",
            "assetVersion": 1,
            "assetSerial": 62,
            "publishes": 0
          },
          {
            "name": "prop.drum.band.1",
            "assetVersion": 1,
            "assetSerial": 63,
            "publishes": 0
          },
          {
            "name": "prop.bollard",
            "assetVersion": 1,
            "assetSerial": 64,
            "publishes": 0
          },
          {
            "name": "prop.bollard.cap",
            "assetVersion": 1,
            "assetSerial": 65,
            "publishes": 0
          }
        ],
        "definitions": {
          "sceneId": "UUID allocated once inside and stored on the actual ECS world; original world reference checked at every publication.",
          "entityId": "Native ECS index:generation, obtained from serializeEntityRef; no author-assigned substitute.",
          "meshId": "Native stable MeshHandle.id used by the ECS MeshRenderer and asset registry.",
          "entityCount": "Actual world.entityVersionTrackingSize(), covering live mesh, camera and light entities.",
          "meshAssetReplacements": "Successful meshes.publish calls that replace an existing native MeshAsset object; initial assets are separate.",
          "publishedVertexArrayReplacements": "New published vertex stream typed-array objects, separate from real GPUBuffer counters.",
          "publishedIndexArrayReplacements": "New published native index typed-array objects, excluding nonindexed draws.",
          "entityCreateCalls": "Observed actual world.createEntity calls since author system init, including camera and lights.",
          "entityDestroyCalls": "Observed destroy calls on entities returned by that native world.",
          "assetSerial": "Observation number of actual native MeshAsset object creation/publication; it changes on replacement and is not a mesh identity."
        }
      }
    },
    {
      "rawBytesChecked": 220704,
      "rawBuffersChecked": 66,
      "negativeZeros": 444,
      "rawResetEquivalent": true,
      "id": "s22-c2-reset-arch",
      "revision": 23,
      "snapshotFrame": 22,
      "meshCount": 65,
      "entityCount": 70,
      "nativeChecks": 261,
      "nativeChecksOk": true,
      "identityStable": true,
      "resetEquivalent": true,
      "snapshotDrawCount": 65,
      "resources": {
        "initialMeshAssets": 65,
        "meshAssetReplacements": 390,
        "publishedVertexArrayReplacements": 390,
        "publishedIndexArrayReplacements": 4,
        "entityCreateCalls": 70,
        "entityDestroyCalls": 0,
        "currentMeshAssets": 65,
        "changedMeshes": [
          {
            "name": "wall.body.continuous",
            "version": 5
          },
          {
            "name": "wall.arch.00",
            "version": 5
          },
          {
            "name": "wall.arch.01",
            "version": 5
          },
          {
            "name": "wall.arch.02",
            "version": 5
          },
          {
            "name": "wall.arch.03",
            "version": 5
          },
          {
            "name": "wall.arch.04",
            "version": 5
          },
          {
            "name": "wall.arch.05",
            "version": 5
          },
          {
            "name": "wall.arch.06",
            "version": 5
          },
          {
            "name": "wall.arch.07",
            "version": 5
          },
          {
            "name": "wall.arch.08",
            "version": 5
          },
          {
            "name": "wall.arch.09",
            "version": 5
          },
          {
            "name": "wall.arch.10",
            "version": 5
          },
          {
            "name": "wall.arch.11",
            "version": 5
          }
        ],
        "assetVersions": [
          {
            "name": "courtyard.slab",
            "assetVersion": 1,
            "assetSerial": 1,
            "publishes": 0
          },
          {
            "name": "platform.lower",
            "assetVersion": 3,
            "assetSerial": 295,
            "publishes": 2
          },
          {
            "name": "platform.middle",
            "assetVersion": 3,
            "assetSerial": 296,
            "publishes": 2
          },
          {
            "name": "platform.upper",
            "assetVersion": 5,
            "assetSerial": 297,
            "publishes": 4
          },
          {
            "name": "crane.foot",
            "assetVersion": 5,
            "assetSerial": 298,
            "publishes": 4
          },
          {
            "name": "crane.turntable",
            "assetVersion": 5,
            "assetSerial": 299,
            "publishes": 4
          },
          {
            "name": "crane.pedestal",
            "assetVersion": 5,
            "assetSerial": 300,
            "publishes": 4
          },
          {
            "name": "crane.counterweight",
            "assetVersion": 5,
            "assetSerial": 301,
            "publishes": 4
          },
          {
            "name": "crane.boom.lower",
            "assetVersion": 9,
            "assetSerial": 350,
            "publishes": 8
          },
          {
            "name": "crane.boom.upper",
            "assetVersion": 13,
            "assetSerial": 388,
            "publishes": 12
          },
          {
            "name": "crane.pin.shoulder",
            "assetVersion": 5,
            "assetSerial": 304,
            "publishes": 4
          },
          {
            "name": "crane.pin-cap.shoulder",
            "assetVersion": 5,
            "assetSerial": 305,
            "publishes": 4
          },
          {
            "name": "crane.pin.elbow",
            "assetVersion": 9,
            "assetSerial": 352,
            "publishes": 8
          },
          {
            "name": "crane.pin-cap.elbow",
            "assetVersion": 9,
            "assetSerial": 353,
            "publishes": 8
          },
          {
            "name": "crane.pin.tip",
            "assetVersion": 13,
            "assetSerial": 389,
            "publishes": 12
          },
          {
            "name": "crane.pin-cap.tip",
            "assetVersion": 13,
            "assetSerial": 390,
            "publishes": 12
          },
          {
            "name": "crane.hydraulic-mount",
            "assetVersion": 5,
            "assetSerial": 310,
            "publishes": 4
          },
          {
            "name": "crane.hydraulic.body",
            "assetVersion": 9,
            "assetSerial": 356,
            "publishes": 8
          },
          {
            "name": "crane.hydraulic.rod",
            "assetVersion": 9,
            "assetSerial": 357,
            "publishes": 8
          },
          {
            "name": "crane.hydraulic.eye.base",
            "assetVersion": 5,
            "assetSerial": 313,
            "publishes": 4
          },
          {
            "name": "crane.hydraulic.eye.boom",
            "assetVersion": 9,
            "assetSerial": 358,
            "publishes": 8
          },
          {
            "name": "crane.hoist.cable",
            "assetVersion": 17,
            "assetSerial": 417,
            "publishes": 16
          },
          {
            "name": "crane.hook",
            "assetVersion": 17,
            "assetSerial": 418,
            "publishes": 16
          },
          {
            "name": "crane.load.body",
            "assetVersion": 17,
            "assetSerial": 419,
            "publishes": 16
          },
          {
            "name": "crane.load.strap-front.0",
            "assetVersion": 17,
            "assetSerial": 420,
            "publishes": 16
          },
          {
            "name": "crane.load.strap-back.0",
            "assetVersion": 17,
            "assetSerial": 421,
            "publishes": 16
          },
          {
            "name": "crane.load.strap-top.0",
            "assetVersion": 17,
            "assetSerial": 422,
            "publishes": 16
          },
          {
            "name": "crane.load.strap-front.1",
            "assetVersion": 17,
            "assetSerial": 423,
            "publishes": 16
          },
          {
            "name": "crane.load.strap-back.1",
            "assetVersion": 17,
            "assetSerial": 424,
            "publishes": 16
          },
          {
            "name": "crane.load.strap-top.1",
            "assetVersion": 17,
            "assetSerial": 425,
            "publishes": 16
          },
          {
            "name": "crane.sling.0",
            "assetVersion": 17,
            "assetSerial": 426,
            "publishes": 16
          },
          {
            "name": "crane.sling.1",
            "assetVersion": 17,
            "assetSerial": 427,
            "publishes": 16
          },
          {
            "name": "crane.sling.2",
            "assetVersion": 17,
            "assetSerial": 428,
            "publishes": 16
          },
          {
            "name": "crane.sling.3",
            "assetVersion": 17,
            "assetSerial": 429,
            "publishes": 16
          },
          {
            "name": "wall.body.continuous",
            "assetVersion": 5,
            "assetSerial": 443,
            "publishes": 4
          },
          {
            "name": "wall.arch.00",
            "assetVersion": 5,
            "assetSerial": 444,
            "publishes": 4
          },
          {
            "name": "wall.arch.01",
            "assetVersion": 5,
            "assetSerial": 445,
            "publishes": 4
          },
          {
            "name": "wall.arch.02",
            "assetVersion": 5,
            "assetSerial": 446,
            "publishes": 4
          },
          {
            "name": "wall.arch.03",
            "assetVersion": 5,
            "assetSerial": 447,
            "publishes": 4
          },
          {
            "name": "wall.arch.04",
            "assetVersion": 5,
            "assetSerial": 448,
            "publishes": 4
          },
          {
            "name": "wall.arch.05",
            "assetVersion": 5,
            "assetSerial": 449,
            "publishes": 4
          },
          {
            "name": "wall.arch.06",
            "assetVersion": 5,
            "assetSerial": 450,
            "publishes": 4
          },
          {
            "name": "wall.arch.07",
            "assetVersion": 5,
            "assetSerial": 451,
            "publishes": 4
          },
          {
            "name": "wall.arch.08",
            "assetVersion": 5,
            "assetSerial": 452,
            "publishes": 4
          },
          {
            "name": "wall.arch.09",
            "assetVersion": 5,
            "assetSerial": 453,
            "publishes": 4
          },
          {
            "name": "wall.arch.10",
            "assetVersion": 5,
            "assetSerial": 454,
            "publishes": 4
          },
          {
            "name": "wall.arch.11",
            "assetVersion": 5,
            "assetSerial": 455,
            "publishes": 4
          },
          {
            "name": "wall.cap",
            "assetVersion": 1,
            "assetSerial": 48,
            "publishes": 0
          },
          {
            "name": "wall.lamp.backplate",
            "assetVersion": 1,
            "assetSerial": 49,
            "publishes": 0
          },
          {
            "name": "wall.lamp.diffuser",
            "assetVersion": 1,
            "assetSerial": 50,
            "publishes": 0
          },
          {
            "name": "pipe.hollow-elbow.outer",
            "assetVersion": 3,
            "assetSerial": 197,
            "publishes": 2
          },
          {
            "name": "pipe.hollow-elbow.inner",
            "assetVersion": 3,
            "assetSerial": 198,
            "publishes": 2
          },
          {
            "name": "pipe.hollow-elbow.rims",
            "assetVersion": 3,
            "assetSerial": 199,
            "publishes": 2
          },
          {
            "name": "prop.crate.body",
            "assetVersion": 1,
            "assetSerial": 54,
            "publishes": 0
          },
          {
            "name": "prop.crate.strap-front.0",
            "assetVersion": 1,
            "assetSerial": 55,
            "publishes": 0
          },
          {
            "name": "prop.crate.strap-back.0",
            "assetVersion": 1,
            "assetSerial": 56,
            "publishes": 0
          },
          {
            "name": "prop.crate.strap-top.0",
            "assetVersion": 1,
            "assetSerial": 57,
            "publishes": 0
          },
          {
            "name": "prop.crate.strap-front.1",
            "assetVersion": 1,
            "assetSerial": 58,
            "publishes": 0
          },
          {
            "name": "prop.crate.strap-back.1",
            "assetVersion": 1,
            "assetSerial": 59,
            "publishes": 0
          },
          {
            "name": "prop.crate.strap-top.1",
            "assetVersion": 1,
            "assetSerial": 60,
            "publishes": 0
          },
          {
            "name": "prop.drum.body",
            "assetVersion": 1,
            "assetSerial": 61,
            "publishes": 0
          },
          {
            "name": "prop.drum.band.0",
            "assetVersion": 1,
            "assetSerial": 62,
            "publishes": 0
          },
          {
            "name": "prop.drum.band.1",
            "assetVersion": 1,
            "assetSerial": 63,
            "publishes": 0
          },
          {
            "name": "prop.bollard",
            "assetVersion": 1,
            "assetSerial": 64,
            "publishes": 0
          },
          {
            "name": "prop.bollard.cap",
            "assetVersion": 1,
            "assetSerial": 65,
            "publishes": 0
          }
        ],
        "definitions": {
          "sceneId": "UUID allocated once inside and stored on the actual ECS world; original world reference checked at every publication.",
          "entityId": "Native ECS index:generation, obtained from serializeEntityRef; no author-assigned substitute.",
          "meshId": "Native stable MeshHandle.id used by the ECS MeshRenderer and asset registry.",
          "entityCount": "Actual world.entityVersionTrackingSize(), covering live mesh, camera and light entities.",
          "meshAssetReplacements": "Successful meshes.publish calls that replace an existing native MeshAsset object; initial assets are separate.",
          "publishedVertexArrayReplacements": "New published vertex stream typed-array objects, separate from real GPUBuffer counters.",
          "publishedIndexArrayReplacements": "New published native index typed-array objects, excluding nonindexed draws.",
          "entityCreateCalls": "Observed actual world.createEntity calls since author system init, including camera and lights.",
          "entityDestroyCalls": "Observed destroy calls on entities returned by that native world.",
          "assetSerial": "Observation number of actual native MeshAsset object creation/publication; it changes on replacement and is not a mesh identity."
        }
      }
    },
    {
      "rawBytesChecked": 220704,
      "rawBuffersChecked": 66,
      "negativeZeros": 444,
      "rawResetEquivalent": true,
      "id": "s23-c2-pipe",
      "revision": 24,
      "snapshotFrame": 23,
      "meshCount": 65,
      "entityCount": 70,
      "nativeChecks": 261,
      "nativeChecksOk": true,
      "identityStable": true,
      "resetEquivalent": true,
      "snapshotDrawCount": 65,
      "resources": {
        "initialMeshAssets": 65,
        "meshAssetReplacements": 393,
        "publishedVertexArrayReplacements": 393,
        "publishedIndexArrayReplacements": 4,
        "entityCreateCalls": 70,
        "entityDestroyCalls": 0,
        "currentMeshAssets": 65,
        "changedMeshes": [
          {
            "name": "pipe.hollow-elbow.outer",
            "version": 4
          },
          {
            "name": "pipe.hollow-elbow.inner",
            "version": 4
          },
          {
            "name": "pipe.hollow-elbow.rims",
            "version": 4
          }
        ],
        "assetVersions": [
          {
            "name": "courtyard.slab",
            "assetVersion": 1,
            "assetSerial": 1,
            "publishes": 0
          },
          {
            "name": "platform.lower",
            "assetVersion": 3,
            "assetSerial": 295,
            "publishes": 2
          },
          {
            "name": "platform.middle",
            "assetVersion": 3,
            "assetSerial": 296,
            "publishes": 2
          },
          {
            "name": "platform.upper",
            "assetVersion": 5,
            "assetSerial": 297,
            "publishes": 4
          },
          {
            "name": "crane.foot",
            "assetVersion": 5,
            "assetSerial": 298,
            "publishes": 4
          },
          {
            "name": "crane.turntable",
            "assetVersion": 5,
            "assetSerial": 299,
            "publishes": 4
          },
          {
            "name": "crane.pedestal",
            "assetVersion": 5,
            "assetSerial": 300,
            "publishes": 4
          },
          {
            "name": "crane.counterweight",
            "assetVersion": 5,
            "assetSerial": 301,
            "publishes": 4
          },
          {
            "name": "crane.boom.lower",
            "assetVersion": 9,
            "assetSerial": 350,
            "publishes": 8
          },
          {
            "name": "crane.boom.upper",
            "assetVersion": 13,
            "assetSerial": 388,
            "publishes": 12
          },
          {
            "name": "crane.pin.shoulder",
            "assetVersion": 5,
            "assetSerial": 304,
            "publishes": 4
          },
          {
            "name": "crane.pin-cap.shoulder",
            "assetVersion": 5,
            "assetSerial": 305,
            "publishes": 4
          },
          {
            "name": "crane.pin.elbow",
            "assetVersion": 9,
            "assetSerial": 352,
            "publishes": 8
          },
          {
            "name": "crane.pin-cap.elbow",
            "assetVersion": 9,
            "assetSerial": 353,
            "publishes": 8
          },
          {
            "name": "crane.pin.tip",
            "assetVersion": 13,
            "assetSerial": 389,
            "publishes": 12
          },
          {
            "name": "crane.pin-cap.tip",
            "assetVersion": 13,
            "assetSerial": 390,
            "publishes": 12
          },
          {
            "name": "crane.hydraulic-mount",
            "assetVersion": 5,
            "assetSerial": 310,
            "publishes": 4
          },
          {
            "name": "crane.hydraulic.body",
            "assetVersion": 9,
            "assetSerial": 356,
            "publishes": 8
          },
          {
            "name": "crane.hydraulic.rod",
            "assetVersion": 9,
            "assetSerial": 357,
            "publishes": 8
          },
          {
            "name": "crane.hydraulic.eye.base",
            "assetVersion": 5,
            "assetSerial": 313,
            "publishes": 4
          },
          {
            "name": "crane.hydraulic.eye.boom",
            "assetVersion": 9,
            "assetSerial": 358,
            "publishes": 8
          },
          {
            "name": "crane.hoist.cable",
            "assetVersion": 17,
            "assetSerial": 417,
            "publishes": 16
          },
          {
            "name": "crane.hook",
            "assetVersion": 17,
            "assetSerial": 418,
            "publishes": 16
          },
          {
            "name": "crane.load.body",
            "assetVersion": 17,
            "assetSerial": 419,
            "publishes": 16
          },
          {
            "name": "crane.load.strap-front.0",
            "assetVersion": 17,
            "assetSerial": 420,
            "publishes": 16
          },
          {
            "name": "crane.load.strap-back.0",
            "assetVersion": 17,
            "assetSerial": 421,
            "publishes": 16
          },
          {
            "name": "crane.load.strap-top.0",
            "assetVersion": 17,
            "assetSerial": 422,
            "publishes": 16
          },
          {
            "name": "crane.load.strap-front.1",
            "assetVersion": 17,
            "assetSerial": 423,
            "publishes": 16
          },
          {
            "name": "crane.load.strap-back.1",
            "assetVersion": 17,
            "assetSerial": 424,
            "publishes": 16
          },
          {
            "name": "crane.load.strap-top.1",
            "assetVersion": 17,
            "assetSerial": 425,
            "publishes": 16
          },
          {
            "name": "crane.sling.0",
            "assetVersion": 17,
            "assetSerial": 426,
            "publishes": 16
          },
          {
            "name": "crane.sling.1",
            "assetVersion": 17,
            "assetSerial": 427,
            "publishes": 16
          },
          {
            "name": "crane.sling.2",
            "assetVersion": 17,
            "assetSerial": 428,
            "publishes": 16
          },
          {
            "name": "crane.sling.3",
            "assetVersion": 17,
            "assetSerial": 429,
            "publishes": 16
          },
          {
            "name": "wall.body.continuous",
            "assetVersion": 5,
            "assetSerial": 443,
            "publishes": 4
          },
          {
            "name": "wall.arch.00",
            "assetVersion": 5,
            "assetSerial": 444,
            "publishes": 4
          },
          {
            "name": "wall.arch.01",
            "assetVersion": 5,
            "assetSerial": 445,
            "publishes": 4
          },
          {
            "name": "wall.arch.02",
            "assetVersion": 5,
            "assetSerial": 446,
            "publishes": 4
          },
          {
            "name": "wall.arch.03",
            "assetVersion": 5,
            "assetSerial": 447,
            "publishes": 4
          },
          {
            "name": "wall.arch.04",
            "assetVersion": 5,
            "assetSerial": 448,
            "publishes": 4
          },
          {
            "name": "wall.arch.05",
            "assetVersion": 5,
            "assetSerial": 449,
            "publishes": 4
          },
          {
            "name": "wall.arch.06",
            "assetVersion": 5,
            "assetSerial": 450,
            "publishes": 4
          },
          {
            "name": "wall.arch.07",
            "assetVersion": 5,
            "assetSerial": 451,
            "publishes": 4
          },
          {
            "name": "wall.arch.08",
            "assetVersion": 5,
            "assetSerial": 452,
            "publishes": 4
          },
          {
            "name": "wall.arch.09",
            "assetVersion": 5,
            "assetSerial": 453,
            "publishes": 4
          },
          {
            "name": "wall.arch.10",
            "assetVersion": 5,
            "assetSerial": 454,
            "publishes": 4
          },
          {
            "name": "wall.arch.11",
            "assetVersion": 5,
            "assetSerial": 455,
            "publishes": 4
          },
          {
            "name": "wall.cap",
            "assetVersion": 1,
            "assetSerial": 48,
            "publishes": 0
          },
          {
            "name": "wall.lamp.backplate",
            "assetVersion": 1,
            "assetSerial": 49,
            "publishes": 0
          },
          {
            "name": "wall.lamp.diffuser",
            "assetVersion": 1,
            "assetSerial": 50,
            "publishes": 0
          },
          {
            "name": "pipe.hollow-elbow.outer",
            "assetVersion": 4,
            "assetSerial": 456,
            "publishes": 3
          },
          {
            "name": "pipe.hollow-elbow.inner",
            "assetVersion": 4,
            "assetSerial": 457,
            "publishes": 3
          },
          {
            "name": "pipe.hollow-elbow.rims",
            "assetVersion": 4,
            "assetSerial": 458,
            "publishes": 3
          },
          {
            "name": "prop.crate.body",
            "assetVersion": 1,
            "assetSerial": 54,
            "publishes": 0
          },
          {
            "name": "prop.crate.strap-front.0",
            "assetVersion": 1,
            "assetSerial": 55,
            "publishes": 0
          },
          {
            "name": "prop.crate.strap-back.0",
            "assetVersion": 1,
            "assetSerial": 56,
            "publishes": 0
          },
          {
            "name": "prop.crate.strap-top.0",
            "assetVersion": 1,
            "assetSerial": 57,
            "publishes": 0
          },
          {
            "name": "prop.crate.strap-front.1",
            "assetVersion": 1,
            "assetSerial": 58,
            "publishes": 0
          },
          {
            "name": "prop.crate.strap-back.1",
            "assetVersion": 1,
            "assetSerial": 59,
            "publishes": 0
          },
          {
            "name": "prop.crate.strap-top.1",
            "assetVersion": 1,
            "assetSerial": 60,
            "publishes": 0
          },
          {
            "name": "prop.drum.body",
            "assetVersion": 1,
            "assetSerial": 61,
            "publishes": 0
          },
          {
            "name": "prop.drum.band.0",
            "assetVersion": 1,
            "assetSerial": 62,
            "publishes": 0
          },
          {
            "name": "prop.drum.band.1",
            "assetVersion": 1,
            "assetSerial": 63,
            "publishes": 0
          },
          {
            "name": "prop.bollard",
            "assetVersion": 1,
            "assetSerial": 64,
            "publishes": 0
          },
          {
            "name": "prop.bollard.cap",
            "assetVersion": 1,
            "assetSerial": 65,
            "publishes": 0
          }
        ],
        "definitions": {
          "sceneId": "UUID allocated once inside and stored on the actual ECS world; original world reference checked at every publication.",
          "entityId": "Native ECS index:generation, obtained from serializeEntityRef; no author-assigned substitute.",
          "meshId": "Native stable MeshHandle.id used by the ECS MeshRenderer and asset registry.",
          "entityCount": "Actual world.entityVersionTrackingSize(), covering live mesh, camera and light entities.",
          "meshAssetReplacements": "Successful meshes.publish calls that replace an existing native MeshAsset object; initial assets are separate.",
          "publishedVertexArrayReplacements": "New published vertex stream typed-array objects, separate from real GPUBuffer counters.",
          "publishedIndexArrayReplacements": "New published native index typed-array objects, excluding nonindexed draws.",
          "entityCreateCalls": "Observed actual world.createEntity calls since author system init, including camera and lights.",
          "entityDestroyCalls": "Observed destroy calls on entities returned by that native world.",
          "assetSerial": "Observation number of actual native MeshAsset object creation/publication; it changes on replacement and is not a mesh identity."
        }
      }
    },
    {
      "rawBytesChecked": 220704,
      "rawBuffersChecked": 66,
      "negativeZeros": 444,
      "rawResetEquivalent": true,
      "id": "s24-c2-reset-pipe",
      "revision": 25,
      "snapshotFrame": 24,
      "meshCount": 65,
      "entityCount": 70,
      "nativeChecks": 261,
      "nativeChecksOk": true,
      "identityStable": true,
      "resetEquivalent": true,
      "snapshotDrawCount": 65,
      "resources": {
        "initialMeshAssets": 65,
        "meshAssetReplacements": 396,
        "publishedVertexArrayReplacements": 396,
        "publishedIndexArrayReplacements": 4,
        "entityCreateCalls": 70,
        "entityDestroyCalls": 0,
        "currentMeshAssets": 65,
        "changedMeshes": [
          {
            "name": "pipe.hollow-elbow.outer",
            "version": 5
          },
          {
            "name": "pipe.hollow-elbow.inner",
            "version": 5
          },
          {
            "name": "pipe.hollow-elbow.rims",
            "version": 5
          }
        ],
        "assetVersions": [
          {
            "name": "courtyard.slab",
            "assetVersion": 1,
            "assetSerial": 1,
            "publishes": 0
          },
          {
            "name": "platform.lower",
            "assetVersion": 3,
            "assetSerial": 295,
            "publishes": 2
          },
          {
            "name": "platform.middle",
            "assetVersion": 3,
            "assetSerial": 296,
            "publishes": 2
          },
          {
            "name": "platform.upper",
            "assetVersion": 5,
            "assetSerial": 297,
            "publishes": 4
          },
          {
            "name": "crane.foot",
            "assetVersion": 5,
            "assetSerial": 298,
            "publishes": 4
          },
          {
            "name": "crane.turntable",
            "assetVersion": 5,
            "assetSerial": 299,
            "publishes": 4
          },
          {
            "name": "crane.pedestal",
            "assetVersion": 5,
            "assetSerial": 300,
            "publishes": 4
          },
          {
            "name": "crane.counterweight",
            "assetVersion": 5,
            "assetSerial": 301,
            "publishes": 4
          },
          {
            "name": "crane.boom.lower",
            "assetVersion": 9,
            "assetSerial": 350,
            "publishes": 8
          },
          {
            "name": "crane.boom.upper",
            "assetVersion": 13,
            "assetSerial": 388,
            "publishes": 12
          },
          {
            "name": "crane.pin.shoulder",
            "assetVersion": 5,
            "assetSerial": 304,
            "publishes": 4
          },
          {
            "name": "crane.pin-cap.shoulder",
            "assetVersion": 5,
            "assetSerial": 305,
            "publishes": 4
          },
          {
            "name": "crane.pin.elbow",
            "assetVersion": 9,
            "assetSerial": 352,
            "publishes": 8
          },
          {
            "name": "crane.pin-cap.elbow",
            "assetVersion": 9,
            "assetSerial": 353,
            "publishes": 8
          },
          {
            "name": "crane.pin.tip",
            "assetVersion": 13,
            "assetSerial": 389,
            "publishes": 12
          },
          {
            "name": "crane.pin-cap.tip",
            "assetVersion": 13,
            "assetSerial": 390,
            "publishes": 12
          },
          {
            "name": "crane.hydraulic-mount",
            "assetVersion": 5,
            "assetSerial": 310,
            "publishes": 4
          },
          {
            "name": "crane.hydraulic.body",
            "assetVersion": 9,
            "assetSerial": 356,
            "publishes": 8
          },
          {
            "name": "crane.hydraulic.rod",
            "assetVersion": 9,
            "assetSerial": 357,
            "publishes": 8
          },
          {
            "name": "crane.hydraulic.eye.base",
            "assetVersion": 5,
            "assetSerial": 313,
            "publishes": 4
          },
          {
            "name": "crane.hydraulic.eye.boom",
            "assetVersion": 9,
            "assetSerial": 358,
            "publishes": 8
          },
          {
            "name": "crane.hoist.cable",
            "assetVersion": 17,
            "assetSerial": 417,
            "publishes": 16
          },
          {
            "name": "crane.hook",
            "assetVersion": 17,
            "assetSerial": 418,
            "publishes": 16
          },
          {
            "name": "crane.load.body",
            "assetVersion": 17,
            "assetSerial": 419,
            "publishes": 16
          },
          {
            "name": "crane.load.strap-front.0",
            "assetVersion": 17,
            "assetSerial": 420,
            "publishes": 16
          },
          {
            "name": "crane.load.strap-back.0",
            "assetVersion": 17,
            "assetSerial": 421,
            "publishes": 16
          },
          {
            "name": "crane.load.strap-top.0",
            "assetVersion": 17,
            "assetSerial": 422,
            "publishes": 16
          },
          {
            "name": "crane.load.strap-front.1",
            "assetVersion": 17,
            "assetSerial": 423,
            "publishes": 16
          },
          {
            "name": "crane.load.strap-back.1",
            "assetVersion": 17,
            "assetSerial": 424,
            "publishes": 16
          },
          {
            "name": "crane.load.strap-top.1",
            "assetVersion": 17,
            "assetSerial": 425,
            "publishes": 16
          },
          {
            "name": "crane.sling.0",
            "assetVersion": 17,
            "assetSerial": 426,
            "publishes": 16
          },
          {
            "name": "crane.sling.1",
            "assetVersion": 17,
            "assetSerial": 427,
            "publishes": 16
          },
          {
            "name": "crane.sling.2",
            "assetVersion": 17,
            "assetSerial": 428,
            "publishes": 16
          },
          {
            "name": "crane.sling.3",
            "assetVersion": 17,
            "assetSerial": 429,
            "publishes": 16
          },
          {
            "name": "wall.body.continuous",
            "assetVersion": 5,
            "assetSerial": 443,
            "publishes": 4
          },
          {
            "name": "wall.arch.00",
            "assetVersion": 5,
            "assetSerial": 444,
            "publishes": 4
          },
          {
            "name": "wall.arch.01",
            "assetVersion": 5,
            "assetSerial": 445,
            "publishes": 4
          },
          {
            "name": "wall.arch.02",
            "assetVersion": 5,
            "assetSerial": 446,
            "publishes": 4
          },
          {
            "name": "wall.arch.03",
            "assetVersion": 5,
            "assetSerial": 447,
            "publishes": 4
          },
          {
            "name": "wall.arch.04",
            "assetVersion": 5,
            "assetSerial": 448,
            "publishes": 4
          },
          {
            "name": "wall.arch.05",
            "assetVersion": 5,
            "assetSerial": 449,
            "publishes": 4
          },
          {
            "name": "wall.arch.06",
            "assetVersion": 5,
            "assetSerial": 450,
            "publishes": 4
          },
          {
            "name": "wall.arch.07",
            "assetVersion": 5,
            "assetSerial": 451,
            "publishes": 4
          },
          {
            "name": "wall.arch.08",
            "assetVersion": 5,
            "assetSerial": 452,
            "publishes": 4
          },
          {
            "name": "wall.arch.09",
            "assetVersion": 5,
            "assetSerial": 453,
            "publishes": 4
          },
          {
            "name": "wall.arch.10",
            "assetVersion": 5,
            "assetSerial": 454,
            "publishes": 4
          },
          {
            "name": "wall.arch.11",
            "assetVersion": 5,
            "assetSerial": 455,
            "publishes": 4
          },
          {
            "name": "wall.cap",
            "assetVersion": 1,
            "assetSerial": 48,
            "publishes": 0
          },
          {
            "name": "wall.lamp.backplate",
            "assetVersion": 1,
            "assetSerial": 49,
            "publishes": 0
          },
          {
            "name": "wall.lamp.diffuser",
            "assetVersion": 1,
            "assetSerial": 50,
            "publishes": 0
          },
          {
            "name": "pipe.hollow-elbow.outer",
            "assetVersion": 5,
            "assetSerial": 459,
            "publishes": 4
          },
          {
            "name": "pipe.hollow-elbow.inner",
            "assetVersion": 5,
            "assetSerial": 460,
            "publishes": 4
          },
          {
            "name": "pipe.hollow-elbow.rims",
            "assetVersion": 5,
            "assetSerial": 461,
            "publishes": 4
          },
          {
            "name": "prop.crate.body",
            "assetVersion": 1,
            "assetSerial": 54,
            "publishes": 0
          },
          {
            "name": "prop.crate.strap-front.0",
            "assetVersion": 1,
            "assetSerial": 55,
            "publishes": 0
          },
          {
            "name": "prop.crate.strap-back.0",
            "assetVersion": 1,
            "assetSerial": 56,
            "publishes": 0
          },
          {
            "name": "prop.crate.strap-top.0",
            "assetVersion": 1,
            "assetSerial": 57,
            "publishes": 0
          },
          {
            "name": "prop.crate.strap-front.1",
            "assetVersion": 1,
            "assetSerial": 58,
            "publishes": 0
          },
          {
            "name": "prop.crate.strap-back.1",
            "assetVersion": 1,
            "assetSerial": 59,
            "publishes": 0
          },
          {
            "name": "prop.crate.strap-top.1",
            "assetVersion": 1,
            "assetSerial": 60,
            "publishes": 0
          },
          {
            "name": "prop.drum.body",
            "assetVersion": 1,
            "assetSerial": 61,
            "publishes": 0
          },
          {
            "name": "prop.drum.band.0",
            "assetVersion": 1,
            "assetSerial": 62,
            "publishes": 0
          },
          {
            "name": "prop.drum.band.1",
            "assetVersion": 1,
            "assetSerial": 63,
            "publishes": 0
          },
          {
            "name": "prop.bollard",
            "assetVersion": 1,
            "assetSerial": 64,
            "publishes": 0
          },
          {
            "name": "prop.bollard.cap",
            "assetVersion": 1,
            "assetSerial": 65,
            "publishes": 0
          }
        ],
        "definitions": {
          "sceneId": "UUID allocated once inside and stored on the actual ECS world; original world reference checked at every publication.",
          "entityId": "Native ECS index:generation, obtained from serializeEntityRef; no author-assigned substitute.",
          "meshId": "Native stable MeshHandle.id used by the ECS MeshRenderer and asset registry.",
          "entityCount": "Actual world.entityVersionTrackingSize(), covering live mesh, camera and light entities.",
          "meshAssetReplacements": "Successful meshes.publish calls that replace an existing native MeshAsset object; initial assets are separate.",
          "publishedVertexArrayReplacements": "New published vertex stream typed-array objects, separate from real GPUBuffer counters.",
          "publishedIndexArrayReplacements": "New published native index typed-array objects, excluding nonindexed draws.",
          "entityCreateCalls": "Observed actual world.createEntity calls since author system init, including camera and lights.",
          "entityDestroyCalls": "Observed destroy calls on entities returned by that native world.",
          "assetSerial": "Observation number of actual native MeshAsset object creation/publication; it changes on replacement and is not a mesh identity."
        }
      }
    },
    {
      "rawBytesChecked": 220704,
      "rawBuffersChecked": 66,
      "negativeZeros": 444,
      "rawResetEquivalent": true,
      "id": "s25-c2-tier",
      "revision": 26,
      "snapshotFrame": 25,
      "meshCount": 65,
      "entityCount": 70,
      "nativeChecks": 261,
      "nativeChecksOk": true,
      "identityStable": true,
      "resetEquivalent": true,
      "snapshotDrawCount": 65,
      "resources": {
        "initialMeshAssets": 65,
        "meshAssetReplacements": 427,
        "publishedVertexArrayReplacements": 427,
        "publishedIndexArrayReplacements": 4,
        "entityCreateCalls": 70,
        "entityDestroyCalls": 0,
        "currentMeshAssets": 65,
        "changedMeshes": [
          {
            "name": "platform.upper",
            "version": 6
          },
          {
            "name": "crane.foot",
            "version": 6
          },
          {
            "name": "crane.turntable",
            "version": 6
          },
          {
            "name": "crane.pedestal",
            "version": 6
          },
          {
            "name": "crane.counterweight",
            "version": 6
          },
          {
            "name": "crane.boom.lower",
            "version": 10
          },
          {
            "name": "crane.boom.upper",
            "version": 14
          },
          {
            "name": "crane.pin.shoulder",
            "version": 6
          },
          {
            "name": "crane.pin-cap.shoulder",
            "version": 6
          },
          {
            "name": "crane.pin.elbow",
            "version": 10
          },
          {
            "name": "crane.pin-cap.elbow",
            "version": 10
          },
          {
            "name": "crane.pin.tip",
            "version": 14
          },
          {
            "name": "crane.pin-cap.tip",
            "version": 14
          },
          {
            "name": "crane.hydraulic-mount",
            "version": 6
          },
          {
            "name": "crane.hydraulic.body",
            "version": 10
          },
          {
            "name": "crane.hydraulic.rod",
            "version": 10
          },
          {
            "name": "crane.hydraulic.eye.base",
            "version": 6
          },
          {
            "name": "crane.hydraulic.eye.boom",
            "version": 10
          },
          {
            "name": "crane.hoist.cable",
            "version": 18
          },
          {
            "name": "crane.hook",
            "version": 18
          },
          {
            "name": "crane.load.body",
            "version": 18
          },
          {
            "name": "crane.load.strap-front.0",
            "version": 18
          },
          {
            "name": "crane.load.strap-back.0",
            "version": 18
          },
          {
            "name": "crane.load.strap-top.0",
            "version": 18
          },
          {
            "name": "crane.load.strap-front.1",
            "version": 18
          },
          {
            "name": "crane.load.strap-back.1",
            "version": 18
          },
          {
            "name": "crane.load.strap-top.1",
            "version": 18
          },
          {
            "name": "crane.sling.0",
            "version": 18
          },
          {
            "name": "crane.sling.1",
            "version": 18
          },
          {
            "name": "crane.sling.2",
            "version": 18
          },
          {
            "name": "crane.sling.3",
            "version": 18
          }
        ],
        "assetVersions": [
          {
            "name": "courtyard.slab",
            "assetVersion": 1,
            "assetSerial": 1,
            "publishes": 0
          },
          {
            "name": "platform.lower",
            "assetVersion": 3,
            "assetSerial": 295,
            "publishes": 2
          },
          {
            "name": "platform.middle",
            "assetVersion": 3,
            "assetSerial": 296,
            "publishes": 2
          },
          {
            "name": "platform.upper",
            "assetVersion": 6,
            "assetSerial": 462,
            "publishes": 5
          },
          {
            "name": "crane.foot",
            "assetVersion": 6,
            "assetSerial": 463,
            "publishes": 5
          },
          {
            "name": "crane.turntable",
            "assetVersion": 6,
            "assetSerial": 464,
            "publishes": 5
          },
          {
            "name": "crane.pedestal",
            "assetVersion": 6,
            "assetSerial": 465,
            "publishes": 5
          },
          {
            "name": "crane.counterweight",
            "assetVersion": 6,
            "assetSerial": 466,
            "publishes": 5
          },
          {
            "name": "crane.boom.lower",
            "assetVersion": 10,
            "assetSerial": 467,
            "publishes": 9
          },
          {
            "name": "crane.boom.upper",
            "assetVersion": 14,
            "assetSerial": 468,
            "publishes": 13
          },
          {
            "name": "crane.pin.shoulder",
            "assetVersion": 6,
            "assetSerial": 469,
            "publishes": 5
          },
          {
            "name": "crane.pin-cap.shoulder",
            "assetVersion": 6,
            "assetSerial": 470,
            "publishes": 5
          },
          {
            "name": "crane.pin.elbow",
            "assetVersion": 10,
            "assetSerial": 471,
            "publishes": 9
          },
          {
            "name": "crane.pin-cap.elbow",
            "assetVersion": 10,
            "assetSerial": 472,
            "publishes": 9
          },
          {
            "name": "crane.pin.tip",
            "assetVersion": 14,
            "assetSerial": 473,
            "publishes": 13
          },
          {
            "name": "crane.pin-cap.tip",
            "assetVersion": 14,
            "assetSerial": 474,
            "publishes": 13
          },
          {
            "name": "crane.hydraulic-mount",
            "assetVersion": 6,
            "assetSerial": 475,
            "publishes": 5
          },
          {
            "name": "crane.hydraulic.body",
            "assetVersion": 10,
            "assetSerial": 476,
            "publishes": 9
          },
          {
            "name": "crane.hydraulic.rod",
            "assetVersion": 10,
            "assetSerial": 477,
            "publishes": 9
          },
          {
            "name": "crane.hydraulic.eye.base",
            "assetVersion": 6,
            "assetSerial": 478,
            "publishes": 5
          },
          {
            "name": "crane.hydraulic.eye.boom",
            "assetVersion": 10,
            "assetSerial": 479,
            "publishes": 9
          },
          {
            "name": "crane.hoist.cable",
            "assetVersion": 18,
            "assetSerial": 480,
            "publishes": 17
          },
          {
            "name": "crane.hook",
            "assetVersion": 18,
            "assetSerial": 481,
            "publishes": 17
          },
          {
            "name": "crane.load.body",
            "assetVersion": 18,
            "assetSerial": 482,
            "publishes": 17
          },
          {
            "name": "crane.load.strap-front.0",
            "assetVersion": 18,
            "assetSerial": 483,
            "publishes": 17
          },
          {
            "name": "crane.load.strap-back.0",
            "assetVersion": 18,
            "assetSerial": 484,
            "publishes": 17
          },
          {
            "name": "crane.load.strap-top.0",
            "assetVersion": 18,
            "assetSerial": 485,
            "publishes": 17
          },
          {
            "name": "crane.load.strap-front.1",
            "assetVersion": 18,
            "assetSerial": 486,
            "publishes": 17
          },
          {
            "name": "crane.load.strap-back.1",
            "assetVersion": 18,
            "assetSerial": 487,
            "publishes": 17
          },
          {
            "name": "crane.load.strap-top.1",
            "assetVersion": 18,
            "assetSerial": 488,
            "publishes": 17
          },
          {
            "name": "crane.sling.0",
            "assetVersion": 18,
            "assetSerial": 489,
            "publishes": 17
          },
          {
            "name": "crane.sling.1",
            "assetVersion": 18,
            "assetSerial": 490,
            "publishes": 17
          },
          {
            "name": "crane.sling.2",
            "assetVersion": 18,
            "assetSerial": 491,
            "publishes": 17
          },
          {
            "name": "crane.sling.3",
            "assetVersion": 18,
            "assetSerial": 492,
            "publishes": 17
          },
          {
            "name": "wall.body.continuous",
            "assetVersion": 5,
            "assetSerial": 443,
            "publishes": 4
          },
          {
            "name": "wall.arch.00",
            "assetVersion": 5,
            "assetSerial": 444,
            "publishes": 4
          },
          {
            "name": "wall.arch.01",
            "assetVersion": 5,
            "assetSerial": 445,
            "publishes": 4
          },
          {
            "name": "wall.arch.02",
            "assetVersion": 5,
            "assetSerial": 446,
            "publishes": 4
          },
          {
            "name": "wall.arch.03",
            "assetVersion": 5,
            "assetSerial": 447,
            "publishes": 4
          },
          {
            "name": "wall.arch.04",
            "assetVersion": 5,
            "assetSerial": 448,
            "publishes": 4
          },
          {
            "name": "wall.arch.05",
            "assetVersion": 5,
            "assetSerial": 449,
            "publishes": 4
          },
          {
            "name": "wall.arch.06",
            "assetVersion": 5,
            "assetSerial": 450,
            "publishes": 4
          },
          {
            "name": "wall.arch.07",
            "assetVersion": 5,
            "assetSerial": 451,
            "publishes": 4
          },
          {
            "name": "wall.arch.08",
            "assetVersion": 5,
            "assetSerial": 452,
            "publishes": 4
          },
          {
            "name": "wall.arch.09",
            "assetVersion": 5,
            "assetSerial": 453,
            "publishes": 4
          },
          {
            "name": "wall.arch.10",
            "assetVersion": 5,
            "assetSerial": 454,
            "publishes": 4
          },
          {
            "name": "wall.arch.11",
            "assetVersion": 5,
            "assetSerial": 455,
            "publishes": 4
          },
          {
            "name": "wall.cap",
            "assetVersion": 1,
            "assetSerial": 48,
            "publishes": 0
          },
          {
            "name": "wall.lamp.backplate",
            "assetVersion": 1,
            "assetSerial": 49,
            "publishes": 0
          },
          {
            "name": "wall.lamp.diffuser",
            "assetVersion": 1,
            "assetSerial": 50,
            "publishes": 0
          },
          {
            "name": "pipe.hollow-elbow.outer",
            "assetVersion": 5,
            "assetSerial": 459,
            "publishes": 4
          },
          {
            "name": "pipe.hollow-elbow.inner",
            "assetVersion": 5,
            "assetSerial": 460,
            "publishes": 4
          },
          {
            "name": "pipe.hollow-elbow.rims",
            "assetVersion": 5,
            "assetSerial": 461,
            "publishes": 4
          },
          {
            "name": "prop.crate.body",
            "assetVersion": 1,
            "assetSerial": 54,
            "publishes": 0
          },
          {
            "name": "prop.crate.strap-front.0",
            "assetVersion": 1,
            "assetSerial": 55,
            "publishes": 0
          },
          {
            "name": "prop.crate.strap-back.0",
            "assetVersion": 1,
            "assetSerial": 56,
            "publishes": 0
          },
          {
            "name": "prop.crate.strap-top.0",
            "assetVersion": 1,
            "assetSerial": 57,
            "publishes": 0
          },
          {
            "name": "prop.crate.strap-front.1",
            "assetVersion": 1,
            "assetSerial": 58,
            "publishes": 0
          },
          {
            "name": "prop.crate.strap-back.1",
            "assetVersion": 1,
            "assetSerial": 59,
            "publishes": 0
          },
          {
            "name": "prop.crate.strap-top.1",
            "assetVersion": 1,
            "assetSerial": 60,
            "publishes": 0
          },
          {
            "name": "prop.drum.body",
            "assetVersion": 1,
            "assetSerial": 61,
            "publishes": 0
          },
          {
            "name": "prop.drum.band.0",
            "assetVersion": 1,
            "assetSerial": 62,
            "publishes": 0
          },
          {
            "name": "prop.drum.band.1",
            "assetVersion": 1,
            "assetSerial": 63,
            "publishes": 0
          },
          {
            "name": "prop.bollard",
            "assetVersion": 1,
            "assetSerial": 64,
            "publishes": 0
          },
          {
            "name": "prop.bollard.cap",
            "assetVersion": 1,
            "assetSerial": 65,
            "publishes": 0
          }
        ],
        "definitions": {
          "sceneId": "UUID allocated once inside and stored on the actual ECS world; original world reference checked at every publication.",
          "entityId": "Native ECS index:generation, obtained from serializeEntityRef; no author-assigned substitute.",
          "meshId": "Native stable MeshHandle.id used by the ECS MeshRenderer and asset registry.",
          "entityCount": "Actual world.entityVersionTrackingSize(), covering live mesh, camera and light entities.",
          "meshAssetReplacements": "Successful meshes.publish calls that replace an existing native MeshAsset object; initial assets are separate.",
          "publishedVertexArrayReplacements": "New published vertex stream typed-array objects, separate from real GPUBuffer counters.",
          "publishedIndexArrayReplacements": "New published native index typed-array objects, excluding nonindexed draws.",
          "entityCreateCalls": "Observed actual world.createEntity calls since author system init, including camera and lights.",
          "entityDestroyCalls": "Observed destroy calls on entities returned by that native world.",
          "assetSerial": "Observation number of actual native MeshAsset object creation/publication; it changes on replacement and is not a mesh identity."
        }
      }
    },
    {
      "rawBytesChecked": 220704,
      "rawBuffersChecked": 66,
      "negativeZeros": 444,
      "rawResetEquivalent": true,
      "id": "s26-c2-reset-tier",
      "revision": 27,
      "snapshotFrame": 26,
      "meshCount": 65,
      "entityCount": 70,
      "nativeChecks": 261,
      "nativeChecksOk": true,
      "identityStable": true,
      "resetEquivalent": true,
      "snapshotDrawCount": 65,
      "resources": {
        "initialMeshAssets": 65,
        "meshAssetReplacements": 458,
        "publishedVertexArrayReplacements": 458,
        "publishedIndexArrayReplacements": 4,
        "entityCreateCalls": 70,
        "entityDestroyCalls": 0,
        "currentMeshAssets": 65,
        "changedMeshes": [
          {
            "name": "platform.upper",
            "version": 7
          },
          {
            "name": "crane.foot",
            "version": 7
          },
          {
            "name": "crane.turntable",
            "version": 7
          },
          {
            "name": "crane.pedestal",
            "version": 7
          },
          {
            "name": "crane.counterweight",
            "version": 7
          },
          {
            "name": "crane.boom.lower",
            "version": 11
          },
          {
            "name": "crane.boom.upper",
            "version": 15
          },
          {
            "name": "crane.pin.shoulder",
            "version": 7
          },
          {
            "name": "crane.pin-cap.shoulder",
            "version": 7
          },
          {
            "name": "crane.pin.elbow",
            "version": 11
          },
          {
            "name": "crane.pin-cap.elbow",
            "version": 11
          },
          {
            "name": "crane.pin.tip",
            "version": 15
          },
          {
            "name": "crane.pin-cap.tip",
            "version": 15
          },
          {
            "name": "crane.hydraulic-mount",
            "version": 7
          },
          {
            "name": "crane.hydraulic.body",
            "version": 11
          },
          {
            "name": "crane.hydraulic.rod",
            "version": 11
          },
          {
            "name": "crane.hydraulic.eye.base",
            "version": 7
          },
          {
            "name": "crane.hydraulic.eye.boom",
            "version": 11
          },
          {
            "name": "crane.hoist.cable",
            "version": 19
          },
          {
            "name": "crane.hook",
            "version": 19
          },
          {
            "name": "crane.load.body",
            "version": 19
          },
          {
            "name": "crane.load.strap-front.0",
            "version": 19
          },
          {
            "name": "crane.load.strap-back.0",
            "version": 19
          },
          {
            "name": "crane.load.strap-top.0",
            "version": 19
          },
          {
            "name": "crane.load.strap-front.1",
            "version": 19
          },
          {
            "name": "crane.load.strap-back.1",
            "version": 19
          },
          {
            "name": "crane.load.strap-top.1",
            "version": 19
          },
          {
            "name": "crane.sling.0",
            "version": 19
          },
          {
            "name": "crane.sling.1",
            "version": 19
          },
          {
            "name": "crane.sling.2",
            "version": 19
          },
          {
            "name": "crane.sling.3",
            "version": 19
          }
        ],
        "assetVersions": [
          {
            "name": "courtyard.slab",
            "assetVersion": 1,
            "assetSerial": 1,
            "publishes": 0
          },
          {
            "name": "platform.lower",
            "assetVersion": 3,
            "assetSerial": 295,
            "publishes": 2
          },
          {
            "name": "platform.middle",
            "assetVersion": 3,
            "assetSerial": 296,
            "publishes": 2
          },
          {
            "name": "platform.upper",
            "assetVersion": 7,
            "assetSerial": 493,
            "publishes": 6
          },
          {
            "name": "crane.foot",
            "assetVersion": 7,
            "assetSerial": 494,
            "publishes": 6
          },
          {
            "name": "crane.turntable",
            "assetVersion": 7,
            "assetSerial": 495,
            "publishes": 6
          },
          {
            "name": "crane.pedestal",
            "assetVersion": 7,
            "assetSerial": 496,
            "publishes": 6
          },
          {
            "name": "crane.counterweight",
            "assetVersion": 7,
            "assetSerial": 497,
            "publishes": 6
          },
          {
            "name": "crane.boom.lower",
            "assetVersion": 11,
            "assetSerial": 498,
            "publishes": 10
          },
          {
            "name": "crane.boom.upper",
            "assetVersion": 15,
            "assetSerial": 499,
            "publishes": 14
          },
          {
            "name": "crane.pin.shoulder",
            "assetVersion": 7,
            "assetSerial": 500,
            "publishes": 6
          },
          {
            "name": "crane.pin-cap.shoulder",
            "assetVersion": 7,
            "assetSerial": 501,
            "publishes": 6
          },
          {
            "name": "crane.pin.elbow",
            "assetVersion": 11,
            "assetSerial": 502,
            "publishes": 10
          },
          {
            "name": "crane.pin-cap.elbow",
            "assetVersion": 11,
            "assetSerial": 503,
            "publishes": 10
          },
          {
            "name": "crane.pin.tip",
            "assetVersion": 15,
            "assetSerial": 504,
            "publishes": 14
          },
          {
            "name": "crane.pin-cap.tip",
            "assetVersion": 15,
            "assetSerial": 505,
            "publishes": 14
          },
          {
            "name": "crane.hydraulic-mount",
            "assetVersion": 7,
            "assetSerial": 506,
            "publishes": 6
          },
          {
            "name": "crane.hydraulic.body",
            "assetVersion": 11,
            "assetSerial": 507,
            "publishes": 10
          },
          {
            "name": "crane.hydraulic.rod",
            "assetVersion": 11,
            "assetSerial": 508,
            "publishes": 10
          },
          {
            "name": "crane.hydraulic.eye.base",
            "assetVersion": 7,
            "assetSerial": 509,
            "publishes": 6
          },
          {
            "name": "crane.hydraulic.eye.boom",
            "assetVersion": 11,
            "assetSerial": 510,
            "publishes": 10
          },
          {
            "name": "crane.hoist.cable",
            "assetVersion": 19,
            "assetSerial": 511,
            "publishes": 18
          },
          {
            "name": "crane.hook",
            "assetVersion": 19,
            "assetSerial": 512,
            "publishes": 18
          },
          {
            "name": "crane.load.body",
            "assetVersion": 19,
            "assetSerial": 513,
            "publishes": 18
          },
          {
            "name": "crane.load.strap-front.0",
            "assetVersion": 19,
            "assetSerial": 514,
            "publishes": 18
          },
          {
            "name": "crane.load.strap-back.0",
            "assetVersion": 19,
            "assetSerial": 515,
            "publishes": 18
          },
          {
            "name": "crane.load.strap-top.0",
            "assetVersion": 19,
            "assetSerial": 516,
            "publishes": 18
          },
          {
            "name": "crane.load.strap-front.1",
            "assetVersion": 19,
            "assetSerial": 517,
            "publishes": 18
          },
          {
            "name": "crane.load.strap-back.1",
            "assetVersion": 19,
            "assetSerial": 518,
            "publishes": 18
          },
          {
            "name": "crane.load.strap-top.1",
            "assetVersion": 19,
            "assetSerial": 519,
            "publishes": 18
          },
          {
            "name": "crane.sling.0",
            "assetVersion": 19,
            "assetSerial": 520,
            "publishes": 18
          },
          {
            "name": "crane.sling.1",
            "assetVersion": 19,
            "assetSerial": 521,
            "publishes": 18
          },
          {
            "name": "crane.sling.2",
            "assetVersion": 19,
            "assetSerial": 522,
            "publishes": 18
          },
          {
            "name": "crane.sling.3",
            "assetVersion": 19,
            "assetSerial": 523,
            "publishes": 18
          },
          {
            "name": "wall.body.continuous",
            "assetVersion": 5,
            "assetSerial": 443,
            "publishes": 4
          },
          {
            "name": "wall.arch.00",
            "assetVersion": 5,
            "assetSerial": 444,
            "publishes": 4
          },
          {
            "name": "wall.arch.01",
            "assetVersion": 5,
            "assetSerial": 445,
            "publishes": 4
          },
          {
            "name": "wall.arch.02",
            "assetVersion": 5,
            "assetSerial": 446,
            "publishes": 4
          },
          {
            "name": "wall.arch.03",
            "assetVersion": 5,
            "assetSerial": 447,
            "publishes": 4
          },
          {
            "name": "wall.arch.04",
            "assetVersion": 5,
            "assetSerial": 448,
            "publishes": 4
          },
          {
            "name": "wall.arch.05",
            "assetVersion": 5,
            "assetSerial": 449,
            "publishes": 4
          },
          {
            "name": "wall.arch.06",
            "assetVersion": 5,
            "assetSerial": 450,
            "publishes": 4
          },
          {
            "name": "wall.arch.07",
            "assetVersion": 5,
            "assetSerial": 451,
            "publishes": 4
          },
          {
            "name": "wall.arch.08",
            "assetVersion": 5,
            "assetSerial": 452,
            "publishes": 4
          },
          {
            "name": "wall.arch.09",
            "assetVersion": 5,
            "assetSerial": 453,
            "publishes": 4
          },
          {
            "name": "wall.arch.10",
            "assetVersion": 5,
            "assetSerial": 454,
            "publishes": 4
          },
          {
            "name": "wall.arch.11",
            "assetVersion": 5,
            "assetSerial": 455,
            "publishes": 4
          },
          {
            "name": "wall.cap",
            "assetVersion": 1,
            "assetSerial": 48,
            "publishes": 0
          },
          {
            "name": "wall.lamp.backplate",
            "assetVersion": 1,
            "assetSerial": 49,
            "publishes": 0
          },
          {
            "name": "wall.lamp.diffuser",
            "assetVersion": 1,
            "assetSerial": 50,
            "publishes": 0
          },
          {
            "name": "pipe.hollow-elbow.outer",
            "assetVersion": 5,
            "assetSerial": 459,
            "publishes": 4
          },
          {
            "name": "pipe.hollow-elbow.inner",
            "assetVersion": 5,
            "assetSerial": 460,
            "publishes": 4
          },
          {
            "name": "pipe.hollow-elbow.rims",
            "assetVersion": 5,
            "assetSerial": 461,
            "publishes": 4
          },
          {
            "name": "prop.crate.body",
            "assetVersion": 1,
            "assetSerial": 54,
            "publishes": 0
          },
          {
            "name": "prop.crate.strap-front.0",
            "assetVersion": 1,
            "assetSerial": 55,
            "publishes": 0
          },
          {
            "name": "prop.crate.strap-back.0",
            "assetVersion": 1,
            "assetSerial": 56,
            "publishes": 0
          },
          {
            "name": "prop.crate.strap-top.0",
            "assetVersion": 1,
            "assetSerial": 57,
            "publishes": 0
          },
          {
            "name": "prop.crate.strap-front.1",
            "assetVersion": 1,
            "assetSerial": 58,
            "publishes": 0
          },
          {
            "name": "prop.crate.strap-back.1",
            "assetVersion": 1,
            "assetSerial": 59,
            "publishes": 0
          },
          {
            "name": "prop.crate.strap-top.1",
            "assetVersion": 1,
            "assetSerial": 60,
            "publishes": 0
          },
          {
            "name": "prop.drum.body",
            "assetVersion": 1,
            "assetSerial": 61,
            "publishes": 0
          },
          {
            "name": "prop.drum.band.0",
            "assetVersion": 1,
            "assetSerial": 62,
            "publishes": 0
          },
          {
            "name": "prop.drum.band.1",
            "assetVersion": 1,
            "assetSerial": 63,
            "publishes": 0
          },
          {
            "name": "prop.bollard",
            "assetVersion": 1,
            "assetSerial": 64,
            "publishes": 0
          },
          {
            "name": "prop.bollard.cap",
            "assetVersion": 1,
            "assetSerial": 65,
            "publishes": 0
          }
        ],
        "definitions": {
          "sceneId": "UUID allocated once inside and stored on the actual ECS world; original world reference checked at every publication.",
          "entityId": "Native ECS index:generation, obtained from serializeEntityRef; no author-assigned substitute.",
          "meshId": "Native stable MeshHandle.id used by the ECS MeshRenderer and asset registry.",
          "entityCount": "Actual world.entityVersionTrackingSize(), covering live mesh, camera and light entities.",
          "meshAssetReplacements": "Successful meshes.publish calls that replace an existing native MeshAsset object; initial assets are separate.",
          "publishedVertexArrayReplacements": "New published vertex stream typed-array objects, separate from real GPUBuffer counters.",
          "publishedIndexArrayReplacements": "New published native index typed-array objects, excluding nonindexed draws.",
          "entityCreateCalls": "Observed actual world.createEntity calls since author system init, including camera and lights.",
          "entityDestroyCalls": "Observed destroy calls on entities returned by that native world.",
          "assetSerial": "Observation number of actual native MeshAsset object creation/publication; it changes on replacement and is not a mesh identity."
        }
      }
    },
    {
      "rawBytesChecked": 220704,
      "rawBuffersChecked": 66,
      "negativeZeros": 384,
      "rawResetEquivalent": true,
      "id": "s27-c2-assembly",
      "revision": 28,
      "snapshotFrame": 27,
      "meshCount": 65,
      "entityCount": 70,
      "nativeChecks": 261,
      "nativeChecksOk": true,
      "identityStable": true,
      "resetEquivalent": true,
      "snapshotDrawCount": 65,
      "resources": {
        "initialMeshAssets": 65,
        "meshAssetReplacements": 491,
        "publishedVertexArrayReplacements": 491,
        "publishedIndexArrayReplacements": 4,
        "entityCreateCalls": 70,
        "entityDestroyCalls": 0,
        "currentMeshAssets": 65,
        "changedMeshes": [
          {
            "name": "platform.lower",
            "version": 4
          },
          {
            "name": "platform.middle",
            "version": 4
          },
          {
            "name": "platform.upper",
            "version": 8
          },
          {
            "name": "crane.foot",
            "version": 8
          },
          {
            "name": "crane.turntable",
            "version": 8
          },
          {
            "name": "crane.pedestal",
            "version": 8
          },
          {
            "name": "crane.counterweight",
            "version": 8
          },
          {
            "name": "crane.boom.lower",
            "version": 12
          },
          {
            "name": "crane.boom.upper",
            "version": 16
          },
          {
            "name": "crane.pin.shoulder",
            "version": 8
          },
          {
            "name": "crane.pin-cap.shoulder",
            "version": 8
          },
          {
            "name": "crane.pin.elbow",
            "version": 12
          },
          {
            "name": "crane.pin-cap.elbow",
            "version": 12
          },
          {
            "name": "crane.pin.tip",
            "version": 16
          },
          {
            "name": "crane.pin-cap.tip",
            "version": 16
          },
          {
            "name": "crane.hydraulic-mount",
            "version": 8
          },
          {
            "name": "crane.hydraulic.body",
            "version": 12
          },
          {
            "name": "crane.hydraulic.rod",
            "version": 12
          },
          {
            "name": "crane.hydraulic.eye.base",
            "version": 8
          },
          {
            "name": "crane.hydraulic.eye.boom",
            "version": 12
          },
          {
            "name": "crane.hoist.cable",
            "version": 20
          },
          {
            "name": "crane.hook",
            "version": 20
          },
          {
            "name": "crane.load.body",
            "version": 20
          },
          {
            "name": "crane.load.strap-front.0",
            "version": 20
          },
          {
            "name": "crane.load.strap-back.0",
            "version": 20
          },
          {
            "name": "crane.load.strap-top.0",
            "version": 20
          },
          {
            "name": "crane.load.strap-front.1",
            "version": 20
          },
          {
            "name": "crane.load.strap-back.1",
            "version": 20
          },
          {
            "name": "crane.load.strap-top.1",
            "version": 20
          },
          {
            "name": "crane.sling.0",
            "version": 20
          },
          {
            "name": "crane.sling.1",
            "version": 20
          },
          {
            "name": "crane.sling.2",
            "version": 20
          },
          {
            "name": "crane.sling.3",
            "version": 20
          }
        ],
        "assetVersions": [
          {
            "name": "courtyard.slab",
            "assetVersion": 1,
            "assetSerial": 1,
            "publishes": 0
          },
          {
            "name": "platform.lower",
            "assetVersion": 4,
            "assetSerial": 524,
            "publishes": 3
          },
          {
            "name": "platform.middle",
            "assetVersion": 4,
            "assetSerial": 525,
            "publishes": 3
          },
          {
            "name": "platform.upper",
            "assetVersion": 8,
            "assetSerial": 526,
            "publishes": 7
          },
          {
            "name": "crane.foot",
            "assetVersion": 8,
            "assetSerial": 527,
            "publishes": 7
          },
          {
            "name": "crane.turntable",
            "assetVersion": 8,
            "assetSerial": 528,
            "publishes": 7
          },
          {
            "name": "crane.pedestal",
            "assetVersion": 8,
            "assetSerial": 529,
            "publishes": 7
          },
          {
            "name": "crane.counterweight",
            "assetVersion": 8,
            "assetSerial": 530,
            "publishes": 7
          },
          {
            "name": "crane.boom.lower",
            "assetVersion": 12,
            "assetSerial": 531,
            "publishes": 11
          },
          {
            "name": "crane.boom.upper",
            "assetVersion": 16,
            "assetSerial": 532,
            "publishes": 15
          },
          {
            "name": "crane.pin.shoulder",
            "assetVersion": 8,
            "assetSerial": 533,
            "publishes": 7
          },
          {
            "name": "crane.pin-cap.shoulder",
            "assetVersion": 8,
            "assetSerial": 534,
            "publishes": 7
          },
          {
            "name": "crane.pin.elbow",
            "assetVersion": 12,
            "assetSerial": 535,
            "publishes": 11
          },
          {
            "name": "crane.pin-cap.elbow",
            "assetVersion": 12,
            "assetSerial": 536,
            "publishes": 11
          },
          {
            "name": "crane.pin.tip",
            "assetVersion": 16,
            "assetSerial": 537,
            "publishes": 15
          },
          {
            "name": "crane.pin-cap.tip",
            "assetVersion": 16,
            "assetSerial": 538,
            "publishes": 15
          },
          {
            "name": "crane.hydraulic-mount",
            "assetVersion": 8,
            "assetSerial": 539,
            "publishes": 7
          },
          {
            "name": "crane.hydraulic.body",
            "assetVersion": 12,
            "assetSerial": 540,
            "publishes": 11
          },
          {
            "name": "crane.hydraulic.rod",
            "assetVersion": 12,
            "assetSerial": 541,
            "publishes": 11
          },
          {
            "name": "crane.hydraulic.eye.base",
            "assetVersion": 8,
            "assetSerial": 542,
            "publishes": 7
          },
          {
            "name": "crane.hydraulic.eye.boom",
            "assetVersion": 12,
            "assetSerial": 543,
            "publishes": 11
          },
          {
            "name": "crane.hoist.cable",
            "assetVersion": 20,
            "assetSerial": 544,
            "publishes": 19
          },
          {
            "name": "crane.hook",
            "assetVersion": 20,
            "assetSerial": 545,
            "publishes": 19
          },
          {
            "name": "crane.load.body",
            "assetVersion": 20,
            "assetSerial": 546,
            "publishes": 19
          },
          {
            "name": "crane.load.strap-front.0",
            "assetVersion": 20,
            "assetSerial": 547,
            "publishes": 19
          },
          {
            "name": "crane.load.strap-back.0",
            "assetVersion": 20,
            "assetSerial": 548,
            "publishes": 19
          },
          {
            "name": "crane.load.strap-top.0",
            "assetVersion": 20,
            "assetSerial": 549,
            "publishes": 19
          },
          {
            "name": "crane.load.strap-front.1",
            "assetVersion": 20,
            "assetSerial": 550,
            "publishes": 19
          },
          {
            "name": "crane.load.strap-back.1",
            "assetVersion": 20,
            "assetSerial": 551,
            "publishes": 19
          },
          {
            "name": "crane.load.strap-top.1",
            "assetVersion": 20,
            "assetSerial": 552,
            "publishes": 19
          },
          {
            "name": "crane.sling.0",
            "assetVersion": 20,
            "assetSerial": 553,
            "publishes": 19
          },
          {
            "name": "crane.sling.1",
            "assetVersion": 20,
            "assetSerial": 554,
            "publishes": 19
          },
          {
            "name": "crane.sling.2",
            "assetVersion": 20,
            "assetSerial": 555,
            "publishes": 19
          },
          {
            "name": "crane.sling.3",
            "assetVersion": 20,
            "assetSerial": 556,
            "publishes": 19
          },
          {
            "name": "wall.body.continuous",
            "assetVersion": 5,
            "assetSerial": 443,
            "publishes": 4
          },
          {
            "name": "wall.arch.00",
            "assetVersion": 5,
            "assetSerial": 444,
            "publishes": 4
          },
          {
            "name": "wall.arch.01",
            "assetVersion": 5,
            "assetSerial": 445,
            "publishes": 4
          },
          {
            "name": "wall.arch.02",
            "assetVersion": 5,
            "assetSerial": 446,
            "publishes": 4
          },
          {
            "name": "wall.arch.03",
            "assetVersion": 5,
            "assetSerial": 447,
            "publishes": 4
          },
          {
            "name": "wall.arch.04",
            "assetVersion": 5,
            "assetSerial": 448,
            "publishes": 4
          },
          {
            "name": "wall.arch.05",
            "assetVersion": 5,
            "assetSerial": 449,
            "publishes": 4
          },
          {
            "name": "wall.arch.06",
            "assetVersion": 5,
            "assetSerial": 450,
            "publishes": 4
          },
          {
            "name": "wall.arch.07",
            "assetVersion": 5,
            "assetSerial": 451,
            "publishes": 4
          },
          {
            "name": "wall.arch.08",
            "assetVersion": 5,
            "assetSerial": 452,
            "publishes": 4
          },
          {
            "name": "wall.arch.09",
            "assetVersion": 5,
            "assetSerial": 453,
            "publishes": 4
          },
          {
            "name": "wall.arch.10",
            "assetVersion": 5,
            "assetSerial": 454,
            "publishes": 4
          },
          {
            "name": "wall.arch.11",
            "assetVersion": 5,
            "assetSerial": 455,
            "publishes": 4
          },
          {
            "name": "wall.cap",
            "assetVersion": 1,
            "assetSerial": 48,
            "publishes": 0
          },
          {
            "name": "wall.lamp.backplate",
            "assetVersion": 1,
            "assetSerial": 49,
            "publishes": 0
          },
          {
            "name": "wall.lamp.diffuser",
            "assetVersion": 1,
            "assetSerial": 50,
            "publishes": 0
          },
          {
            "name": "pipe.hollow-elbow.outer",
            "assetVersion": 5,
            "assetSerial": 459,
            "publishes": 4
          },
          {
            "name": "pipe.hollow-elbow.inner",
            "assetVersion": 5,
            "assetSerial": 460,
            "publishes": 4
          },
          {
            "name": "pipe.hollow-elbow.rims",
            "assetVersion": 5,
            "assetSerial": 461,
            "publishes": 4
          },
          {
            "name": "prop.crate.body",
            "assetVersion": 1,
            "assetSerial": 54,
            "publishes": 0
          },
          {
            "name": "prop.crate.strap-front.0",
            "assetVersion": 1,
            "assetSerial": 55,
            "publishes": 0
          },
          {
            "name": "prop.crate.strap-back.0",
            "assetVersion": 1,
            "assetSerial": 56,
            "publishes": 0
          },
          {
            "name": "prop.crate.strap-top.0",
            "assetVersion": 1,
            "assetSerial": 57,
            "publishes": 0
          },
          {
            "name": "prop.crate.strap-front.1",
            "assetVersion": 1,
            "assetSerial": 58,
            "publishes": 0
          },
          {
            "name": "prop.crate.strap-back.1",
            "assetVersion": 1,
            "assetSerial": 59,
            "publishes": 0
          },
          {
            "name": "prop.crate.strap-top.1",
            "assetVersion": 1,
            "assetSerial": 60,
            "publishes": 0
          },
          {
            "name": "prop.drum.body",
            "assetVersion": 1,
            "assetSerial": 61,
            "publishes": 0
          },
          {
            "name": "prop.drum.band.0",
            "assetVersion": 1,
            "assetSerial": 62,
            "publishes": 0
          },
          {
            "name": "prop.drum.band.1",
            "assetVersion": 1,
            "assetSerial": 63,
            "publishes": 0
          },
          {
            "name": "prop.bollard",
            "assetVersion": 1,
            "assetSerial": 64,
            "publishes": 0
          },
          {
            "name": "prop.bollard.cap",
            "assetVersion": 1,
            "assetSerial": 65,
            "publishes": 0
          }
        ],
        "definitions": {
          "sceneId": "UUID allocated once inside and stored on the actual ECS world; original world reference checked at every publication.",
          "entityId": "Native ECS index:generation, obtained from serializeEntityRef; no author-assigned substitute.",
          "meshId": "Native stable MeshHandle.id used by the ECS MeshRenderer and asset registry.",
          "entityCount": "Actual world.entityVersionTrackingSize(), covering live mesh, camera and light entities.",
          "meshAssetReplacements": "Successful meshes.publish calls that replace an existing native MeshAsset object; initial assets are separate.",
          "publishedVertexArrayReplacements": "New published vertex stream typed-array objects, separate from real GPUBuffer counters.",
          "publishedIndexArrayReplacements": "New published native index typed-array objects, excluding nonindexed draws.",
          "entityCreateCalls": "Observed actual world.createEntity calls since author system init, including camera and lights.",
          "entityDestroyCalls": "Observed destroy calls on entities returned by that native world.",
          "assetSerial": "Observation number of actual native MeshAsset object creation/publication; it changes on replacement and is not a mesh identity."
        }
      }
    },
    {
      "rawBytesChecked": 220704,
      "rawBuffersChecked": 66,
      "negativeZeros": 444,
      "rawResetEquivalent": true,
      "id": "s28-c2-reset-assembly",
      "revision": 29,
      "snapshotFrame": 28,
      "meshCount": 65,
      "entityCount": 70,
      "nativeChecks": 261,
      "nativeChecksOk": true,
      "identityStable": true,
      "resetEquivalent": true,
      "snapshotDrawCount": 65,
      "resources": {
        "initialMeshAssets": 65,
        "meshAssetReplacements": 524,
        "publishedVertexArrayReplacements": 524,
        "publishedIndexArrayReplacements": 4,
        "entityCreateCalls": 70,
        "entityDestroyCalls": 0,
        "currentMeshAssets": 65,
        "changedMeshes": [
          {
            "name": "platform.lower",
            "version": 5
          },
          {
            "name": "platform.middle",
            "version": 5
          },
          {
            "name": "platform.upper",
            "version": 9
          },
          {
            "name": "crane.foot",
            "version": 9
          },
          {
            "name": "crane.turntable",
            "version": 9
          },
          {
            "name": "crane.pedestal",
            "version": 9
          },
          {
            "name": "crane.counterweight",
            "version": 9
          },
          {
            "name": "crane.boom.lower",
            "version": 13
          },
          {
            "name": "crane.boom.upper",
            "version": 17
          },
          {
            "name": "crane.pin.shoulder",
            "version": 9
          },
          {
            "name": "crane.pin-cap.shoulder",
            "version": 9
          },
          {
            "name": "crane.pin.elbow",
            "version": 13
          },
          {
            "name": "crane.pin-cap.elbow",
            "version": 13
          },
          {
            "name": "crane.pin.tip",
            "version": 17
          },
          {
            "name": "crane.pin-cap.tip",
            "version": 17
          },
          {
            "name": "crane.hydraulic-mount",
            "version": 9
          },
          {
            "name": "crane.hydraulic.body",
            "version": 13
          },
          {
            "name": "crane.hydraulic.rod",
            "version": 13
          },
          {
            "name": "crane.hydraulic.eye.base",
            "version": 9
          },
          {
            "name": "crane.hydraulic.eye.boom",
            "version": 13
          },
          {
            "name": "crane.hoist.cable",
            "version": 21
          },
          {
            "name": "crane.hook",
            "version": 21
          },
          {
            "name": "crane.load.body",
            "version": 21
          },
          {
            "name": "crane.load.strap-front.0",
            "version": 21
          },
          {
            "name": "crane.load.strap-back.0",
            "version": 21
          },
          {
            "name": "crane.load.strap-top.0",
            "version": 21
          },
          {
            "name": "crane.load.strap-front.1",
            "version": 21
          },
          {
            "name": "crane.load.strap-back.1",
            "version": 21
          },
          {
            "name": "crane.load.strap-top.1",
            "version": 21
          },
          {
            "name": "crane.sling.0",
            "version": 21
          },
          {
            "name": "crane.sling.1",
            "version": 21
          },
          {
            "name": "crane.sling.2",
            "version": 21
          },
          {
            "name": "crane.sling.3",
            "version": 21
          }
        ],
        "assetVersions": [
          {
            "name": "courtyard.slab",
            "assetVersion": 1,
            "assetSerial": 1,
            "publishes": 0
          },
          {
            "name": "platform.lower",
            "assetVersion": 5,
            "assetSerial": 557,
            "publishes": 4
          },
          {
            "name": "platform.middle",
            "assetVersion": 5,
            "assetSerial": 558,
            "publishes": 4
          },
          {
            "name": "platform.upper",
            "assetVersion": 9,
            "assetSerial": 559,
            "publishes": 8
          },
          {
            "name": "crane.foot",
            "assetVersion": 9,
            "assetSerial": 560,
            "publishes": 8
          },
          {
            "name": "crane.turntable",
            "assetVersion": 9,
            "assetSerial": 561,
            "publishes": 8
          },
          {
            "name": "crane.pedestal",
            "assetVersion": 9,
            "assetSerial": 562,
            "publishes": 8
          },
          {
            "name": "crane.counterweight",
            "assetVersion": 9,
            "assetSerial": 563,
            "publishes": 8
          },
          {
            "name": "crane.boom.lower",
            "assetVersion": 13,
            "assetSerial": 564,
            "publishes": 12
          },
          {
            "name": "crane.boom.upper",
            "assetVersion": 17,
            "assetSerial": 565,
            "publishes": 16
          },
          {
            "name": "crane.pin.shoulder",
            "assetVersion": 9,
            "assetSerial": 566,
            "publishes": 8
          },
          {
            "name": "crane.pin-cap.shoulder",
            "assetVersion": 9,
            "assetSerial": 567,
            "publishes": 8
          },
          {
            "name": "crane.pin.elbow",
            "assetVersion": 13,
            "assetSerial": 568,
            "publishes": 12
          },
          {
            "name": "crane.pin-cap.elbow",
            "assetVersion": 13,
            "assetSerial": 569,
            "publishes": 12
          },
          {
            "name": "crane.pin.tip",
            "assetVersion": 17,
            "assetSerial": 570,
            "publishes": 16
          },
          {
            "name": "crane.pin-cap.tip",
            "assetVersion": 17,
            "assetSerial": 571,
            "publishes": 16
          },
          {
            "name": "crane.hydraulic-mount",
            "assetVersion": 9,
            "assetSerial": 572,
            "publishes": 8
          },
          {
            "name": "crane.hydraulic.body",
            "assetVersion": 13,
            "assetSerial": 573,
            "publishes": 12
          },
          {
            "name": "crane.hydraulic.rod",
            "assetVersion": 13,
            "assetSerial": 574,
            "publishes": 12
          },
          {
            "name": "crane.hydraulic.eye.base",
            "assetVersion": 9,
            "assetSerial": 575,
            "publishes": 8
          },
          {
            "name": "crane.hydraulic.eye.boom",
            "assetVersion": 13,
            "assetSerial": 576,
            "publishes": 12
          },
          {
            "name": "crane.hoist.cable",
            "assetVersion": 21,
            "assetSerial": 577,
            "publishes": 20
          },
          {
            "name": "crane.hook",
            "assetVersion": 21,
            "assetSerial": 578,
            "publishes": 20
          },
          {
            "name": "crane.load.body",
            "assetVersion": 21,
            "assetSerial": 579,
            "publishes": 20
          },
          {
            "name": "crane.load.strap-front.0",
            "assetVersion": 21,
            "assetSerial": 580,
            "publishes": 20
          },
          {
            "name": "crane.load.strap-back.0",
            "assetVersion": 21,
            "assetSerial": 581,
            "publishes": 20
          },
          {
            "name": "crane.load.strap-top.0",
            "assetVersion": 21,
            "assetSerial": 582,
            "publishes": 20
          },
          {
            "name": "crane.load.strap-front.1",
            "assetVersion": 21,
            "assetSerial": 583,
            "publishes": 20
          },
          {
            "name": "crane.load.strap-back.1",
            "assetVersion": 21,
            "assetSerial": 584,
            "publishes": 20
          },
          {
            "name": "crane.load.strap-top.1",
            "assetVersion": 21,
            "assetSerial": 585,
            "publishes": 20
          },
          {
            "name": "crane.sling.0",
            "assetVersion": 21,
            "assetSerial": 586,
            "publishes": 20
          },
          {
            "name": "crane.sling.1",
            "assetVersion": 21,
            "assetSerial": 587,
            "publishes": 20
          },
          {
            "name": "crane.sling.2",
            "assetVersion": 21,
            "assetSerial": 588,
            "publishes": 20
          },
          {
            "name": "crane.sling.3",
            "assetVersion": 21,
            "assetSerial": 589,
            "publishes": 20
          },
          {
            "name": "wall.body.continuous",
            "assetVersion": 5,
            "assetSerial": 443,
            "publishes": 4
          },
          {
            "name": "wall.arch.00",
            "assetVersion": 5,
            "assetSerial": 444,
            "publishes": 4
          },
          {
            "name": "wall.arch.01",
            "assetVersion": 5,
            "assetSerial": 445,
            "publishes": 4
          },
          {
            "name": "wall.arch.02",
            "assetVersion": 5,
            "assetSerial": 446,
            "publishes": 4
          },
          {
            "name": "wall.arch.03",
            "assetVersion": 5,
            "assetSerial": 447,
            "publishes": 4
          },
          {
            "name": "wall.arch.04",
            "assetVersion": 5,
            "assetSerial": 448,
            "publishes": 4
          },
          {
            "name": "wall.arch.05",
            "assetVersion": 5,
            "assetSerial": 449,
            "publishes": 4
          },
          {
            "name": "wall.arch.06",
            "assetVersion": 5,
            "assetSerial": 450,
            "publishes": 4
          },
          {
            "name": "wall.arch.07",
            "assetVersion": 5,
            "assetSerial": 451,
            "publishes": 4
          },
          {
            "name": "wall.arch.08",
            "assetVersion": 5,
            "assetSerial": 452,
            "publishes": 4
          },
          {
            "name": "wall.arch.09",
            "assetVersion": 5,
            "assetSerial": 453,
            "publishes": 4
          },
          {
            "name": "wall.arch.10",
            "assetVersion": 5,
            "assetSerial": 454,
            "publishes": 4
          },
          {
            "name": "wall.arch.11",
            "assetVersion": 5,
            "assetSerial": 455,
            "publishes": 4
          },
          {
            "name": "wall.cap",
            "assetVersion": 1,
            "assetSerial": 48,
            "publishes": 0
          },
          {
            "name": "wall.lamp.backplate",
            "assetVersion": 1,
            "assetSerial": 49,
            "publishes": 0
          },
          {
            "name": "wall.lamp.diffuser",
            "assetVersion": 1,
            "assetSerial": 50,
            "publishes": 0
          },
          {
            "name": "pipe.hollow-elbow.outer",
            "assetVersion": 5,
            "assetSerial": 459,
            "publishes": 4
          },
          {
            "name": "pipe.hollow-elbow.inner",
            "assetVersion": 5,
            "assetSerial": 460,
            "publishes": 4
          },
          {
            "name": "pipe.hollow-elbow.rims",
            "assetVersion": 5,
            "assetSerial": 461,
            "publishes": 4
          },
          {
            "name": "prop.crate.body",
            "assetVersion": 1,
            "assetSerial": 54,
            "publishes": 0
          },
          {
            "name": "prop.crate.strap-front.0",
            "assetVersion": 1,
            "assetSerial": 55,
            "publishes": 0
          },
          {
            "name": "prop.crate.strap-back.0",
            "assetVersion": 1,
            "assetSerial": 56,
            "publishes": 0
          },
          {
            "name": "prop.crate.strap-top.0",
            "assetVersion": 1,
            "assetSerial": 57,
            "publishes": 0
          },
          {
            "name": "prop.crate.strap-front.1",
            "assetVersion": 1,
            "assetSerial": 58,
            "publishes": 0
          },
          {
            "name": "prop.crate.strap-back.1",
            "assetVersion": 1,
            "assetSerial": 59,
            "publishes": 0
          },
          {
            "name": "prop.crate.strap-top.1",
            "assetVersion": 1,
            "assetSerial": 60,
            "publishes": 0
          },
          {
            "name": "prop.drum.body",
            "assetVersion": 1,
            "assetSerial": 61,
            "publishes": 0
          },
          {
            "name": "prop.drum.band.0",
            "assetVersion": 1,
            "assetSerial": 62,
            "publishes": 0
          },
          {
            "name": "prop.drum.band.1",
            "assetVersion": 1,
            "assetSerial": 63,
            "publishes": 0
          },
          {
            "name": "prop.bollard",
            "assetVersion": 1,
            "assetSerial": 64,
            "publishes": 0
          },
          {
            "name": "prop.bollard.cap",
            "assetVersion": 1,
            "assetSerial": 65,
            "publishes": 0
          }
        ],
        "definitions": {
          "sceneId": "UUID allocated once inside and stored on the actual ECS world; original world reference checked at every publication.",
          "entityId": "Native ECS index:generation, obtained from serializeEntityRef; no author-assigned substitute.",
          "meshId": "Native stable MeshHandle.id used by the ECS MeshRenderer and asset registry.",
          "entityCount": "Actual world.entityVersionTrackingSize(), covering live mesh, camera and light entities.",
          "meshAssetReplacements": "Successful meshes.publish calls that replace an existing native MeshAsset object; initial assets are separate.",
          "publishedVertexArrayReplacements": "New published vertex stream typed-array objects, separate from real GPUBuffer counters.",
          "publishedIndexArrayReplacements": "New published native index typed-array objects, excluding nonindexed draws.",
          "entityCreateCalls": "Observed actual world.createEntity calls since author system init, including camera and lights.",
          "entityDestroyCalls": "Observed destroy calls on entities returned by that native world.",
          "assetSerial": "Observation number of actual native MeshAsset object creation/publication; it changes on replacement and is not a mesh identity."
        }
      }
    }
  ],
  "checks": [
    {
      "name": "all-29-states",
      "ok": true
    },
    {
      "name": "byte-identical-frozen-constructor",
      "ok": true
    }
  ],
  "cleanup": {
    "disposed": true
  },
  "ok": true
}
